book_id,title,authors,language_code,primary_genre,average_rating,ratings_count,item_idx
1,"The Hunger Games (The Hunger Games, #1)",Suzanne Collins,eng,ENG,4.34,4780653,0
2,"Harry Potter and the Sorcerer's Stone (Harry Potter, #1)","J.K. Rowling, Mary GrandPré",eng,ENG,4.44,4602479,1
3,"Twilight (Twilight, #1)",Stephenie Meyer,en-US,EN-US,3.57,3866839,2
4,To Kill a Mockingbird,Harper Lee,eng,ENG,4.25,3198671,3
5,The Great Gatsby,F. Scott Fitzgerald,eng,ENG,3.89,2683664,4
6,The Fault in Our Stars,John Green,eng,ENG,4.26,2346404,5
7,The Hobbit,J.R.R. Tolkien,en-US,EN-US,4.25,2071616,6
8,The Catcher in the Rye,J.D. Salinger,eng,ENG,3.79,2044241,7
9,"Angels & Demons  (Robert Langdon, #1)",Dan Brown,en-CA,EN-CA,3.85,2001311,8
10,Pride and Prejudice,Jane Austen,eng,ENG,4.24,2035490,9
11,The Kite Runner,Khaled Hosseini,eng,ENG,4.26,1813044,10
12,"Divergent (Divergent, #1)",Veronica Roth,eng,ENG,4.24,1903563,11
13,1984,"George Orwell, Erich Fromm, Celâl Üster",eng,ENG,4.14,1956832,12
14,Animal Farm,George Orwell,eng,ENG,3.87,1881700,13
15,The Diary of a Young Girl,"Anne Frank, Eleanor Roosevelt, B.M. Mooyaart-Doubleday",eng,ENG,4.1,1972666,14
16,"The Girl with the Dragon Tattoo (Millennium, #1)","Stieg Larsson, Reg Keeland",eng,ENG,4.11,1808403,15
17,"Catching Fire (The Hunger Games, #2)",Suzanne Collins,eng,ENG,4.3,1831039,16
18,"Harry Potter and the Prisoner of Azkaban (Harry Potter, #3)","J.K. Rowling, Mary GrandPré, Rufus Beck",eng,ENG,4.53,1832823,17
19,"The Fellowship of the Ring (The Lord of the Rings, #1)",J.R.R. Tolkien,eng,ENG,4.34,1766803,18
20,"Mockingjay (The Hunger Games, #3)",Suzanne Collins,eng,ENG,4.03,1719760,19
21,"Harry Potter and the Order of the Phoenix (Harry Potter, #5)","J.K. Rowling, Mary GrandPré",eng,ENG,4.46,1735368,20
22,The Lovely Bones,Alice Sebold,eng,ENG,3.77,1605173,21
23,"Harry Potter and the Chamber of Secrets (Harry Potter, #2)","J.K. Rowling, Mary GrandPré",eng,ENG,4.37,1779331,22
24,"Harry Potter and the Goblet of Fire (Harry Potter, #4)","J.K. Rowling, Mary GrandPré",eng,ENG,4.53,1753043,23
25,"Harry Potter and the Deathly Hallows (Harry Potter, #7)","J.K. Rowling, Mary GrandPré",eng,ENG,4.61,1746574,24
26,"The Da Vinci Code (Robert Langdon, #2)",Dan Brown,eng,ENG,3.79,1447148,25
27,"Harry Potter and the Half-Blood Prince (Harry Potter, #6)","J.K. Rowling, Mary GrandPré",eng,ENG,4.54,1678823,26
28,Lord of the Flies,William Golding,eng,ENG,3.64,1605019,27
29,Romeo and Juliet,"William Shakespeare, Robert           Jackson",eng,ENG,3.73,1628519,28
30,Gone Girl,Gillian Flynn,eng,ENG,4.03,512475,29
31,The Help,Kathryn Stockett,eng,ENG,4.45,1531753,30
32,Of Mice and Men,John Steinbeck,eng,ENG,3.84,1467496,31
33,Memoirs of a Geisha,Arthur Golden,eng,ENG,4.08,1300209,32
34,"Fifty Shades of Grey (Fifty Shades, #1)",E.L. James,eng,ENG,3.67,1338493,33
35,The Alchemist,"Paulo Coelho, Alan R. Clarke",eng,ENG,3.82,1299566,34
36,"The Giver (The Giver, #1)",Lois Lowry,eng,ENG,4.12,1296825,35
37,"The Lion, the Witch, and the Wardrobe (Chronicles of Narnia, #1)",C.S. Lewis,eng,ENG,4.19,1531800,36
38,The Time Traveler's Wife,Audrey Niffenegger,eng,ENG,3.95,746287,37
39,"A Game of Thrones (A Song of Ice and Fire, #1)",George R.R. Martin,eng,ENG,4.45,1319204,38
40,"Eat, Pray, Love",Elizabeth Gilbert,eng,ENG,3.51,1181647,39
41,"The Lightning Thief (Percy Jackson and the Olympians, #1)",Rick Riordan,eng,ENG,4.23,1366265,40
42,"Little Women (Little Women, #1)",Louisa May Alcott,en-US,EN-US,4.04,1257121,41
43,Jane Eyre,"Charlotte Brontë, Michael Mason",eng,ENG,4.1,1198557,42
44,"The Notebook (The Notebook, #1)",Nicholas Sparks,eng,ENG,4.06,1053403,43
45,Life of Pi,Yann Martel,unknown,UNKNOWN,3.88,1003228,44
46,Water for Elephants,Sara Gruen,eng,ENG,4.07,1068146,45
47,The Book Thief,Markus Zusak,eng,ENG,4.36,1159741,46
48,Fahrenheit 451,Ray Bradbury,spa,SPA,3.97,570498,47
49,"New Moon (Twilight, #2)",Stephenie Meyer,eng,ENG,3.52,1149630,48
50,Where the Sidewalk Ends,Shel Silverstein,eng,ENG,4.29,1016888,49
51,"City of Bones (The Mortal Instruments, #1)",Cassandra Clare,eng,ENG,4.12,1154031,50
52,"Eclipse (Twilight, #3)",Stephenie Meyer,en-US,EN-US,3.69,1134511,51
53,"Eragon (The Inheritance Cycle, #1)",Christopher Paolini,en-US,EN-US,3.86,1104021,52
54,"The Hitchhiker's Guide to the Galaxy (Hitchhiker's Guide to the Galaxy, #1)",Douglas Adams,en-US,EN-US,4.2,936782,53
55,Brave New World,Aldous Huxley,eng,ENG,3.97,1022601,54
56,"Breaking Dawn (Twilight, #4)",Stephenie Meyer,en-US,EN-US,3.7,1070245,55
57,The Secret Life of Bees,Sue Monk Kidd,en-US,EN-US,4.01,916189,56
58,The Adventures of Huckleberry Finn,"Mark Twain, John Seelye, Guy Cardwell",eng,ENG,3.8,953758,57
59,Charlotte's Web,"E.B. White, Garth Williams, Rosemary Wells",eng,ENG,4.15,1064521,58
60,The Curious Incident of the Dog in the Night-Time,Mark Haddon,eng,ENG,3.85,867553,59
61,The Girl on the Train,Paula Hawkins,eng,ENG,3.88,1008778,60
62,"The Golden Compass (His Dark Materials, #1)",Philip Pullman,eng,ENG,3.94,953970,61
63,Wuthering Heights,"Emily Brontë, Richard J. Dunn",eng,ENG,3.82,899195,62
64,My Sister's Keeper,Jodi Picoult,eng,ENG,4.06,863879,63
65,Slaughterhouse-Five,Kurt Vonnegut Jr.,eng,ENG,4.06,846488,64
66,Gone with the Wind,Margaret Mitchell,eng,ENG,4.28,873981,65
67,A Thousand Splendid Suns,Khaled Hosseini,eng,ENG,4.34,818742,66
68,The Perks of Being a Wallflower,Stephen Chbosky,eng,ENG,4.21,888806,67
69,"Insurgent (Divergent, #2)",Veronica Roth,eng,ENG,4.07,836362,68
70,"Ender's Game (Ender's Saga, #1)",Orson Scott Card,eng,ENG,4.3,813439,69
71,Frankenstein,"Mary Wollstonecraft Shelley, Percy Bysshe Shelley, Maurice Hindle",eng,ENG,3.75,808589,70
72,The Shining (The Shining #1),Stephen King,eng,ENG,4.17,791850,71
73,"The Host (The Host, #1)",Stephenie Meyer,en-US,EN-US,3.84,749780,72
74,Looking for Alaska,John Green,eng,ENG,4.09,783470,73
75,"Bridget Jones's Diary (Bridget Jones, #1)",Helen Fielding,eng,ENG,3.75,736498,74
76,Sense and Sensibility,"Jane Austen, Tony Tanner, Ros Ballaster",eng,ENG,4.06,738894,75
77,"Holes (Holes, #1)","Louis Sachar, Louis Sachar",eng,ENG,3.93,747445,76
78,"The Devil Wears Prada (The Devil Wears Prada, #1)",Lauren Weisberger,eng,ENG,3.7,665930,77
79,The Odyssey,"Homer, Robert Fagles, E.V. Rieu, Frédéric Mugler, Bernard Knox",eng,ENG,3.73,670326,78
80,The Little Prince,"Antoine de Saint-Exupéry, Richard Howard, Dom Marcos Barbosa, Melina Karakosta",eng,ENG,4.28,738757,79
81,The Glass Castle,Jeannette Walls,eng,ENG,4.24,621099,80
82,Into the Wild,Jon Krakauer,eng,ENG,3.94,647684,81
83,A Tale of Two Cities,"Charles Dickens, Richard Maxwell, Hablot Knight Browne",eng,ENG,3.81,637412,82
84,"Jurassic Park (Jurassic Park, #1)",Michael Crichton,spa,SPA,3.96,447833,83
85,The Giving Tree,Shel Silverstein,eng,ENG,4.38,702332,84
86,A Time to Kill,John Grisham,eng,ENG,4.03,597775,85
87,Night (The Night Trilogy #1),"Elie Wiesel, Marion Wiesel",eng,ENG,4.3,691231,86
88,Paper Towns,John Green,en-US,EN-US,3.88,461311,87
89,The Princess Bride ,William Goldman,en-US,EN-US,4.25,628637,88
90,The Outsiders,S.E. Hinton,en-US,EN-US,4.06,659248,89
91,"The Maze Runner (Maze Runner, #1)",James Dashner,eng,ENG,4.02,719925,90
92,"Freakonomics: A Rogue Economist Explores the Hidden Side of Everything (Freakonomics, #1)","Steven D. Levitt, Stephen J. Dubner",en-US,EN-US,3.93,524191,91
93,The Secret Garden,Frances Hodgson Burnett,eng,ENG,4.12,639357,92
94,One Hundred Years of Solitude,"Gabriel García Márquez, Gregory Rabassa",eng,ENG,4.04,490565,93
95,The Picture of Dorian Gray,"Oscar Wilde, Jeffrey Eugenides",eng,ENG,4.06,590014,94
96,"Fifty Shades Freed (Fifty Shades, #3)",E.L. James,eng,ENG,3.88,387290,95
97,Dracula,"Bram Stoker, Nina Auerbach, David J. Skal",eng,ENG,3.98,618973,96
98,"The Girl Who Played with Fire (Millennium, #2)","Stieg Larsson, Reg Keeland",eng,ENG,4.22,563994,97
99,"Fifty Shades Darker (Fifty Shades, #2)",E.L. James,eng,ENG,3.87,552059,98
100,The Poisonwood Bible,Barbara Kingsolver,eng,ENG,4.02,546502,99
101,Me Talk Pretty One Day,David Sedaris,eng,ENG,3.97,495736,100
102,Where the Wild Things Are,Maurice Sendak,eng,ENG,4.22,620618,101
103,The Count of Monte Cristo,"Alexandre Dumas, Robin Buss",eng,ENG,4.21,555822,102
104,The Road,Cormac McCarthy,eng,ENG,3.95,504793,103
105,"Allegiant (Divergent, #3)",Veronica Roth,eng,ENG,3.63,463257,104
106,Bossypants,Tina Fey,eng,ENG,3.94,506250,105
107,A Walk to Remember,Nicholas Sparks,en-US,EN-US,4.15,546948,106
108,"Confessions of a Shopaholic (Shopaholic, #1)",Sophie Kinsella,eng,ENG,3.61,543658,107
109,Les Misérables,"Victor Hugo, Lee Fahnestock, Norman MacAfee",eng,ENG,4.14,513407,108
110,"A Clash of Kings  (A Song of Ice and Fire, #2)",George R.R. Martin,eng,ENG,4.4,523303,109
111,The Memory Keeper's Daughter,Kim Edwards,eng,ENG,3.64,501430,110
112,"Me Before You (Me Before You, #1)",Jojo Moyes,eng,ENG,4.27,587647,111
113,Catch-22,Joseph Heller,en-US,EN-US,3.98,563265,112
114,Tuesdays with Morrie,"Mitch Albom, Saulius Dagys",eng,ENG,4.06,556518,113
115,Middlesex,Jeffrey Eugenides,en-US,EN-US,3.98,488243,114
116,The Adventures of Tom Sawyer,"Mark Twain, Guy Cardwell, John Seelye",eng,ENG,3.89,555359,115
117,"A Wrinkle in Time (A Wrinkle in Time Quintet, #1)",Madeleine L'Engle,en-US,EN-US,4.04,615907,116
118,The Joy Luck Club,Amy Tan,eng,ENG,3.9,515090,117
119,The Handmaid's Tale,Margaret Atwood,eng,ENG,4.06,607889,118
120,"The Sisterhood of the Traveling Pants (Sisterhood, #1)",Ann Brashares,eng,ENG,3.75,525706,119
121,Lolita,"Vladimir Nabokov, Craig Raine",eng,ENG,3.88,469836,120
122,"Wicked: The Life and Times of the Wicked Witch of the West (The Wicked Years, #1)","Gregory Maguire, Douglas Smith",eng,ENG,3.52,506900,121
123,"The Firm (Penguin Readers, Level 5)",John Grisham,eng,ENG,3.99,488269,122
124,Room,Emma Donoghue,eng,ENG,4.03,511360,123
125,Hamlet,"William Shakespeare, Richard Andrews, Rex Gibson",eng,ENG,4.0,515820,124
126,Dune (Dune Chronicles #1),Frank Herbert,eng,ENG,4.19,485032,125
127,The Tipping Point: How Little Things Can Make a Big Difference,Malcolm Gladwell,eng,ENG,3.92,490504,126
128,Steve Jobs,Walter Isaacson,eng,ENG,4.09,560715,127
129,One Flew Over the Cuckoo's Nest,Ken Kesey,eng,ENG,4.18,491642,128
130,The Old Man and the Sea,Ernest Hemingway,eng,ENG,3.73,520630,129
131,The Grapes of Wrath,John Steinbeck,eng,ENG,3.92,322321,130
132,The Five People You Meet in Heaven,Mitch Albom,unknown,UNKNOWN,3.9,449501,131
133,"Anne of Green Gables (Anne of Green Gables, #1)",L.M. Montgomery,eng,ENG,4.23,502247,132
134,"City of Glass (The Mortal Instruments, #3)",Cassandra Clare,en-US,EN-US,4.34,593173,133
135,"A Storm of Swords (A Song of Ice and Fire, #3)",George R.R. Martin,eng,ENG,4.54,469022,134
136,Divine Secrets of the Ya-Ya Sisterhood,Rebecca Wells,en-US,EN-US,3.79,465676,135
137,"Outlander (Outlander, #1)",Diana Gabaldon,eng,ENG,4.2,515547,136
138,The Scarlet Letter,"Nathaniel Hawthorne, Thomas E. Connolly, Nina Baym",eng,ENG,3.37,509883,137
139,"Miss Peregrine’s Home for Peculiar Children (Miss Peregrine’s Peculiar Children, #1)",Ransom Riggs,en-US,EN-US,3.89,613674,138
140,"The Girl Who Kicked the Hornet's Nest (Millennium, #3)","Stieg Larsson, Reg Keeland",en-US,EN-US,4.2,443951,139
141,The Martian,Andy Weir,eng,ENG,4.39,423344,140
142,"The Pillars of the Earth (The Kingsbridge Series, #1)",Ken Follett,eng,ENG,4.29,462517,141
143,All the Light We Cannot See,Anthony Doerr,eng,ENG,4.31,470001,142
144,"Unbroken: A World War II Story of Survival, Resilience, and Redemption",Laura Hillenbrand,eng,ENG,4.4,487775,143
145,Deception Point,Dan Brown,eng,ENG,3.67,455610,144
146,The Goldfinch,Donna Tartt,eng,ENG,3.87,396756,145
147,Thirteen Reasons Why,Jay Asher,eng,ENG,4.02,463783,146
148,Girl with a Pearl Earring,Tracy Chevalier,eng,ENG,3.85,467577,147
149,"If I Stay (If I Stay, #1)",Gayle Forman,en-US,EN-US,3.96,503527,148
150,The Red Tent,Anita Diamant,en-US,EN-US,4.16,424981,149
151,"The Sea of Monsters (Percy Jackson and the Olympians, #2)",Rick Riordan,eng,ENG,4.23,514932,150
152,Dear John,Nicholas Sparks,en-US,EN-US,4.01,441062,151
153,"City of Ashes (The Mortal Instruments, #2)",Cassandra Clare,eng,ENG,4.21,541117,152
154,Macbeth,William Shakespeare,eng,ENG,3.88,496018,153
155,"The Two Towers (The Lord of the Rings, #2)",J.R.R. Tolkien,en-US,EN-US,4.42,480446,154
156,"Something Borrowed (Darcy & Rachel, #1)",Emily Giffin,eng,ENG,3.83,403601,155
157,Green Eggs and Ham,"Dr. Seuss, לאה נאור",en-US,EN-US,4.29,457475,156
158,"Charlie and the Chocolate Factory (Charlie Bucket, #1)","Roald Dahl, Quentin Blake",eng,ENG,4.1,453959,157
159,"The Battle of the Labyrinth (Percy Jackson and the Olympians, #4)",Rick Riordan,eng,ENG,4.39,508214,158
160,Great Expectations,Charles Dickens,eng,ENG,3.75,459247,159
161,"The Return of the King (The Lord of the Rings, #3)",J.R.R. Tolkien,en-US,EN-US,4.51,463959,160
162,The Stranger,"Albert Camus, Matthew    Ward",eng,ENG,3.96,420600,161
163,"The Lost Hero (The Heroes of Olympus, #1)",Rick Riordan,eng,ENG,4.35,271576,162
164,Eleanor & Park,Rainbow Rowell,eng,ENG,4.11,514312,163
165,"A Feast for Crows (A Song of Ice and Fire, #4)",George R.R. Martin,en-US,EN-US,4.1,428186,164
166,"Matched (Matched, #1)",Ally Condie,eng,ENG,3.68,511815,165
167,"American Gods (American Gods, #1)",Neil Gaiman,eng,ENG,4.11,378019,166
168,The Stand,"Stephen King, Bernie Wrightson",en-US,EN-US,4.34,438832,167
169,The Last Song,Nicholas Sparks,en-GB,EN-GB,4.14,424637,168
170,Digital Fortress,Dan Brown,en-GB,EN-GB,3.6,423019,169
171,Emma,"Jane Austen, Fiona Stafford",eng,ENG,3.99,459826,170
172,Anna Karenina,"Leo Tolstoy, Louise Maude, Leo Tolstoj, Aylmer Maude",eng,ENG,4.02,297472,171
173,A Clockwork Orange,Anthony Burgess,eng,ENG,3.98,431195,172
174,The Shack,William Paul Young,eng,ENG,3.74,419539,173
175,"The Last Olympian (Percy Jackson and the Olympians, #5)",Rick Riordan,eng,ENG,4.5,397500,174
176,It,Stephen King,en-US,EN-US,4.18,292592,175
177,Crime and Punishment,"Fyodor Dostoyevsky, David McDuff",eng,ENG,4.18,380903,176
178,The Bell Jar,Sylvia Plath,en-US,EN-US,3.98,401605,177
179,"Angela's Ashes (Frank McCourt, #1)",Frank McCourt,eng,ENG,4.07,392103,178
180,Siddhartha,"Hermann Hesse, Hilda Rosner",eng,ENG,3.99,372099,179
181,In Cold Blood,Truman Capote,eng,ENG,4.05,381652,180
182,"Beautiful Creatures (Caster Chronicles, #1)","Kami Garcia, Margaret Stohl",eng,ENG,3.76,436093,181
183,"Clockwork Angel (The Infernal Devices, #1)",Cassandra Clare,eng,ENG,4.33,490890,182
184,Matilda,"Roald Dahl, Quentin Blake",eng,ENG,4.29,440743,183
185,The Night Circus,Erin Morgenstern,eng,ENG,4.03,429543,184
186,"The Other Boleyn Girl (The Plantagenet and Tudor Novels, #9)",Philippa Gregory,eng,ENG,4.04,381080,185
187,"Uglies (Uglies, #1)",Scott Westerfeld,eng,ENG,3.86,449073,186
188,"A Dance with Dragons (A Song of Ice and Fire, #5)",George R.R. Martin,eng,ENG,4.31,365954,187
189,"The Lord of the Rings (The Lord of the Rings, #1-3)",J.R.R. Tolkien,eng,ENG,4.47,389054,188
190,Wild: From Lost to Found on the Pacific Crest Trail,Cheryl Strayed,eng,ENG,3.96,379872,189
191,Watchmen,"Alan Moore, Dave Gibbons, John Higgins",en-US,EN-US,4.35,398018,190
192,"The Name of the Wind (The Kingkiller Chronicle, #1)",Patrick Rothfuss,eng,ENG,4.55,400101,191
193,Outliers: The Story of Success,Malcolm Gladwell,en-US,EN-US,4.11,353011,192
194,"Moby-Dick or, The Whale","Herman Melville, Andrew Delbanco, Tom Quirk",eng,ENG,3.46,358050,193
195,The Guernsey Literary and Potato Peel Pie Society,"Mary Ann Shaffer, Annie Barrows",eng,ENG,4.12,393626,194
196,Fight Club,Chuck Palahniuk,eng,ENG,4.2,365349,195
197,"Dead Until Dark (Sookie Stackhouse, #1)",Charlaine Harris,en-US,EN-US,3.96,420764,196
198,The Color Purple,Alice Walker,eng,ENG,4.17,376766,197
199,Marley and Me: Life and Love With the World's Worst Dog,John Grogan,eng,ENG,4.12,367304,198
200,And Then There Were None,Agatha Christie,eng,ENG,4.23,408983,199
201,"The Lost Symbol (Robert Langdon, #3)",Dan Brown,eng,ENG,3.66,369428,200
202,"Hush, Hush (Hush, Hush, #1)",Becca Fitzpatrick,en-US,EN-US,4.0,448166,201
203,"Beautiful Disaster (Beautiful, #1)",Jamie McGuire,eng,ENG,4.15,418309,202
204,A Christmas Carol,Charles Dickens,unknown,UNKNOWN,4.02,394540,203
205,"Interview with the Vampire (The Vampire Chronicles, #1)",Anne Rice,eng,ENG,3.97,372566,204
206,"The Selection (The Selection, #1)",Kiera Cass,en-US,EN-US,4.15,505340,205
207,"One for the Money (Stephanie Plum, #1)",Janet Evanovich,en-US,EN-US,4.03,391007,206
208,The Immortal Life of Henrietta Lacks,Rebecca Skloot,eng,ENG,4.04,377249,207
209,"The Silence of the Lambs  (Hannibal Lecter, #2)",Thomas Harris,eng,ENG,4.14,351107,208
210,"Vampire Academy (Vampire Academy, #1)",Richelle Mead,en-US,EN-US,4.14,248283,209
211,Blink: The Power of Thinking Without Thinking,Malcolm Gladwell,en-US,EN-US,3.89,348196,210
212,Atonement,Ian McEwan,eng,ENG,3.88,347006,211
213,The Metamorphosis,"Franz Kafka, Stanley Corngold",eng,ENG,3.78,364933,212
214,"The Titan's Curse (Percy Jackson and the Olympians, #3)",Rick Riordan,eng,ENG,4.33,446668,213
215,Ready Player One,Ernest Cline,eng,ENG,4.31,349423,214
216,The Art of Racing in the Rain,Garth Stein,eng,ENG,4.19,327409,215
217,"The Devil in the White City: Murder, Magic, and Madness at the Fair That Changed America","Erik Larson, Tony Goldwyn",eng,ENG,3.98,309385,216
218,"Bared to You (Crossfire, #1)",Sylvia Day,eng,ENG,4.19,222678,217
219,"The Chronicles of Narnia (Chronicles of Narnia, #1-7)","C.S. Lewis, Pauline Baynes",eng,ENG,4.24,376385,218
220,Twilight: The Complete Illustrated Movie Companion,Mark Cotta Vaz,en-US,EN-US,4.23,291411,219
221,"A Child Called ""It"" (Dave Pelzer #1)",Dave Pelzer,eng,ENG,4.08,311543,220
222,"The Bourne Identity (Jason Bourne, #1)",Robert Ludlum,eng,ENG,3.98,327122,221
223,"Artemis Fowl (Artemis Fowl, #1)",Eoin Colfer,eng,ENG,3.82,386923,222
224,"Fallen (Fallen, #1)",Lauren Kate,en-US,EN-US,3.74,395296,223
225,East of Eden,John Steinbeck,eng,ENG,4.35,320919,224
226,Dark Places,Gillian Flynn,eng,ENG,3.92,333452,225
227,The Client,John Grisham,eng,ENG,3.97,320083,226
228,"The Nanny Diaries (Nanny, #1)","Emma McLaughlin, Nicola Kraus",eng,ENG,3.4,323762,227
229,Alice's Adventures in Wonderland & Through the Looking-Glass,"Lewis Carroll, John Tenniel, Martin Gardner",eng,ENG,4.06,340920,228
230,Persuasion,"Jane Austen, James Kinsley, Deidre Shauna Lynch",eng,ENG,4.13,365425,229
231,Sarah's Key,Tatiana de Rosnay,eng,ENG,4.14,312444,230
232,"The Gunslinger (The Dark Tower, #1)",Stephen King,en-US,EN-US,3.99,332494,231
233,Love in the Time of Cholera,"Gabriel García Márquez, Edith Grossman",eng,ENG,3.89,283806,232
234,Speak,Laurie Halse Anderson,eng,ENG,4.0,360156,233
235,The Husband's Secret,Liane Moriarty,eng,ENG,3.92,232106,234
236,Into Thin Air: A Personal Account of the Mount Everest Disaster,Jon Krakauer,en-US,EN-US,4.11,291258,235
237,Carrie,Stephen King,unknown,UNKNOWN,3.93,356814,236
238,Running with Scissors,Augusten Burroughs,en-US,EN-US,3.7,293878,237
239,World War Z: An Oral History of the Zombie War,Max Brooks,en-US,EN-US,4.01,312969,238
240,"Inferno (Robert Langdon, #4)",Dan Brown,eng,ENG,3.8,287533,239
241,Number the Stars,Lois Lowry,eng,ENG,4.11,333638,240
242,"Along Came a Spider (Alex Cross, #1)",James Patterson,eng,ENG,4.08,311499,241
243,Misery,Stephen King,en-GB,EN-GB,4.11,334647,242
244,Sharp Objects,Gillian Flynn,en-US,EN-US,3.92,207889,243
245,Bridge to Terabithia,Katherine Paterson,eng,ENG,3.98,337644,244
246,"Marked (House of Night, #1)","P.C. Cast, Kristin Cast",en-US,EN-US,3.79,360044,245
247,The 7 Habits of Highly Effective People: Powerful Lessons in Personal Change,Stephen R. Covey,en-US,EN-US,4.05,314700,246
248,A Midsummer Night's Dream,"William Shakespeare, Barbara A. Mowat, Paul Werstine, Catherine Belsey",eng,ENG,3.94,334241,247
249,Extremely Loud and Incredibly Close,Jonathan Safran Foer,en-US,EN-US,3.97,294726,248
250,Wonder,R.J. Palacio,eng,ENG,4.43,228538,249
251,The Cat in the Hat,Dr. Seuss,eng,ENG,4.15,314016,250
252,"Cinder (The Lunar Chronicles, #1)",Marissa Meyer,eng,ENG,4.15,427663,251
253,"The Cuckoo's Calling (Cormoran Strike, #1)","Robert Galbraith, J.K. Rowling",en-US,EN-US,3.83,297712,252
254,"Shiver (The Wolves of Mercy Falls, #1)",Maggie Stiefvater,eng,ENG,3.78,356625,253
255,Atlas Shrugged,"Ayn Rand, Leonard Peikoff",eng,ENG,3.68,283295,254
256,Three Cups of Tea: One Man's Mission to Promote Peace ... One School at a Time,"Greg Mortenson, David Oliver Relin",en-US,EN-US,3.64,283516,255
257,Alice in Wonderland,"Jane Carruth, Lewis Carroll, Rene Cloke",eng,ENG,4.03,343252,256
258,"The Shadow of the Wind (The Cemetery of Forgotten Books,  #1)","Carlos Ruiz Zafón, Lucia Graves",eng,ENG,4.24,263685,257
259,"The Scorch Trials (Maze Runner, #2)",James Dashner,eng,ENG,3.93,305643,258
260,How to Win Friends and Influence People,Dale Carnegie,eng,ENG,4.13,282623,259
261,Under the Tuscan Sun,Frances Mayes,eng,ENG,3.72,279264,260
262,Big Little Lies,Liane Moriarty,eng,ENG,4.2,306186,261
263,Ella Enchanted,Gail Carson Levine,eng,ENG,3.97,339117,262
264,The Sun Also Rises,Ernest Hemingway,en-US,EN-US,3.83,284988,263
265,A Tree Grows in Brooklyn,Betty  Smith,eng,ENG,4.24,291909,264
266,"Kiss the Girls (Alex Cross, #2)",James Patterson,eng,ENG,3.93,274639,265
267,The Nightingale,Kristin Hannah,eng,ENG,4.54,253606,266
268,Never Let Me Go,Kazuo Ishiguro,eng,ENG,3.8,294123,267
269,P.S. I Love You,Cecelia Ahern,en-US,EN-US,4.01,262921,268
270,Rebecca,"Daphne du Maurier, Sally Beauman",en-US,EN-US,4.2,177384,269
271,Flowers for Algernon,Daniel Keyes,en-US,EN-US,4.07,313044,270
272,Like Water for Chocolate,"Laura Esquivel, Thomas  Christensen, Carol Christensen",en-US,EN-US,3.94,263199,271
273,Snow Flower and the Secret Fan,Lisa See,eng,ENG,4.05,280475,272
274,The Godfather,"Mario Puzo, Robert Thompson, Peter Bart",eng,ENG,4.36,256480,273
275,An Abundance of Katherines,John Green,eng,ENG,3.63,312754,274
276,Foundation (Foundation #1),Isaac Asimov,eng,ENG,4.13,279688,275
277,The Ocean at the End of the Lane,Neil Gaiman,eng,ENG,3.99,293844,276
278,A Light in the Attic,Shel Silverstein,eng,ENG,4.34,297861,277
279,"Harry Potter and the Cursed Child - Parts One and Two (Harry Potter, #8)","John Tiffany, Jack Thorne, J.K. Rowling",eng,ENG,3.75,270603,278
280,"Delirium (Delirium, #1)",Lauren Oliver,eng,ENG,3.99,256975,279
281,The Pelican Brief,John Grisham,eng,ENG,3.95,288376,280
282,Coraline,Neil Gaiman,eng,ENG,4.03,316379,281
283,"Good Omens: The Nice and Accurate Prophecies of Agnes Nutter, Witch","Terry Pratchett, Neil Gaiman",en-US,EN-US,4.25,298304,282
284,On the Road,Jack Kerouac,eng,ENG,3.64,246602,283
285,"The Rosie Project (Don Tillman, #1)",Graeme Simsion,eng,ENG,4.01,251703,284
286,The Lucky One,Nicholas Sparks,en-US,EN-US,4.1,267166,285
287,The Fountainhead,"Ayn Rand, Leonard Peikoff",eng,ENG,3.85,244545,286
288,"The Hunt for Red October (Jack Ryan Universe, #4)",Tom Clancy,unknown,UNKNOWN,4.01,270318,287
289,"Watership Down (Watership Down, #1)",Richard Adams,eng,ENG,4.05,292426,288
290,Is Everyone Hanging Out Without Me? (And Other Concerns),Mindy Kaling,eng,ENG,3.84,290674,289
291,Cutting for Stone,Abraham Verghese,eng,ENG,4.28,258319,290
292,"The Voyage of the Dawn Treader (Chronicles of Narnia, #3)","C.S. Lewis, Pauline Baynes",eng,ENG,4.08,306492,291
293,Treasure Island,Robert Louis Stevenson,eng,ENG,3.82,268012,292
294,"The Son of Neptune (The Heroes of Olympus, #2)",Rick Riordan,eng,ENG,4.44,299980,293
295,11/22/63,Stephen King,eng,ENG,4.29,258464,294
296,The Very Hungry Caterpillar Board Book,Eric Carle,eng,ENG,4.29,296952,295
297,Cat's Cradle,Kurt Vonnegut Jr.,eng,ENG,4.18,238940,296
298,The Time Machine,"H.G. Wells, Greg Bear, Carlo Pagetti",eng,ENG,3.87,276076,297
299,Heaven is for Real: A Little Boy's Astounding Story of His Trip to Heaven and Back,"Todd Burpo, Lynn Vincent",eng,ENG,4.01,228371,298
300,The Boy in the Striped Pajamas,John Boyne,eng,ENG,4.1,285692,299
301,Heart of Darkness,Joseph Conrad,eng,ENG,3.42,255576,300
302,Safe Haven,Nicholas Sparks,eng,ENG,4.19,255531,301
303,"The Secret (The Secret, #1)",Rhonda Byrne,eng,ENG,3.62,241537,302
304,I Know This Much Is True,Wally Lamb,eng,ENG,4.17,246917,303
305,Pet Sematary,Stephen King,eng,ENG,3.91,256383,304
306,She's Come Undone,Wally Lamb,en-US,EN-US,3.84,259576,305
307,"The Wise Man's Fear (The Kingkiller Chronicle, #2)",Patrick Rothfuss,eng,ENG,4.57,245686,306
308,Can You Keep a Secret?,Sophie Kinsella,en-US,EN-US,3.83,278747,307
309,"City of Fallen Angels (The Mortal Instruments, #4)",Cassandra Clare,en-US,EN-US,4.16,341826,308
310,"Good in Bed (Cannie Shapiro, #1)",Jennifer Weiner,en-US,EN-US,3.7,248804,309
311,The Thorn Birds,Colleen McCullough,eng,ENG,4.22,255651,310
312,The Graveyard Book,"Neil Gaiman, Dave McKean",en-US,EN-US,4.12,302303,311
313,The Light Between Oceans,M.L. Stedman,eng,ENG,4.0,243526,312
314,"Inkheart (Inkworld, #1)","Cornelia Funke, Anthea Bell",en-US,EN-US,3.86,285011,313
315,Who Moved My Cheese?,"Spencer Johnson, Kenneth H. Blanchard",eng,ENG,3.74,237272,314
316,A Walk in the Woods,Bill Bryson,eng,ENG,4.05,250192,315
317,I Know Why the Caged Bird Sings,Maya Angelou,en-US,EN-US,4.19,270859,316
318,Orphan Train,Christina Baker Kline,eng,ENG,4.14,226091,317
319,"City of Lost Souls (The Mortal Instruments, #5)",Cassandra Clare,eng,ENG,4.3,300553,318
320,"Where'd You Go, Bernadette",Maria Semple,eng,ENG,3.9,215453,319
321,Where the Red Fern Grows,Wilson Rawls,unknown,UNKNOWN,4.04,268548,320
322,Neverwhere,Neil Gaiman,eng,ENG,4.18,268318,321
323,The Unbearable Lightness of Being,"Milan Kundera, Michael Henry Heim",eng,ENG,4.08,205279,322
324,Fangirl,Rainbow Rowell,eng,ENG,4.12,340379,323
325,A Prayer for Owen Meany,John Irving,eng,ENG,4.22,226964,324
326,White Oleander,Janet Fitch,eng,ENG,3.93,245674,325
327,"Legend (Legend, #1)",Marie Lu,eng,ENG,4.19,299998,326
328,Nineteen Minutes,Jodi Picoult,eng,ENG,4.1,235978,327
329,The Last Lecture,"Randy Pausch, Jeffrey Zaslow",eng,ENG,4.25,241869,328
330,"The Eye of the World (Wheel of Time, #1)",Robert Jordan,eng,ENG,4.18,260184,329
331,The Pact,Jodi Picoult,en-US,EN-US,4.0,221225,330
332,"The Magician's Nephew (Chronicles of Narnia, #6)",C.S. Lewis,eng,ENG,4.01,268355,331
333,Still Alice,Lisa Genova,eng,ENG,4.3,223432,332
334,"Reflected in You (Crossfire, #2)",Sylvia Day,eng,ENG,4.33,252564,333
335,James and the Giant Peach,"Roald Dahl, Quentin Blake",eng,ENG,3.99,270402,334
336,"1st to Die (Women's Murder Club, #1)",James Patterson,en-US,EN-US,4.05,233984,335
337,The Ultimate Hitchhiker's Guide to the Galaxy,Douglas Adams,eng,ENG,4.37,222842,336
338,One Day,David Nicholls,eng,ENG,3.77,222926,337
339,Goodnight Moon,"Margaret Wise Brown, Clement Hurd",en-US,EN-US,4.27,244842,338
340,"I Am Number Four (Lorien Legacies, #1)",Pittacus Lore,en-US,EN-US,3.94,253437,339
341,The Iliad,"Homer, Robert Fagles, Frédéric Mugler, Bernard Knox",eng,ENG,3.83,241088,340
342,The Casual Vacancy,J.K. Rowling,eng,ENG,3.28,231835,341
343,The Runaway Jury,John Grisham,eng,ENG,3.96,222712,342
344,Naked,David Sedaris,en-US,EN-US,4.08,201337,343
345,"Eldest (The Inheritance Cycle, #2)",Christopher Paolini,en-US,EN-US,3.96,250000,344
346,"The Wonderful Wizard of Oz (Oz, #1)","L. Frank Baum, W.W. Denslow",eng,ENG,3.98,247521,345
347,"Prince Caspian (Chronicles of Narnia, #2)",C.S. Lewis,eng,ENG,3.96,250221,346
348,We Were Liars,E. Lockhart,eng,ENG,3.85,273442,347
349,'Salem's Lot,Stephen King,en-GB,EN-GB,3.99,228680,348
350,Fear and Loathing in Las Vegas,"Hunter S. Thompson, Ralph Steadman",eng,ENG,4.08,232489,349
351,"Clockwork Prince (The Infernal Devices, #2)",Cassandra Clare,eng,ENG,4.46,307994,350
352,Yes Please,Amy Poehler,eng,ENG,3.81,251082,351
353,Othello,William Shakespeare,eng,ENG,3.88,238875,352
354,Beloved,Toni Morrison,eng,ENG,3.77,233825,353
355,"Graceling (Graceling Realm, #1)",Kristin Cashore,en-CA,EN-CA,4.1,281185,354
356,"The Bad Beginning (A Series of Unfortunate Events, #1)","Lemony Snicket, Brett Helquist",eng,ENG,3.89,275670,355
357,All Quiet on the Western Front,"Erich Maria Remarque, A.W. Wheen",en-US,EN-US,3.92,249113,356
358,"Oh, The Places You'll Go!",Dr. Seuss,en-US,EN-US,4.34,257260,357
359,And the Mountains Echoed,Khaled Hosseini,eng,ENG,4.03,199326,358
360,Do Androids Dream of Electric Sheep?,"Philip K. Dick, Roger Zelazny",eng,ENG,4.08,223828,359
361,Oliver Twist,"Charles Dickens, George Cruikshank, Philip Horne",eng,ENG,3.85,230181,360
362,The Screwtape Letters,C.S. Lewis,eng,ENG,4.21,116277,361
363,"Anna and the French Kiss (Anna and the French Kiss, #1)",Stephanie Perkins,en-US,EN-US,4.08,259479,362
364,How the Grinch Stole Christmas!,Dr. Seuss,eng,ENG,4.36,250602,363
365,V for Vendetta,"Alan Moore, David   Lloyd",eng,ENG,4.25,210682,364
366,John Adams,David McCullough,eng,ENG,4.05,215780,365
367,"Odd Thomas (Odd Thomas, #1)",Dean Koontz,eng,ENG,3.94,205986,366
368,"The Subtle Knife (His Dark Materials, #2)",Philip Pullman,eng,ENG,4.1,242503,367
369,"Stargirl (Stargirl, #1)",Jerry Spinelli,eng,ENG,3.74,237560,368
370,"The Red Pyramid (Kane Chronicles, #1)",Rick Riordan,eng,ENG,4.06,232791,369
371,Stranger in a Strange Land,Robert A. Heinlein,eng,ENG,3.91,220301,370
372,Dress Your Family in Corduroy and Denim,David Sedaris,eng,ENG,4.08,191923,371
373,The BFG,"Roald Dahl, Quentin Blake",eng,ENG,4.22,245855,372
374,A Short History of Nearly Everything,Bill Bryson,en-US,EN-US,4.19,191535,373
375,The Call of the Wild,Jack London,eng,ENG,3.83,223932,374
376,"The Death Cure (Maze Runner, #3)",James Dashner,eng,ENG,3.77,223674,375
377,Stardust,Neil Gaiman,eng,ENG,4.07,237602,376
378,The Namesake,Jhumpa Lahiri,en-US,EN-US,3.96,184211,377
379,"A Discovery of Witches (All Souls Trilogy, #1)",Deborah Harkness,eng,ENG,3.99,226622,378
380,Norwegian Wood,"Haruki Murakami, Jay Rubin",eng,ENG,4.02,183988,379
381,Where the Heart Is,Billie Letts,en-US,EN-US,4.0,208333,380
382,"Will Grayson, Will Grayson","John Green, David Levithan",eng,ENG,3.84,236431,381
383,A Million Little Pieces,James Frey,en-CA,EN-CA,3.62,184241,382
384,"Frostbite (Vampire Academy, #2)",Richelle Mead,eng,ENG,4.3,256745,383
385,Quiet: The Power of Introverts in a World That Can't Stop Talking,Susan Cain,eng,ENG,4.04,202135,384
386,"Island of the Blue Dolphins (Island of the Blue Dolphins, #1)",Scott O'Dell,en-CA,EN-CA,3.8,236015,385
387,The Crucible,"Arthur Miller, Christopher Bigsby",eng,ENG,3.55,242980,386
388,"Hatchet (Brian's Saga, #1)",Gary Paulsen,en-US,EN-US,3.68,222553,387
389,"The Final Empire (Mistborn, #1)",Brandon Sanderson,eng,ENG,4.43,208944,388
390,The Strange Case of Dr. Jekyll and Mr. Hyde,"Robert Louis Stevenson, Vladimir Nabokov, Mervyn Peake, Dan Chaon",eng,ENG,3.79,223535,389
391,The Lorax,Dr. Seuss,eng,ENG,4.35,226564,390
392,"Diary of a Wimpy Kid (Diary of a Wimpy Kid, #1)",Jeff Kinney,en-US,EN-US,3.96,254852,391
393,"Throne of Glass (Throne of Glass, #1)",Sarah J. Maas,eng,ENG,4.24,274987,392
394,"Shadow Kiss (Vampire Academy, #3)",Richelle Mead,en-US,EN-US,4.37,266742,393
395,For Whom the Bell Tolls,Ernest Hemingway,eng,ENG,3.95,195063,394
396,Hotel on the Corner of Bitter and Sweet,Jamie Ford,eng,ENG,3.98,197294,395
397,Perfume: The Story of a Murderer,"Patrick Süskind, John E. Woods",eng,ENG,4.0,178135,396
398,Fast Food Nation: The Dark Side of the All-American Meal,Eric Schlosser,eng,ENG,3.73,179347,397
399,The Tales of Beedle the Bard,J.K. Rowling,en-US,EN-US,4.06,284833,398
400,Neuromancer,William Gibson,eng,ENG,3.88,183878,399
401,A Farewell to Arms,Ernest Hemingway,en-US,EN-US,3.79,186613,400
402,The Tell-Tale Heart and Other Writings,Edgar Allan Poe,en-GB,EN-GB,4.15,195689,401
403,The Art of War,"Sun Tzu, Thomas Cleary",eng,ENG,3.95,167332,402
404,Defending Jacob,William Landay,eng,ENG,3.97,182025,403
405,Breakfast of Champions,Kurt Vonnegut Jr.,eng,ENG,4.08,178154,404
406,The New Drawing on the Right Side of the Brain,Betty Edwards,en-US,EN-US,3.84,218264,405
407,Bel Canto,Ann Patchett,eng,ENG,3.92,192330,406
408,"Guns, Germs, and Steel: The Fates of Human Societies",Jared Diamond,eng,ENG,4.0,171558,407
409,Fried Green Tomatoes at the Whistle Stop Cafe,Fannie Flagg,unknown,UNKNOWN,4.26,207508,408
410,"Things Fall Apart (The African Trilogy, #1)",Chinua Achebe,en-US,EN-US,3.61,199346,409
411,The Undomestic Goddess,Sophie Kinsella,eng,ENG,3.82,200509,410
412,The Five Love Languages: How to Express Heartfelt Commitment to Your Mate,Gary Chapman,en-US,EN-US,4.23,165675,411
413,The Three Musketeers,Alexandre Dumas,unknown,UNKNOWN,4.06,195274,412
414,Little Bee,Chris Cleave,en-US,EN-US,3.7,116784,413
415,"Evermore (The Immortals, #1)",Alyson Noel,en-US,EN-US,3.59,230031,414
416,The Witches,"Roald Dahl, Quentin Blake",en-US,EN-US,4.17,221431,415
417,The Thirteenth Tale,Diane Setterfield,eng,ENG,3.95,213200,416
418,"Spirit Bound (Vampire Academy, #5)",Richelle Mead,eng,ENG,4.37,224247,417
419,"Blood Promise (Vampire Academy, #4)",Richelle Mead,en-US,EN-US,4.35,231853,418
420,Message in a Bottle,Nicholas Sparks,en-US,EN-US,3.95,185116,419
421,The Paris Wife,Paula McLain,eng,ENG,3.79,191850,420
422,"Harry Potter Boxset (Harry Potter, #1-7)",J.K. Rowling,eng,ENG,4.74,190050,421
423,"The Elite (The Selection, #2)",Kiera Cass,eng,ENG,4.02,234247,422
424,The Name of the Rose,"Umberto Eco, William Weaver, Seán Barrett",en-US,EN-US,4.11,200217,423
425,Go Ask Alice,"Beatrice Sparks, Anonymous",eng,ENG,3.77,196677,424
426,A Confederacy of Dunces,"John Kennedy Toole, Walker Percy",eng,ENG,3.89,170776,425
427,The Importance of Being Earnest,Oscar Wilde,eng,ENG,4.17,210630,426
428,"The Mark of Athena (The Heroes of Olympus, #3)",Rick Riordan,eng,ENG,4.47,277491,427
429,"The Color of Magic (Discworld, #1; Rincewind #1)",Terry Pratchett,eng,ENG,3.97,190590,428
430,Kafka on the Shore,"Haruki Murakami, Philip Gabriel",en-US,EN-US,4.13,167593,429
431,"Red Dragon (Hannibal Lecter, #1)",Thomas Harris,eng,ENG,4.01,194013,430
432,"I, Robot (Robot #0.1)",Isaac Asimov,eng,ENG,4.17,198368,431
433,"Dark Lover (Black Dagger Brotherhood, #1)",J.R. Ward,eng,ENG,4.21,227021,432
434,"Crescendo (Hush, Hush, #2)",Becca Fitzpatrick,en-US,EN-US,4.07,226237,433
435,Before I Fall,Lauren Oliver,eng,ENG,3.92,220160,434
436,The God of Small Things,Arundhati Roy,eng,ENG,3.91,165378,435
437,The Invention of Wings,Sue Monk Kidd,en-US,EN-US,4.23,168006,436
438,What Alice Forgot,Liane Moriarty,eng,ENG,4.05,165704,437
439,A Brief History of Time,"Stephen Hawking, Cao Chi, Phạm Văn Thiều",eng,ENG,4.12,165628,438
440,"Fall of Giants (The Century Trilogy, #1)",Ken Follett,eng,ENG,4.26,168911,439
441,Under the Dome,Stephen King,eng,ENG,3.89,183292,440
442,Snow Crash,Neal Stephenson,eng,ENG,4.02,175883,441
443,Just Listen,Sarah Dessen,en-US,EN-US,4.06,202180,442
444,"Winnie-the-Pooh (Winnie-the-Pooh, #1)","A.A. Milne, Ernest H. Shepard",eng,ENG,4.34,207550,443
445,Before I Go to Sleep,S.J. Watson,en-CA,EN-CA,3.87,180896,444
446,A Study in Scarlet,Arthur Conan Doyle,eng,ENG,4.15,201499,445
447,"Brisingr (The Inheritance Cycle, #3)",Christopher Paolini,eng,ENG,4.03,211645,446
448,The Purpose Driven Life: What on Earth Am I Here for?,Rick Warren,en-US,EN-US,3.9,170491,447
449,"Betrayed (House of Night, #2)","P.C. Cast, Kristin Cast",en-US,EN-US,3.93,205340,448
450,"Storm Front (The Dresden Files, #1)",Jim Butcher,en-US,EN-US,4.02,203053,449
451,Northanger Abbey,"Jane Austen, Alfred MacAdam",eng,ENG,3.8,205167,450
452,"The 5th Wave (The 5th Wave, #1)",Rick Yancey,eng,ENG,4.1,260048,451
453,Cold Mountain,Charles Frazier,en-US,EN-US,3.83,185979,452
454,If You Give a Mouse a Cookie,"Laura Joffe Numeroff, Felicia Bond",en-US,EN-US,4.24,198083,453
455,"Something Blue (Darcy & Rachel, #2)",Emily Giffin,en-US,EN-US,3.92,172417,454
456,A Streetcar Named Desire,Tennessee Williams,eng,ENG,3.97,194493,455
457,The Historian,Elizabeth Kostova,eng,ENG,3.77,190473,456
458,Station Eleven,Emily St. John Mandel,eng,ENG,4.02,160466,457
459,A Man Called Ove,"Fredrik Backman, Henning Koch",eng,ENG,4.35,183777,458
460,"Clockwork Princess (The Infernal Devices, #3)",Cassandra Clare,eng,ENG,4.59,162099,459
461,"The Good Earth (House of Earth, #1)",Pearl S. Buck,eng,ENG,3.97,182220,460
462,Ways of Seeing,John Berger,eng,ENG,3.75,155658,461
463,"Dragonfly in Amber (Outlander, #2)",Diana Gabaldon,eng,ENG,4.31,178110,462
464,Holy Bible: King James Version,Anonymous,eng,ENG,4.43,159457,463
465,In Her Shoes,Jennifer Weiner,unknown,UNKNOWN,3.78,167400,464
466,The Hobbit: Graphic Novel,"Chuck Dixon, J.R.R. Tolkien, David Wenzel, Sean Deming",eng,ENG,4.48,155338,465
467,The Brief Wondrous Life of Oscar Wao,Junot Díaz,eng,ENG,3.89,160330,466
468,Their Eyes Were Watching God,Zora Neale Hurston,eng,ENG,3.87,181106,467
469,Fantastic Beasts and Where to Find Them,"Newt Scamander, J.K. Rowling, Albus Dumbledore",eng,ENG,3.95,185928,468
470,I Am Malala: The Story of the Girl Who Stood Up for Education and Was Shot by the Taliban,"Malala Yousafzai, Christina Lamb",eng,ENG,4.06,214412,469
471,Mansfield Park,"Jane Austen, Kathryn Sutherland, Tony Tanner, Claire Lamont",eng,ENG,3.84,205064,470
472,Man's Search for Meaning,Viktor E. Frankl,eng,ENG,4.33,171281,471
473,"In the Woods (Dublin Murder Squad, #1)",Tana French,eng,ENG,3.74,188024,472
474,The God Delusion,Richard Dawkins,eng,ENG,3.89,162740,473
475,"Where She Went (If I Stay, #2)",Gayle Forman,en-US,EN-US,4.06,193141,474
476,The World According to Garp,John Irving,eng,ENG,4.07,167106,475
477,"Killing Floor (Jack Reacher, #1)",Lee Child,eng,ENG,4.04,162972,476
478,Robinson Crusoe,"Daniel Defoe, Gerald McCann, Virginia Woolf",eng,ENG,3.66,178188,477
479,The Prince,"Niccolò Machiavelli, Adolph Caso, Rufus Goodwin, Benjamin Martinez",eng,ENG,3.78,153128,478
480,"The Amber Spyglass (His Dark Materials, #3)",Philip Pullman,eng,ENG,4.06,192315,479
481,"Wizard's First Rule (Sword of Truth, #1)",Terry Goodkind,eng,ENG,4.13,175771,480
482,The Kitchen House,Kathleen Grissom,en-CA,EN-CA,4.18,168082,481
483,Franny and Zooey,J.D. Salinger,en-US,EN-US,3.98,152906,482
484,Choke,Chuck Palahniuk,eng,ENG,3.69,154643,483
485,The Brothers Karamazov,"Fyodor Dostoyevsky, Richard Pevear, Larissa Volokhonsky",eng,ENG,4.3,155838,484
486,"The City of Ember (Book of Ember, #1)",Jeanne DuPrau,eng,ENG,3.85,198809,485
487,The Andromeda Strain,Michael Crichton,unknown,UNKNOWN,3.87,173186,486
488,The Green Mile,Stephen King,eng,ENG,4.42,173950,487
489,The Prophet,Kahlil Gibran,eng,ENG,4.22,142641,488
490,"Maus I: A Survivor's Tale: My Father Bleeds History (Maus, #1)",Art Spiegelman,eng,ENG,4.35,184007,489
491,"Untamed (House of Night, #4)","P.C. Cast, Kristin Cast",en-US,EN-US,3.95,191743,490
492,"Speaker for the Dead (Ender's Saga, #2)",Orson Scott Card,en-US,EN-US,4.04,164287,491
493,Mere Christianity,C.S. Lewis,eng,ENG,4.31,184759,492
494,The Secret History,Donna Tartt,eng,ENG,4.07,168405,493
495,A Heartbreaking Work of Staggering Genius,Dave Eggers,eng,ENG,3.68,145459,494
496,"The Clan of the Cave Bear (Earth's Children, #1)",Jean M. Auel,eng,ENG,4.02,176062,495
497,Black Beauty,Anna Sewell,eng,ENG,3.94,183255,496
498,War and Peace,"Leo Tolstoy, Henry Gifford, Aylmer Maude, Louise Maude",eng,ENG,4.11,168037,497
499,American Psycho,Bret Easton Ellis,eng,ENG,3.81,166083,498
500,"The Princess Diaries (The Princess Diaries, #1)",Meg Cabot,eng,ENG,3.76,193140,499
501,"The No. 1 Ladies' Detective Agency  (No. 1 Ladies' Detective Agency, #1)",Alexander McCall Smith,eng,ENG,3.75,180320,500
502,"The Walking Dead, Vol. 01: Days Gone Bye","Robert Kirkman, Tony Moore",en-GB,EN-GB,4.3,164530,501
503,"2001: A Space Odyssey (Space Odyssey, #1)",Arthur C. Clarke,eng,ENG,4.12,170841,502
504,Redeeming Love,Francine Rivers,eng,ENG,4.48,157506,503
505,"Left Behind (Left Behind, #1)","Tim LaHaye, Jerry B. Jenkins",eng,ENG,3.81,161173,504
506,"The One (The Selection, #3)",Kiera Cass,eng,ENG,4.21,139544,505
507,"The Hunger Games Trilogy Boxset (The Hunger Games, #1-3)",Suzanne Collins,eng,ENG,4.49,129665,506
508,Nickel and Dimed: On (Not) Getting By in America,Barbara Ehrenreich,eng,ENG,3.6,152786,507
509,Remember Me?,Sophie Kinsella,eng,ENG,3.76,170096,508
510,"The Great Hunt (Wheel of Time, #2)",Robert Jordan,en-US,EN-US,4.2,162595,509
511,"Postmortem (Kay Scarpetta, #1)",Patricia Cornwell,eng,ENG,4.01,167379,510
512,The Complete Stories and Poems,Edgar Allan Poe,en-US,EN-US,4.37,160063,511
513,The Hiding Place: The Triumphant True Story of Corrie Ten Boom,"Corrie ten Boom, John Sherrill, Elizabeth Sherrill",en-US,EN-US,4.42,171384,512
514,The Adventures of Sherlock Holmes,Arthur Conan Doyle,eng,ENG,4.29,139816,513
515,The Prince of Tides,Pat Conroy,eng,ENG,4.22,159596,514
516,The Amazing Adventures of Kavalier & Clay,Michael Chabon,eng,ENG,4.17,147717,515
517,"Perfect Chemistry (Perfect Chemistry, #1)",Simone Elkeles,eng,ENG,4.07,198627,516
518,Peter Pan,"J.M. Barrie, Michael Hague",en-US,EN-US,4.1,169306,517
519,"Pretties (Uglies, #2)",Scott Westerfeld,eng,ENG,3.85,193405,518
520,The Wind-Up Bird Chronicle,"Haruki Murakami, Jay Rubin",eng,ENG,4.17,133408,519
521,"The Lincoln Lawyer (Mickey Haller, #1; Harry Bosch Universe, #16)",Michael Connelly,eng,ENG,4.14,149438,520
522,Cloud Atlas,David Mitchell,eng,ENG,4.01,152441,521
523,The Things They Carried,Tim O'Brien,en-US,EN-US,4.12,168678,522
524,Wall and Piece,Banksy,eng,ENG,3.83,149453,523
525,"Pandemonium (Delirium, #2)",Lauren Oliver,eng,ENG,4.07,181656,524
526,"Darkly Dreaming Dexter (Dexter, #1)",Jeff Lindsay,eng,ENG,3.89,150055,525
527,"Living Dead in Dallas (Sookie Stackhouse, #2)",Charlaine Harris,eng,ENG,3.97,190565,526
528,"The Dragon Reborn (Wheel of Time, #3)",Robert Jordan,eng,ENG,4.23,153809,527
529,Gulliver's Travels,"Jonathan Swift, Robert DeMaria Jr.",eng,ENG,3.55,168727,528
530,Much Ado About Nothing,"William Shakespeare, Barbara A. Mowat, Paul Werstine, Gail Kern Paster, Robert          Jackson",eng,ENG,4.06,175616,529
531,Beowulf,"Unknown, Seamus Heaney",en-US,EN-US,3.42,155903,530
532,Batman: Year One,"Frank Miller, David Mazzucchelli, Richmond Lewis, Dennis O'Neil",eng,ENG,4.23,145267,531
533,Go Set a Watchman,Harper Lee,eng,ENG,3.31,138669,532
534,When You Are Engulfed in Flames,David Sedaris,en-US,EN-US,4.04,150898,533
535,"Daughter of Smoke & Bone (Daughter of Smoke & Bone, #1)",Laini Taylor,eng,ENG,4.04,198283,534
536,"Red Queen (Red Queen, #1)",Victoria Aveyard,eng,ENG,4.08,83354,535
537,The Power of Habit: Why We Do What We Do in Life and Business,Charles Duhigg,eng,ENG,4.03,155977,536
538,Midnight in the Garden of Good and Evil,John Berendt,eng,ENG,3.9,167997,537
539,"Hopeless (Hopeless, #1)",Colleen Hoover,eng,ENG,4.34,189938,538
540,A Little Princess,"Frances Hodgson Burnett, Nancy Bond",eng,ENG,4.2,199872,539
541,The Truth About Forever,Sarah Dessen,en-US,EN-US,4.13,179415,540
542,"The Horse and His Boy (Chronicles of Narnia, #5)",C.S. Lewis,eng,ENG,3.9,189671,541
543,"Last Sacrifice (Vampire Academy, #6)",Richelle Mead,eng,ENG,4.42,206792,542
544,"Little House on the Prairie (Little House, #2)","Laura Ingalls Wilder, Garth Williams",eng,ENG,4.18,195424,543
545,The Velveteen Rabbit,"Margery Williams Bianco, William   Nicholson",eng,ENG,4.29,173469,544
546,Zen and the Art of Motorcycle Maintenance: An Inquiry Into Values,Robert M. Pirsig,eng,ENG,3.76,139411,545
547,The War of the Worlds,"H.G. Wells, Arthur C. Clarke",eng,ENG,3.8,159752,546
548,"Pretty Little Liars (Pretty Little Liars, #1)",Sara Shepard,en-US,EN-US,3.9,156328,547
549,Corduroy,Don Freeman,en-US,EN-US,4.28,160860,548
550,The Omnivore's Dilemma: A Natural History of Four Meals,Michael Pollan,eng,ENG,4.17,133271,549
551,Life After Life,Kate Atkinson,eng,ENG,3.74,138454,550
552,The Rescue,Nicholas Sparks,en-US,EN-US,4.1,142092,551
553,Needful Things,Stephen King,unknown,UNKNOWN,3.87,153821,552
554,"Voyager (Outlander, #3)",Diana Gabaldon,eng,ENG,4.38,157395,553
555,"Hamlet: Screenplay, Introduction And Film Diary","Kenneth Branagh, William Shakespeare",eng,ENG,4.12,156869,554
556,Cujo,Stephen King,spa,SPA,3.65,158215,555
557,The Virgin Suicides,Jeffrey Eugenides,eng,ENG,3.83,159249,556
558,"Dead to the World (Sookie Stackhouse, #4)",Charlaine Harris,eng,ENG,4.13,199572,557
559,Tess of the D'Urbervilles,"Thomas Hardy, Tim Dolin, Margaret R. Higonnet",eng,ENG,3.77,171599,558
560,Madame Bovary,"Gustave Flaubert, Margaret Mauldon, Malcolm Bowie, Mark Overstall",eng,ENG,3.64,158877,559
561,The Phantom Tollbooth,"Norton Juster, Jules Feiffer",en-US,EN-US,4.22,178432,560
562,"The Way of Kings (The Stormlight Archive, #1)",Brandon Sanderson,eng,ENG,4.64,144822,561
563,"Club Dead (Sookie Stackhouse, #3)",Charlaine Harris,en-GB,EN-GB,4.03,181323,562
564,It's Kind of a Funny Story,Ned Vizzini,en-US,EN-US,4.14,161001,563
565,"The Well of Ascension (Mistborn, #2)",Brandon Sanderson,eng,ENG,4.35,150736,564
566,"After You (Me Before You, #2)",Jojo Moyes,eng,ENG,3.7,99342,565
567,The Language of Flowers,Vanessa Diffenbaugh,eng,ENG,4.07,140076,566
568,"Batman: The Dark Knight Returns (The Dark Knight Saga, #1)","Frank Miller, Klaus Janson, Lynn Varley",eng,ENG,4.25,135979,567
569,"The Angel Experiment (Maximum Ride, #1)",James Patterson,eng,ENG,4.08,172302,568
570,High Fidelity,Nick Hornby,eng,ENG,3.94,134849,569
571,The Guardian,Nicholas Sparks,en-US,EN-US,4.14,136427,570
572,"Oryx and Crake (MaddAddam, #1)",Margaret Atwood,eng,ENG,4.0,151500,571
573,"Men Are from Mars, Women Are from Venus",John Gray,en-US,EN-US,3.52,113915,572
574,Kitchen Confidential: Adventures in the Culinary Underbelly,Anthony Bourdain,eng,ENG,4.0,134177,573
575,Timeline,Michael Crichton,en-US,EN-US,3.83,148563,574
576,Candide,Voltaire,eng,ENG,3.76,151471,575
577,Tuck Everlasting,Natalie Babbitt,eng,ENG,3.85,174280,576
578,Christine,"Stephen King, Marie Milpois",fre,FRE,3.72,151160,577
579,Are You My Mother?,P.D. Eastman,eng,ENG,4.16,174204,578
580,The Story of Art,E.H. Gombrich,en-US,EN-US,3.83,164708,579
581,"Scarlet (The Lunar Chronicles, #2)",Marissa Meyer,eng,ENG,4.3,193766,580
582,"Rich Dad, Poor Dad",Robert T. Kiyosaki,eng,ENG,3.95,153764,581
583,"Silence (Hush, Hush, #3)",Becca Fitzpatrick,eng,ENG,4.16,190722,582
584,The Magicians (The Magicians #1),Lev Grossman,eng,ENG,3.47,147908,583
585,"Death Note, Vol. 1: Boredom (Death Note, #1)","Tsugumi Ohba, Takeshi Obata",eng,ENG,4.42,139501,584
586,"A Great and Terrible Beauty (Gemma Doyle, #1)",Libba Bray,eng,ENG,3.79,173613,585
587,Everything Is Illuminated,Jonathan Safran Foer,eng,ENG,3.9,131492,586
588,"The Bourne Supremacy (Jason Bourne, #2)",Robert Ludlum,en-US,EN-US,4.09,142168,587
589,"Easy (Contours of the Heart, #1)",Tammara Webber,en-CA,EN-CA,4.11,133937,588
590,David Copperfield,"Charles Dickens, Jeremy Tambling",eng,ENG,3.96,150512,589
591,The Absolutely True Diary of a Part-Time Indian,"Sherman Alexie, Ellen Forney",eng,ENG,4.11,160607,590
592,The Master and Margarita,"Mikhail Bulgakov, Katherine Tiernan O'Connor, Diana Burgin, Ellendea Proffer",eng,ENG,4.32,131389,591
593,"A Wizard of Earthsea (Earthsea Cycle, #1)",Ursula K. Le Guin,en-US,EN-US,3.99,155042,592
594,Because of Winn-Dixie,"Kate DiCamillo, Chris Sheban",eng,ENG,4.0,154476,593
595,A Separate Peace,John Knowles,en-US,EN-US,3.56,155901,594
596,The Rainmaker,John Grisham,eng,ENG,3.91,137412,595
597,Don Quixote,"Miguel de Cervantes Saavedra, Roberto González Echevarría, John Rutherford",eng,ENG,3.85,134931,596
598,"Assassin's Apprentice (Farseer Trilogy, #1)",Robin Hobb,eng,ENG,4.14,132777,597
599,"The Restaurant at the End of the Universe (Hitchhiker's Guide, #2)",Douglas Adams,eng,ENG,4.22,153838,598
600,"Torment (Fallen, #2)",Lauren Kate,eng,ENG,3.89,174393,599
601,The Tale of Peter Rabbit,Beatrix Potter,eng,ENG,4.17,162373,600
602,"The Silver Chair (Chronicles of Narnia, #4)","C.S. Lewis, Pauline Baynes",eng,ENG,3.95,170453,601
603,"The Hero of Ages (Mistborn, #3)",Brandon Sanderson,eng,ENG,4.46,143622,602
604,"Girl, Interrupted",Susanna Kaysen,eng,ENG,3.9,145161,603
605,"Are You There, Vodka? It's Me, Chelsea",Chelsea Handler,unknown,UNKNOWN,3.85,127096,604
606,Jonathan Livingston Seagull,"Richard Bach, Russell Munson",en-US,EN-US,3.8,133728,605
607,"City of Heavenly Fire (The Mortal Instruments, #6)",Cassandra Clare,eng,ENG,4.48,177796,606
608,Love You Forever,"Robert Munsch, Sheila McGraw",en-GB,EN-GB,4.34,159703,607
609,Cell,Stephen King,en-US,EN-US,3.64,144591,608
610,The Boys in the Boat: Nine Americans and Their Epic Quest for Gold at the 1936 Berlin Olympics,Daniel James Brown,eng,ENG,4.32,113565,609
611,The Silmarillion (Middle-Earth Universe),"J.R.R. Tolkien, Christopher Tolkien, Ted Nasmith",eng,ENG,3.87,134106,610
612,"The Drawing of the Three (The Dark Tower, #2)",Stephen King,eng,ENG,4.23,139052,611
613,The Forgotten Garden,Kate Morton,en-GB,EN-GB,4.12,138377,612
614,The Trial,"Franz Kafka, Edwin Muir, Willa Muir, Max Brod",eng,ENG,3.98,131856,613
615,This Lullaby,Sarah Dessen,eng,ENG,4.03,151829,614
616,Plain Truth,Jodi Picoult,eng,ENG,3.97,128406,615
617,Orange Is the New Black,Piper Kerman,eng,ENG,3.7,127186,616
618,The Hound of the Baskervilles,"Arthur Conan Doyle, Anne Perry",eng,ENG,4.09,154517,617
619,"Thinking, Fast and Slow",Daniel Kahneman,eng,ENG,4.08,136950,618
620,"The Mists of Avalon (Avalon, #1)",Marion Zimmer Bradley,eng,ENG,4.12,157736,619
621,"Are You There God? It's Me, Margaret",Judy Blume,eng,ENG,3.89,151789,620
622,Nights in Rodanthe,Nicholas Sparks,eng,ENG,3.82,129807,621
623,"Mr. Mercedes (Bill Hodges Trilogy, #1)",Stephen King,eng,ENG,3.92,125847,622
624,"All Together Dead (Sookie Stackhouse, #7)",Charlaine Harris,eng,ENG,4.05,162689,623
625,Midwives,Chris Bohjalian,en-US,EN-US,3.97,133155,624
626,The Polar Express,Chris Van Allsburg,en-US,EN-US,4.29,168001,625
627,The True Story of the 3 Little Pigs,"Jon Scieszka, Lane Smith",en-GB,EN-GB,4.29,141945,626
628,"Patriot Games (Jack Ryan Universe, #2)",Tom Clancy,eng,ENG,4.11,141674,627
629,Veronika Decides to Die,"Paulo Coelho, Margaret Jull Costa",eng,ENG,3.69,111856,628
630,"Lean In: Women, Work, and the Will to Lead","Sheryl Sandberg, Nell Scovell",eng,ENG,3.94,135635,629
631,"Dead as a Doornail (Sookie Stackhouse, #5)",Charlaine Harris,eng,ENG,4.01,169560,630
632,"Shatter Me (Shatter Me, #1)",Tahereh Mafi,en-US,EN-US,4.01,176433,631
633,Starship Troopers,Robert A. Heinlein,en-CA,EN-CA,3.99,136886,632
634,I've Got Your Number,Sophie Kinsella,eng,ENG,3.93,144533,633
635,Sophie's World,"Jostein Gaarder, Paulette Møller",eng,ENG,3.88,109692,634
636,"The Twilight Saga Breaking Dawn Part 1: The Official Illustrated Movie Companion (The Twilight Saga: The Official Illustrated Movie Companion, #4)",Mark Cotta Vaz,eng,ENG,4.3,188136,635
637,The Martian Chronicles,Ray Bradbury,en-US,EN-US,4.12,143236,636
638,A Visit from the Goon Squad,Jennifer Egan,eng,ENG,3.64,120126,637
639,Heidi,"Johanna Spyri, Angelo  Rinaldi, Beverly Cleary",eng,ENG,3.97,144497,638
640,Prey,Michael Crichton,unknown,UNKNOWN,3.72,131352,639
641,"The Last Battle (Chronicles of Narnia, #7)",C.S. Lewis,eng,ENG,4.02,158701,640
642,"World Without End (The Kingsbridge Series, #2)",Ken Follett,eng,ENG,4.23,128715,641
643,"Chosen (House of Night, #3)","P.C. Cast, Kristin Cast",en-US,EN-US,3.9,180961,642
644,"Slammed (Slammed, #1)",Colleen Hoover,eng,ENG,4.29,153882,643
645,"Beastly (Beastly, #1; Kendra Chronicles, #1)",Alex Flinn,eng,ENG,3.84,150003,644
646,The Canterbury Tales,"Geoffrey Chaucer, Nevill Coghill",eng,ENG,3.48,148480,645
647,Baby Proof,Emily Giffin,en-US,EN-US,3.71,124371,646
648,"Inheritance (The Inheritance Cycle, #4)",Christopher Paolini,en-US,EN-US,4.08,146905,647
649,1Q84,"Haruki Murakami, Jay Rubin, Philip Gabriel",eng,ENG,3.89,125195,648
650,Uncle Tom's Cabin,Harriet Beecher Stowe,eng,ENG,3.83,137858,649
651,The Phantom of the Opera,"Gaston Leroux, Alexander Teixeira de Mattos",eng,ENG,3.97,141110,650
652,"Definitely Dead (Sookie Stackhouse, #6)",Charlaine Harris,en-US,EN-US,4.02,163054,651
653,Blindness,"José Saramago, Giovanni Pontiero",en-US,EN-US,4.08,98738,652
654,Freedom,Jonathan Franzen,en-US,EN-US,3.73,119213,653
655,"Crossed (Matched, #2)",Ally Condie,eng,ENG,3.52,100886,654
656,"I'd Tell You I Love You, But Then I'd Have to Kill You (Gallagher Girls, #1)",Ally Carter,en-US,EN-US,3.82,150222,655
657,The White Tiger,Aravind Adiga,eng,ENG,3.71,114531,656
658,The Corrections,Jonathan Franzen,eng,ENG,3.78,117657,657
659,Dreams from My Father: A Story of Race and Inheritance,Barack Obama,eng,ENG,3.81,128961,658
660,Congo,Michael Crichton,eng,ENG,3.55,129811,659
661,"Alexander and the Terrible, Horrible, No Good, Very Bad Day","Judith Viorst, Ray Cruz",en-CA,EN-CA,4.22,146073,660
662,Interpreter of Maladies,Jhumpa Lahiri,eng,ENG,4.12,110651,661
663,A People's History of the United States,Howard Zinn,eng,ENG,4.07,137372,662
664,Breakfast at Tiffany's,Truman Capote,eng,ENG,3.89,129778,663
665,"The Passage (The Passage, #1)",Justin Cronin,eng,ENG,4.04,126993,664
666,Anansi Boys,Neil Gaiman,eng,ENG,4.0,137639,665
667,Along for the Ride,Sarah Dessen,eng,ENG,4.08,151721,666
668,Everything I Never Told You,Celeste Ng,eng,ENG,3.78,108703,667
669,The House of the Spirits,"Isabel Allende, Magda Bogin",en-US,EN-US,4.2,119930,668
670,The Dead Zone,Stephen King,en-US,EN-US,3.9,132723,669
671,"The Mysterious Affair at Styles (Hercule Poirot, #1)","Agatha Christie, Ροζίτα Σώκου",eng,ENG,3.98,135514,670
672,"Murder on the Orient Express (Hercule Poirot, #10)",Agatha Christie,eng,ENG,4.16,138444,671
673,Americanah,Chimamanda Ngozi Adichie,eng,ENG,4.26,113252,672
674,Suzanne's Diary for Nicholas,James Patterson,eng,ENG,4.16,121398,673
675,Firestarter,Stephen King,eng,ENG,3.85,142213,674
676,"Entwined with You (Crossfire, #3)",Sylvia Day,eng,ENG,4.19,141641,675
677,"Born to Run: A Hidden Tribe, Superathletes, and the Greatest Race the World Has Never Seen",Christopher McDougall,eng,ENG,4.27,109642,676
678,The Storied Life of A.J. Fikry,Gabrielle Zevin,eng,ENG,3.98,115393,677
679,Madeline,Ludwig Bemelmans,en-GB,EN-GB,4.22,156726,678
680,Think and Grow Rich: The Landmark Bestseller - Now Revised and Updated for the 21st Century,Napoleon Hill,eng,ENG,4.17,87445,679
681,"Little House in the Big Woods (Little House, #1)","Laura Ingalls Wilder, Garth Williams",eng,ENG,4.16,165127,680
682,Jonathan Strange & Mr Norrell,Susanna Clarke,eng,ENG,3.8,133683,681
683,A Bend in the Road,Nicholas Sparks,eng,ENG,4.02,116800,682
684,"The House of Hades (The Heroes of Olympus, #4)",Rick Riordan,eng,ENG,4.54,159774,683
685,"Gone (Gone, #1)",Michael  Grant,eng,ENG,3.85,144606,684
686,"The Wedding (The Notebook, #2)",Nicholas Sparks,en-US,EN-US,3.98,118045,685
687,1776,David McCullough,eng,ENG,4.06,130293,686
688,Under the Banner of Heaven: A Story of Violent Faith,Jon Krakauer,eng,ENG,3.98,112167,687
689,Beautiful Ruins,Jess Walter,eng,ENG,3.67,116053,688
690,The Audacity of Hope: Thoughts on Reclaiming the American Dream,Barack Obama,en-US,EN-US,3.69,110873,689
691,On Writing: A Memoir of the Craft,Stephen King,eng,ENG,4.31,131481,690
692,"Firefly Lane (Firefly Lane, #1)",Kristin Hannah,en-US,EN-US,4.04,121966,691
693,Sphere,Michael Crichton,eng,ENG,3.77,128244,692
694,Love the One You're With,Emily Giffin,en-US,EN-US,3.7,124812,693
695,"The Silkworm (Cormoran Strike, #2)","Robert Galbraith, J.K. Rowling",eng,ENG,4.03,120008,694
696,"The Vampire Lestat (The Vampire Chronicles, #2)",Anne Rice,eng,ENG,4.05,141299,695
697,State of Wonder,Ann Patchett,eng,ENG,3.85,124837,696
698,The Silver Linings Playbook,Matthew Quick,en-US,EN-US,4.0,110939,697
699,Twenty Thousand Leagues Under the Sea,"Jules Verne, Anthony Bonner",eng,ENG,3.86,121112,698
700,"The Constant Princess (The Plantagenet and Tudor Novels, #6)",Philippa Gregory,en-US,EN-US,3.88,124786,699
701,Mrs. Dalloway,"Virginia Woolf, Maureen Howard",en-US,EN-US,3.78,136327,700
702,The Hundred-Year-Old Man Who Climbed Out of the Window and Disappeared,"Jonas Jonasson, Rod Bradbury",en-GB,EN-GB,3.81,92275,701
703,Bag of Bones,Stephen King,en-US,EN-US,3.87,131004,702
704,The Cider House Rules,John Irving,eng,ENG,4.1,124876,703
705,Thinner,"Richard Bachman, Stephen King",en-GB,EN-GB,3.66,130219,704
706,Around the World in Eighty Days,"Jules Verne, Michael Glencross, Brian W. Aldiss",eng,ENG,3.9,117108,705
707,Walk Two Moons,Sharon Creech,eng,ENG,3.95,129350,706
708,Eleven Minutes,"Paulo Coelho, Margaret Jull Costa",eng,ENG,3.69,102206,707
709,Nine Stories,J.D. Salinger,eng,ENG,4.19,105138,708
710,"Julie and Julia: 365 Days, 524 Recipes, 1 Tiny Apartment Kitchen: How One Girl Risked Her Marriage, Her Job, and Her Sanity to Master the Art of Living",Julie Powell,eng,ENG,3.67,121373,709
711,"Unwind (Unwind, #1)",Neal Shusterman,eng,ENG,4.18,143892,710
712,"Drums of Autumn (Outlander, #4)",Diana Gabaldon,eng,ENG,4.34,123736,711
713,"Prodigy (Legend, #2)",Marie Lu,eng,ENG,4.29,149702,712
714,King Lear,William Shakespeare,eng,ENG,3.89,135448,713
715,Death of a Salesman,Arthur Miller,eng,ENG,3.49,132061,714
716,The Choice,Nicholas Sparks,en-US,EN-US,3.99,93479,715
717,The Hunger Games: Official Illustrated Movie Companion,Kate Egan,en-US,EN-US,4.51,119915,716
718,The Sound and the Fury,William Faulkner,eng,ENG,3.86,124665,717
719,A New Earth: Awakening to Your Life's Purpose,Eckhart Tolle,eng,ENG,4.02,106211,718
720,"Bleach, Volume 01",Tite Kubo,eng,ENG,4.21,120004,719
721,"Hyperbole and a Half: Unfortunate Situations, Flawed Coping Mechanisms, Mayhem, and Other Things That Happened",Allie Brosh,eng,ENG,4.17,118910,720
722,"The Shadow Rising (Wheel of Time, #4)",Robert Jordan,en-US,EN-US,4.21,122524,721
723,Shantaram,Gregory David Roberts,eng,ENG,4.26,95213,722
724,"From Dead to Worse (Sookie Stackhouse, #8)",Charlaine Harris,eng,ENG,4.01,151095,723
725,"The Waste Lands (The Dark Tower, #3)","Stephen King, Ned Dameron",eng,ENG,4.24,117483,724
726,"The Bone Collector (Lincoln Rhyme, #1)",Jeffery Deaver,en-US,EN-US,4.18,120541,725
727,The Reader,"Bernhard Schlink, Carol Brown Janeway",eng,ENG,3.73,119911,726
728,"Brown Bear, Brown Bear, What Do You See?","Bill Martin Jr., Eric Carle",eng,ENG,4.19,125668,727
729,"Hyperion (Hyperion Cantos, #1)",Dan Simmons,eng,ENG,4.21,122225,728
730,The Pearl,John Steinbeck,eng,ENG,3.41,133264,729
731,The Exorcist,William Peter Blatty,en-US,EN-US,4.14,124467,730
732,"The Short Second Life of Bree Tanner: An Eclipse Novella (Twilight, #3.5)",Stephenie Meyer,eng,ENG,3.51,145874,731
733,Snow Falling on Cedars,David Guterson,eng,ENG,3.8,131945,732
734,Roots: The Saga of an American Family,Alex Haley,en-US,EN-US,4.42,118951,733
735,Batman: The Killing Joke,"Alan Moore, Brian Bolland, Tim Sale",eng,ENG,4.36,113855,734
736,Invisible Man,Ralph Ellison,eng,ENG,3.84,123073,735
737,A Long Way Gone: Memoirs of a Boy Soldier,Ishmael Beah,en-US,EN-US,4.14,116260,736
738,"Mrs. Frisby and the Rats of NIMH (Rats of NIMH, #1)",Robert C. O'Brien,unknown,UNKNOWN,4.13,135978,737
739,Different Seasons,Stephen King,eng,ENG,4.34,105961,738
740,"The Little House Collection (Little House, #1-9)","Laura Ingalls Wilder, Garth Williams",unknown,UNKNOWN,4.33,124320,739
741,The Girls' Guide to Hunting and Fishing,Melissa Bank,unknown,UNKNOWN,3.29,113977,740
742,"Wool Omnibus (Silo, #1)",Hugh Howey,eng,ENG,4.24,81982,741
743,"Lamb: The Gospel According to Biff, Christ's Childhood Pal",Christopher Moore,en-US,EN-US,4.26,118576,742
744,The Power of Now: A Guide to Spiritual Enlightenment,Eckhart Tolle,eng,ENG,4.1,104549,743
745,Let's Pretend This Never Happened: A Mostly True Memoir,Jenny  Lawson,eng,ENG,3.9,118475,744
746,"The Lies of Locke Lamora (Gentleman Bastard, #1)",Scott Lynch,eng,ENG,4.3,118751,745
747,"Sabriel (Abhorsen,  #1)",Garth Nix,en-US,EN-US,4.17,137047,746
748,"Dead and Gone (Sookie Stackhouse, #9)",Charlaine Harris,eng,ENG,4.01,145157,747
749,The Storyteller,Jodi Picoult,eng,ENG,4.26,109313,748
750,"Obsidian (Lux, #1)",Jennifer L. Armentrout,eng,ENG,4.23,164832,749
751,"Life, the Universe and Everything (Hitchhiker's Guide, #3)",Douglas Adams,eng,ENG,4.19,131562,750
752,"Crown of Midnight (Throne of Glass, #2)",Sarah J. Maas,en-CA,EN-CA,4.49,160485,751
753,"Scott Pilgrim, Volume 1: Scott Pilgrim's Precious Little Life",Bryan Lee O'Malley,eng,ENG,4.18,126864,752
754,Half Broke Horses,Jeannette Walls,eng,ENG,4.05,110597,753
755,"Mort (Death, #1; Discworld, #4)",Terry Pratchett,eng,ENG,4.22,128450,754
756,"The Iron King (The Iron Fey, #1)",Julie Kagawa,eng,ENG,3.92,158063,755
757,Lonesome Dove,Larry McMurtry,en-US,EN-US,4.47,111498,756
758,Stiff: The Curious Lives of Human Cadavers,Mary Roach,eng,ENG,4.05,122502,757
759,"Bloodlines (Bloodlines, #1)",Richelle Mead,en-US,EN-US,4.22,140599,758
760,"Ender's Shadow (Ender's Shadow, #1)",Orson Scott Card,eng,ENG,4.3,115521,759
761,Twenties Girl,Sophie Kinsella,eng,ENG,3.82,119105,760
762,Schindler's List,Thomas Keneally,eng,ENG,4.34,108338,761
763,The Bluest Eye,Toni Morrison,eng,ENG,3.99,109944,762
764,"The White Queen (The Plantagenet and Tudor Novels, #2)",Philippa Gregory,eng,ENG,3.9,119739,763
765,The Autobiography of Malcolm X,"Malcolm X, Alex Haley",eng,ENG,4.29,124805,764
766,Preludes & Nocturnes (The Sandman #1),"Neil Gaiman, Sam Kieth, Mike Dringenberg, Malcolm Jones III, Todd Klein, Karen  Berger",eng,ENG,4.3,122540,765
767,Seabiscuit: An American Legend,Laura Hillenbrand,en-US,EN-US,4.2,111497,766
768,Shutter Island,Dennis Lehane,eng,ENG,4.07,113718,767
769,The Complete Sherlock Holmes,Arthur Conan Doyle,eng,ENG,4.5,109754,768
770,Julius Caesar,"William Shakespeare, Roma Gill",eng,ENG,3.65,119933,769
771,"In the Garden of Beasts: Love, Terror, and an American Family in Hitler's Berlin",Erik Larson,eng,ENG,3.81,110481,770
772,The Republic,"Plato, Desmond Lee",eng,ENG,3.9,110274,771
773,The Taming of the Shrew,William Shakespeare,en-US,EN-US,3.81,126318,772
774,"Cress (The Lunar Chronicles, #3)",Marissa Meyer,eng,ENG,4.46,162069,773
775,Just Kids,Patti Smith,en-US,EN-US,4.14,106542,774
776,The Art Book,Phaidon Press,eng,ENG,3.79,102746,775
777,Jemima J,Jane Green,en-US,EN-US,3.62,101436,776
778,The Hunchback of Notre-Dame,"Victor Hugo, Walter J. Cobb",eng,ENG,3.97,119851,777
779,A Fine Balance,Rohinton Mistry,eng,ENG,4.34,99252,778
780,Calvin and Hobbes,"Bill Watterson, G.B. Trudeau",en-US,EN-US,4.61,117788,779
781,"Specials (Uglies, #3)",Scott Westerfeld,eng,ENG,3.77,139168,780
782,The Awakening,Kate Chopin,eng,ENG,3.63,125474,781
783,"Hunted (House of Night, #5)","P.C. Cast, Kristin Cast",eng,ENG,3.93,138103,782
784,For One More Day,Mitch Albom,en-US,EN-US,4.09,102193,783
785,"Clear and Present Danger (Jack Ryan Universe, #6)",Tom Clancy,eng,ENG,4.08,105317,784
786,Falling Up,Shel Silverstein,en-US,EN-US,4.33,111779,785
787,Sh*t My Dad Says,Justin Halpern,unknown,UNKNOWN,3.98,102560,786
788,Trainspotting,"Irvine Welsh, Eric Lindor Fall",fre,FRE,4.07,59453,787
789,Foundation and Empire (Foundation #2),Isaac Asimov,eng,ENG,4.2,105595,788
790,The Four Agreements: A Practical Guide to Personal Freedom,Miguel Ruiz,unknown,UNKNOWN,4.12,97016,789
791,House Rules,Jodi Picoult,en-US,EN-US,4.01,111239,790
792,The Complete Grimm's Fairy Tales,"Jacob Grimm, Wilhelm Grimm, Josef Scharl, Padraic Colum, Joseph Campbell, Margaret Raine Hunt, James Stern",eng,ENG,4.31,116324,791
793,From the Mixed-Up Files of Mrs. Basil E. Frankweiler,E.L. Konigsburg,eng,ENG,4.15,134537,792
794,"Doctor Sleep (The Shining, #2)",Stephen King,eng,ENG,4.1,95276,793
795,About a Boy,Nick Hornby,en-US,EN-US,3.79,101999,794
796,"On Dublin Street (On Dublin Street, #1)",Samantha Young,eng,ENG,4.24,136761,795
797,Crazy Love: Overwhelmed by a Relentless God,"Francis Chan, Danae Yankoski, Chris Tomlin",eng,ENG,4.15,106351,796
798,"One Fish, Two Fish, Red Fish, Blue Fish",Dr. Seuss,unknown,UNKNOWN,4.12,117582,797
799,Watchers,Dean Koontz,unknown,UNKNOWN,4.16,109595,798
800,The Story of My Life,Helen Keller,eng,ENG,4.07,107313,799
801,This is Where I Leave You,Jonathan Tropper,eng,ENG,3.88,98645,800
802,Abraham Lincoln: Vampire Hunter,Seth Grahame-Smith,en-US,EN-US,3.7,106336,801
803,"Fruits Basket, Vol. 1","Natsuki Takaya, Alethea Nibley, Athena Nibley",eng,ENG,4.23,118467,802
804,The Tempest,William Shakespeare,en-US,EN-US,3.8,125178,803
805,"Burned (House of Night, #7)","P.C. Cast, Kristin Cast",eng,ENG,3.98,120763,804
806,"Wizard and Glass (The Dark Tower, #4)","Stephen King, Dave McKean",eng,ENG,4.24,105026,805
807,The Circle,Dave Eggers,eng,ENG,3.46,109412,806
808,The Invention of Hugo Cabret,Brian Selznick,eng,ENG,4.23,132159,807
809,Brave New World / Brave New World Revisited,"Aldous Huxley, Christopher Hitchens",eng,ENG,4.16,108124,808
810,"Ouran High School Host Club, Vol. 1 (Ouran High School Host Club, #1)",Bisco Hatori,eng,ENG,4.36,113881,809
811,The Good Girl,Mary Kubica,eng,ENG,3.81,100936,810
812,"Fallen Too Far (Rosemary Beach, #1; Too Far, #1)",Abbi Glines,eng,ENG,4.21,138871,811
813,Landline,Rainbow Rowell,eng,ENG,3.55,113805,812
814,"Tempted (House of Night, #6)","P.C. Cast, Kristin Cast",eng,ENG,3.96,127387,813
815,No Country for Old Men,Cormac McCarthy,eng,ENG,4.12,100513,814
816,"Wolf Hall (Thomas Cromwell, #1)",Hilary Mantel,eng,ENG,3.85,102936,815
817,"Howl's Moving Castle (Howl's Moving Castle, #1)",Diana Wynne Jones,eng,ENG,4.3,123945,816
818,Dreamcatcher,"Stephen King, William Olivier Desmond",fre,FRE,3.59,115855,817
819,Walden,Henry David Thoreau,eng,ENG,3.79,108062,818
820,The Remains of the Day,Kazuo Ishiguro,eng,ENG,4.1,105892,819
821,The Best of Me,Nicholas Sparks,en-US,EN-US,3.91,103915,820
822,The Sense of an Ending,Julian Barnes,eng,ENG,3.7,94968,821
823,"A is for Alibi (Kinsey Millhone, #1)",Sue Grafton,en-US,EN-US,3.82,116026,822
824,"Oedipus Rex  (The Theban Plays, #1)","Sophocles, J.E. Thomas",eng,ENG,3.67,119496,823
825,Shanghai Girls (Shanghai Girls #1),Lisa See,eng,ENG,3.87,106729,824
826,The Wind in the Willows,"Kenneth Grahame, Gillian Avery",eng,ENG,3.98,124612,825
827,"To All the Boys I've Loved Before (To All the Boys I've Loved Before, #1)",Jenny Han,eng,ENG,4.11,136938,826
828,"Persepolis: The Story of a Childhood (Persepolis, #1)","Marjane Satrapi, Mattias Ripa",eng,ENG,4.23,117103,827
829,A Room with a View,E.M. Forster,eng,ENG,3.91,109994,828
830,The DUFF: Designated Ugly Fat Friend,Kody Keplinger,en-US,EN-US,3.86,136736,829
831,Lock and Key,Sarah Dessen,eng,ENG,4.01,120475,830
832,"Naked in Death (In Death, #1)",J.D. Robb,en-US,EN-US,4.13,78028,831
833,The Chamber,John Grisham,eng,ENG,3.76,102715,832
834,"Midnight Sun (Twilight, #1.5)",Stephenie Meyer,eng,ENG,4.03,138118,833
835,"Naruto, Vol. 01: The Tests of the Ninja (Naruto, #1)","Masashi Kishimoto, Katy Bridges",eng,ENG,4.35,104633,834
836,"The Unlikely Pilgrimage of Harold Fry (Harold Fry, #1)",Rachel Joyce,eng,ENG,3.89,94012,835
837,"Every Day (Every Day, #1)",David Levithan,eng,ENG,3.99,121863,836
838,"Xenocide (Ender's Saga, #3)",Orson Scott Card,eng,ENG,3.77,104467,837
839,The Merchant of Venice,"William Shakespeare, Robert          Jackson, Barbara A. Mowat, Paul Werstine",eng,ENG,3.78,115621,838
840,"Shōgun (Asian Saga, #1)",James Clavell,eng,ENG,4.37,104339,839
841,"Lover Awakened (Black Dagger Brotherhood, #3)",J.R. Ward,eng,ENG,4.45,134249,840
842,"A Court of Thorns and Roses (A Court of Thorns and Roses, #1)",Sarah J. Maas,eng,ENG,4.29,167848,841
843,"Fifty Shades Trilogy (Fifty Shades, #1-3)",E.L. James,unknown,UNKNOWN,4.13,76876,842
844,Chicka Chicka Boom Boom,"Bill Martin Jr., John Archambault, Lois Ehlert",eng,ENG,4.21,105192,843
845,Smile,Raina Telgemeier,eng,ENG,4.19,98628,844
846,Animal Farm / 1984,"George Orwell, Christopher Hitchens",eng,ENG,4.26,116197,845
847,"The Deep End of the Ocean (Cappadora Family, #1)",Jacquelyn Mitchard,en-US,EN-US,3.84,102733,846
848,The Bonesetter's Daughter,Amy Tan,en-US,EN-US,3.98,99926,847
849,"Angus, Thongs and Full-Frontal Snogging (Confessions of Georgia Nicolson, #1)",Louise Rennison,eng,ENG,3.74,112733,848
850,"Mr. Penumbra's 24-Hour Bookstore (Mr. Penumbra's 24-Hour Bookstore, #1)",Robin Sloan,eng,ENG,3.75,110552,849
851,"Flowers in the Attic (Dollanganger, #1)",V.C. Andrews,eng,ENG,3.79,109063,850
852,When Breath Becomes Air,"Paul Kalanithi, Abraham Verghese",eng,ENG,4.32,116771,851
853,Maniac Magee,Jerry Spinelli,eng,ENG,3.86,99831,852
854,Invisible Monsters,Chuck Palahniuk,eng,ENG,4.0,54937,853
855,Twelfth Night,William Shakespeare,eng,ENG,3.97,119607,854
856,"Gathering Blue (The Giver, #2)",Lois Lowry,eng,ENG,3.8,114917,855
857,The Westing Game,Ellen Raskin,eng,ENG,4.03,117108,856
858,"Red Rising (Red Rising, #1)",Pierce Brown,eng,ENG,4.26,104939,857
859,"The Way of Shadows (Night Angel, #1)",Brent Weeks,en-US,EN-US,4.15,109236,858
860,"The Bean Trees (Greer Family, #1)",Barbara Kingsolver,eng,ENG,3.94,105032,859
861,"Walking Disaster (Beautiful, #2)",Jamie McGuire,eng,ENG,4.23,134022,860
862,"Words of Radiance (The Stormlight Archive, #2)",Brandon Sanderson,eng,ENG,4.77,73572,861
863,Guess How Much I Love You,"Sam McBratney, Anita Jeram",en-US,EN-US,4.36,104690,862
864,"The Fiery Cross (Outlander, #5)",Diana Gabaldon,eng,ENG,4.26,103552,863
865,Night Shift,"Stephen King, John D. MacDonald",en-GB,EN-GB,3.96,104248,864
866,Jaws,Peter Benchley,eng,ENG,3.96,102574,865
867,The History of Love,Nicole Krauss,eng,ENG,3.91,98379,866
868,Pippi Longstocking,"Astrid Lindgren, Lauren Child, Florence Lamborn, Nancy Seligsohn",eng,ENG,4.11,123065,867
869,The Elegance of the Hedgehog,"Muriel Barbery, Alison Anderson",eng,ENG,3.73,101669,868
870,Team of Rivals: The Political Genius of Abraham Lincoln,"Doris Kearns Goodwin, Suzanne Toren",eng,ENG,4.3,102923,869
871,"Dead in the Family (Sookie Stackhouse, #10)",Charlaine Harris,en-US,EN-US,3.88,127379,870
872,The Plague,"Albert Camus, Stuart Gilbert",en-US,EN-US,3.97,95803,871
873,"The Reptile Room (A Series of Unfortunate Events, #2)","Lemony Snicket, Brett Helquist",eng,ENG,3.95,130213,872
874,Brain on Fire: My Month of Madness,Susannah Cahalan,eng,ENG,4.0,92849,873
875,"Wicked Lovely (Wicked Lovely, #1)",Melissa Marr,en-US,EN-US,3.69,131034,874
876,Curious George,H.A. Rey,en-CA,EN-CA,4.13,105473,875
877,The Neverending Story,"Michael Ende, Ralph Manheim, Roswitha Quadflieg",eng,ENG,4.17,109110,876
878,A Beautiful Mind,Sylvia Nasar,en-GB,EN-GB,4.12,98276,877
879,The Jungle,"Upton Sinclair, Earl Lee, Kathleen DeGrave",eng,ENG,3.72,97468,878
880,"The Summoning (Darkest Powers, #1)",Kelley Armstrong,en-US,EN-US,4.03,132285,879
881,The Man Who Mistook His Wife for a Hat and Other Clinical Tales,Oliver Sacks,en-US,EN-US,4.04,102419,880
882,Eye of the Needle,Ken Follett,en-US,EN-US,4.16,93475,881
883,The Blind Assassin,Margaret Atwood,eng,ENG,3.95,98464,882
884,"Hollow City (Miss Peregrine’s Peculiar Children, #2)",Ransom Riggs,eng,ENG,4.07,73149,883
885,House of Sand and Fog,Andre Dubus III,eng,ENG,3.83,55381,884
886,The Girl with All the Gifts,M.R. Carey,eng,ENG,3.93,99729,885
887,As I Lay Dying,William Faulkner,eng,ENG,3.72,103547,886
888,Harold and the Purple Crayon,Crockett Johnson,eng,ENG,4.24,107221,887
889,"Lover Eternal (Black Dagger Brotherhood, #2)",J.R. Ward,eng,ENG,4.35,137558,888
890,Second Foundation (Foundation #3),Isaac Asimov,eng,ENG,4.23,96865,889
891,"Fool Moon (The Dresden Files, #2)",Jim Butcher,eng,ENG,4.04,111371,890
892,"David and Goliath: Underdogs, Misfits, and the Art of Battling Giants",Malcolm Gladwell,eng,ENG,3.9,90083,891
893,"Fullmetal Alchemist, Vol. 1 (Fullmetal Alchemist, #1)","Hiromu Arakawa, Akira Watanabe",eng,ENG,4.49,93990,892
894,"Guards! Guards! (Discworld, #8)",Terry Pratchett,eng,ENG,4.32,108652,893
895,The Year of Magical Thinking,Joan Didion,eng,ENG,3.86,94590,894
896,We Need to Talk About Kevin,Lionel Shriver,eng,ENG,4.07,101343,895
897,"Rendezvous with Rama (Rama, #1)",Arthur C. Clarke,eng,ENG,4.06,93151,896
898,"The Queen of the Damned (The Vampire Chronicles, #3)",Anne Rice,eng,ENG,3.86,110693,897
899,The Age of Innocence,"Edith Wharton, Maureen Howard",eng,ENG,3.93,102646,898
900,The Selfish Gene,Richard Dawkins,eng,ENG,4.11,96564,899
901,Year of Wonders,Geraldine Brooks,eng,ENG,4.0,104283,900
902,"The Black Echo (Harry Bosch, #1; Harry Bosch Universe, #1)",Michael Connelly,eng,ENG,4.08,98591,901
903,Anthem,Ayn Rand,eng,ENG,3.62,95620,902
904,"Gabriel's Inferno (Gabriel's Inferno, #1)",Sylvain Reynard,eng,ENG,4.02,119633,903
905,Cloudy With a Chance of Meatballs,"Judi Barrett, Ron Barrett",eng,ENG,4.15,104677,904
906,Major Pettigrew's Last Stand,Helen Simonson,eng,ENG,3.87,97745,905
907,"Vision in White (Bride Quartet, #1)",Nora Roberts,eng,ENG,4.1,103933,906
908,The Tenth Circle,Jodi Picoult,eng,ENG,3.48,99170,907
909,"The Throne of Fire (Kane Chronicles, #2)",Rick Riordan,eng,ENG,4.2,116360,908
910,"Old Man's War (Old Man's War, #1)",John Scalzi,eng,ENG,4.23,97653,909
911,Gerald's Game,Stephen King,eng,ENG,3.47,100158,910
912,"Two for the Dough (Stephanie Plum, #2)",Janet Evanovich,eng,ENG,4.11,116171,911
913,The Joy of Cooking,"Irma S. Rombauer, Marion Rombauer Becker, Ethan Becker",unknown,UNKNOWN,4.14,102348,912
914,"The Forever War (The Forever War, #1)",Joe Haldeman,eng,ENG,4.15,87636,913
915,Insomnia,"Stephen King, Bettina Blanch Tyroller",spa,SPA,3.79,100972,914
916,Reading Lolita in Tehran,Azar Nafisi,eng,ENG,3.57,94696,915
917,"The Blade Itself (The First Law, #1)",Joe Abercrombie,eng,ENG,4.14,97501,916
918,"The Arctic Incident (Artemis Fowl, #2)",Eoin Colfer,eng,ENG,3.94,108031,917
919,The Shipping News,Annie Proulx,eng,ENG,3.83,103151,918
920,The Life-Changing Magic of Tidying Up: The Japanese Art of Decluttering and Organizing,"Marie Kondō, Cathy Hirano",eng,ENG,3.77,105063,919
921,All the Bright Places,"Jennifer Niven, فرانک معنوی",eng,ENG,4.19,132087,920
922,"Déjà Dead (Temperance Brennan, #1)",Kathy Reichs,eng,ENG,3.86,100369,921
923,"The Alchemyst (The Secrets of the Immortal Nicholas Flamel, #1)",Michael Scott,eng,ENG,3.84,58396,922
924,The Marriage Plot,Jeffrey Eugenides,eng,ENG,3.42,90551,923
925,Daughter of Fortune,"Isabel Allende, Margaret Sayers Peden",eng,ENG,3.89,89770,924
926,Luckiest Girl Alive,Jessica Knoll,eng,ENG,3.48,82504,925
927,"Crank (Crank, #1)",Ellen Hopkins,eng,ENG,4.16,104168,926
928,"The Raven Boys (The Raven Cycle, #1)",Maggie Stiefvater,eng,ENG,4.05,121727,927
929,I Am Legend and Other Stories,Richard Matheson,eng,ENG,3.99,98795,928
930,Olive Kitteridge,Elizabeth Strout,eng,ENG,3.78,85019,929
931,"Not That Kind of Girl: A Young Woman Tells You What She's ""Learned""","Lena Dunham, Joana Avillez",eng,ENG,3.33,88251,930
932,Good to Great: Why Some Companies Make the Leap... and Others Don't,James C. Collins,eng,ENG,4.04,85277,931
933,"Fire (Graceling Realm, #2)",Kristin Cashore,en-US,EN-US,4.12,98180,932
934,Waiting for Godot,Samuel Beckett,eng,ENG,3.81,98950,933
935,White Fang,Jack London,eng,ENG,3.94,100223,934
936,"Wolves of the Calla (The Dark Tower, #5)","Stephen King, Bernie Wrightson",eng,ENG,4.17,98182,935
937,His Dark Materials (His Dark Materials #1-3),Philip Pullman,eng,ENG,4.25,88227,936
938,"The Edge of Never (The Edge of Never, #1)",J.A. Redmerski,en-US,EN-US,4.26,117508,937
939,Reconstructing Amelia,Kimberly McCreight,eng,ENG,3.82,86965,938
940,One Plus One,Jojo Moyes,eng,ENG,3.94,87412,939
941,The Hours,Michael Cunningham,en-US,EN-US,3.91,97462,940
942,"Wallbanger (Cocktail, #1)",Alice Clayton,eng,ENG,4.1,134805,941
943,Holidays on Ice,David Sedaris,eng,ENG,3.95,82591,942
944,Desperation,Stephen King,eng,ENG,3.8,94821,943
945,"Passion (Fallen, #3)",Lauren Kate,eng,ENG,3.89,119735,944
946,"The Kill Order (Maze Runner, #0.5)",James Dashner,eng,ENG,3.69,96568,945
947,"Angelfall (Penryn & the End of Days, #1)",Susan Ee,en-US,EN-US,4.19,73886,946
948,Empire Falls,Richard Russo,eng,ENG,3.91,90811,947
949,"The Fires of Heaven (Wheel of Time, #5)",Robert Jordan,en-US,EN-US,4.13,93227,948
950,I'll Give You the Sun,Jandy Nelson,eng,ENG,4.14,140937,949
951,Survivor,Chuck Palahniuk,en-US,EN-US,3.93,49551,950
952,"Shopaholic & Baby (Shopaholic, #5)",Sophie Kinsella,eng,ENG,3.77,98130,951
953,"The Dark Tower (The Dark Tower, #7)",Stephen King,en-US,EN-US,4.27,93296,952
954,Twilight Director's Notebook : The Story of How We Made the Movie Based on the Novel by Stephenie Meyer,Catherine Hardwicke,en-US,EN-US,4.2,88847,953
955,"Shopaholic Takes Manhattan (Shopaholic, #2)",Sophie Kinsella,en-US,EN-US,3.75,93498,954
956,"Surely You're Joking, Mr. Feynman!: Adventures of a Curious Character",Richard Feynman,en-US,EN-US,4.29,91625,955
957,"Linger (The Wolves of Mercy Falls, #2)",Maggie Stiefvater,en-US,EN-US,3.91,125363,956
958,"The Complete Anne of Green Gables Boxed Set (Anne of Green Gables, #1-8)",L.M. Montgomery,unknown,UNKNOWN,4.42,92142,957
959,A Portrait of the Artist as a Young Man,"James Joyce, Seamus Deane",eng,ENG,3.6,92569,958
960,"The Gathering Storm (Wheel of Time, #12)","Robert Jordan, Brandon Sanderson",eng,ENG,4.34,94095,959
961,Middlemarch,"George Eliot, Michel Faber",eng,ENG,3.93,95995,960
962,"Point of Retreat (Slammed, #2)",Colleen Hoover,eng,ENG,4.3,109344,961
963,The Partner,John Grisham,unknown,UNKNOWN,3.89,86870,962
964,J.R.R. Tolkien 4-Book Boxed Set: The Hobbit and The Lord of the Rings,J.R.R. Tolkien,eng,ENG,4.59,90907,963
965,"Thoughtless (Thoughtless, #1)",S.C. Stephens,eng,ENG,4.12,90483,964
966,Presumed Innocent,Scott Turow,unknown,UNKNOWN,4.1,91774,965
967,The Dark Half,Stephen King,eng,ENG,3.74,94624,966
968,Cleopatra: A Life,Stacy Schiff,eng,ENG,3.62,73994,967
969,The World Is Flat: A Brief History of the Twenty-first Century,Thomas L. Friedman,en-US,EN-US,3.66,78271,968
970,"Steelheart (The Reckoners, #1)",Brandon Sanderson,eng,ENG,4.16,76261,969
971,The Rainbow Fish,"Marcus Pfister, J. Alison James",en-US,EN-US,4.15,95421,970
972,"Journey to the Center of the Earth (Extraordinary Voyages, #3)",Jules Verne,eng,ENG,3.84,89410,971
973,"The Happiness Project: Or Why I Spent a Year Trying to Sing in the Morning, Clean My Closets, Fight Right, Read Aristotle, and Generally Have More Fun",Gretchen Rubin,eng,ENG,3.57,94456,972
974,The Man in the High Castle,Philip K. Dick,eng,ENG,3.66,84180,973
975,Helter Skelter: The True Story of the Manson Murders,"Vincent Bugliosi, Curt Gentry",en-GB,EN-GB,4.0,92158,974
976,"Dr. Seuss's Green Eggs and Ham: For Soprano, Boy Soprano, and Orchestra","Robert Kapilow, Dr. Seuss",unknown,UNKNOWN,4.44,90574,975
977,Inferno (The Divine Comedy #1),"Dante Alighieri, Anthony M. Esolen",unknown,UNKNOWN,3.99,87511,976
978,"Shadow of Night (All Souls Trilogy, #2)",Deborah Harkness,eng,ENG,4.04,97925,977
979,Leaving Time,Jodi Picoult,eng,ENG,3.94,76553,978
980,"Moon Called (Mercy Thompson, #1)",Patricia Briggs,eng,ENG,4.18,129150,979
981,"Blue Bloods (Blue Bloods, #1)",Melissa de la Cruz,en-US,EN-US,3.68,116687,980
982,"The Alienist (Dr. Laszlo Kreizler, #1)",Caleb Carr,eng,ENG,4.05,96981,981
983,Between the World and Me,Ta-Nehisi Coates,eng,ENG,4.4,74218,982
984,Paradise Lost,"John Milton, John      Leonard",eng,ENG,3.8,96316,983
985,The Big Short: Inside the Doomsday Machine,Michael   Lewis,en-US,EN-US,4.26,37090,984
986,The Girl Who Loved Tom Gordon,Stephen King,unknown,UNKNOWN,3.56,95768,985
987,A Monster Calls,"Patrick Ness, Jim Kay, Siobhan Dowd",eng,ENG,4.36,104579,986
988,"Towers of Midnight (Wheel of Time, #13)","Robert Jordan, Brandon Sanderson",en-US,EN-US,4.42,91383,987
989,The Day of the Jackal,Frederick Forsyth,eng,ENG,4.25,85883,988
990,Rework,"Jason Fried, David Heinemeier Hansson",eng,ENG,3.93,88626,989
991,Attachments,Rainbow Rowell,eng,ENG,3.95,105414,990
992,"The Twilight Saga (Twilight, #1-4)","Stephenie Meyer, Ilyana Kadushin, Matt Walters",unknown,UNKNOWN,3.88,89204,991
993,Tell the Wolves I'm Home,Carol Rifka Brunt,eng,ENG,4.04,85582,992
994,"All Creatures Great and Small (All Creatures Great and Small, #1-2)",James Herriot,eng,ENG,4.31,64779,993
995,"The Unbecoming of Mara Dyer (Mara Dyer, #1)",Michelle Hodkin,eng,ENG,4.09,83847,994
996,"Three to Get Deadly (Stephanie Plum, #3)",Janet Evanovich,en-US,EN-US,4.14,113400,995
997,The Scarlet Pimpernel,Emmuska Orczy,eng,ENG,4.06,93217,996
998,The Monster at the End of this Book,"Jon Stone, Michael J. Smollin",eng,ENG,4.45,102184,997
999,"Tales of a Fourth Grade Nothing (Fudge, #1)",Judy Blume,eng,ENG,4.09,106435,998
1000,"Shadow and Bone (Shadow and Bone, #1)",Leigh Bardugo,eng,ENG,4.05,135225,999
1001,The Dinner,"Herman Koch, Sam Garrett",eng,ENG,3.22,74979,1000
1002,"Champion (Legend, #3)",Marie Lu,eng,ENG,4.37,114623,1001
1003,Contact,Carl Sagan,eng,ENG,4.11,90917,1002
1004,"Lola and the Boy Next Door (Anna and the French Kiss, #2)",Stephanie Perkins,en-US,EN-US,4.0,108370,1003
1005,White Teeth,Zadie Smith,en-US,EN-US,3.75,82474,1004
1006,American Sniper: The Autobiography of the Most Lethal Sniper in U.S. Military History,"Chris Kyle, Scott McEwen, Jim DeFelice",eng,ENG,3.97,61422,1005
1007,My Horizontal Life: A Collection of One-Night Stands,Chelsea Handler,en-GB,EN-GB,3.79,83607,1006
1008,"The Power of Six (Lorien Legacies, #2)",Pittacus Lore,eng,ENG,4.17,97938,1007
1009,The Interestings,Meg Wolitzer,eng,ENG,3.54,76566,1008
1010,The Essential Calvin and Hobbes: A Calvin and Hobbes Treasury,Bill Watterson,en-US,EN-US,4.65,93001,1009
1011,People of the Book,Geraldine Brooks,eng,ENG,4.0,95796,1010
1012,The Secret Keeper,Kate Morton,unknown,UNKNOWN,4.13,89460,1011
1013,Better Homes and Gardens New Cook Book  ,Better Homes and Gardens,unknown,UNKNOWN,4.14,93640,1012
1014,"So Long, and Thanks for All the Fish (Hitchhiker's Guide to the Galaxy, #4)",Douglas Adams,eng,ENG,4.08,93774,1013
1015,Steppenwolf,"Hermann Hesse, Basil Creighton",eng,ENG,4.11,80769,1014
1016,"The Surgeon (Rizzoli & Isles, #1)",Tess Gerritsen,en-GB,EN-GB,4.1,89468,1015
1017,The Girl You Left Behind,Jojo Moyes,eng,ENG,3.95,80991,1016
1018,"Royal Assassin (Farseer Trilogy, #2)",Robin Hobb,eng,ENG,4.21,82608,1017
1019,Childhood's End,Arthur C. Clarke,en-US,EN-US,4.09,87141,1018
1020,The Tale of Despereaux,"Kate DiCamillo, Timothy Basil Ering",en-US,EN-US,4.0,113066,1019
1021,"Animal, Vegetable, Miracle: A Year of Food Life","Barbara Kingsolver, Steven L. Hopp, Camille Kingsolver, Richard A. Houser",en-US,EN-US,4.03,83881,1020
1022,"Heir of Fire (Throne of Glass, #3)",Sarah J. Maas,eng,ENG,4.53,123843,1021
1023,"Lord of Chaos (Wheel of Time, #6)",Robert Jordan,eng,ENG,4.1,91046,1022
1024,"The Sweetness at the Bottom of the Pie (Flavia de Luce, #1)",Alan Bradley,eng,ENG,3.81,99841,1023
1025,Blue Like Jazz: Nonreligious Thoughts on Christian Spirituality,Donald Miller,en-US,EN-US,3.92,82090,1024
1026,"A Breath of Snow and Ashes (Outlander, #6)",Diana Gabaldon,eng,ENG,4.43,87098,1025
1027,"The Blood of Olympus (The Heroes of Olympus, #5)",Rick Riordan,eng,ENG,4.41,110719,1026
1028,Truly Madly Guilty,Liane Moriarty,eng,ENG,3.55,90477,1027
1029,"Saga, Vol. 1 (Saga, #1)","Brian K. Vaughan, Fiona Staples",eng,ENG,4.25,131906,1028
1030,The Art of Fielding,Chad Harbach,eng,ENG,3.99,81712,1029
1031,A Moveable Feast,Ernest Hemingway,eng,ENG,4.04,69992,1030
1032,"Fablehaven (Fablehaven, #1)",Brandon Mull,eng,ENG,4.08,99390,1031
1033,"The Wide Window (A Series of Unfortunate Events, #3)","Lemony Snicket, Brett Helquist",eng,ENG,3.91,118624,1032
1034,"Grave Peril (The Dresden Files, #3)",Jim Butcher,eng,ENG,4.18,97736,1033
1035,Einstein: His Life and Universe,Walter Isaacson,eng,ENG,4.08,71156,1034
1036,"Effortless (Thoughtless, #2)",S.C. Stephens,eng,ENG,4.37,83085,1035
1037,The Street Lawyer,John Grisham,eng,ENG,3.81,80577,1036
1038,"Roll of Thunder, Hear My Cry (Logans, #4)",Mildred D. Taylor,eng,ENG,3.79,92980,1037
1039,"Pride and Prejudice and Zombies (Pride and Prejudice and Zombies, #1)","Seth Grahame-Smith, Jane Austen",eng,ENG,3.28,103995,1038
1040,Let's Explore Diabetes with Owls,David Sedaris,eng,ENG,3.8,81616,1039
1041,The Idiot,"Fyodor Dostoyevsky, Constance Garnett, Alan Myers, Joseph Frank, Anna Brailovsky",eng,ENG,4.18,74642,1040
1042,Dirk Gently's Holistic Detective Agency (Dirk Gently #1),Douglas Adams,en-US,EN-US,3.97,89569,1041
1043,"Rodrick Rules (Diary of a Wimpy Kid, #2)",Jeff Kinney,en-US,EN-US,4.1,91831,1042
1044,Why Not Me?,Mindy Kaling,eng,ENG,3.89,74199,1043
1045,"Four: A Divergent Story Collection (Divergent, #0.1 - 0.4)",Veronica Roth,eng,ENG,4.1,97058,1044
1046,Modern Romance,"Aziz Ansari, Eric Klinenberg",eng,ENG,3.85,94231,1045
1047,The One and Only Ivan,"Katherine Applegate, Patricia Castelao",eng,ENG,4.24,85136,1046
1048,The Perfect Storm: A True Story of Men Against the Sea,Sebastian Junger,en-US,EN-US,4.07,45382,1047
1049,"Elantris (Elantris, #1)",Brandon Sanderson,eng,ENG,4.17,95950,1048
1050,"The Knife of Never Letting Go (Chaos Walking, #1)",Patrick Ness,eng,ENG,3.96,99638,1049
1051,One Thousand White Women: The Journals of May Dodd (One Thousand White Women#1),Jim Fergus,eng,ENG,3.88,84367,1050
1052,Handle with Care,Jodi Picoult,eng,ENG,3.96,90138,1051
1053,"Song of Susannah (The Dark Tower, #6)","Stephen King, Darrel Anderson",eng,ENG,3.98,84957,1052
1054,"Reached (Matched, #3)",Ally Condie,unknown,UNKNOWN,3.56,109290,1053
1055,Midnight's Children,Salman Rushdie,eng,ENG,3.99,75502,1054
1056,The Zombie Survival Guide: Complete Protection from the Living Dead,Max Brooks,eng,ENG,3.86,82535,1055
1057,The Testament,John Grisham,unknown,UNKNOWN,3.83,80377,1056
1058,"Murder at the Vicarage (Miss Marple, #1)",Agatha Christie,eng,ENG,4.03,93963,1057
1059,"Among the Hidden (Shadow Children, #1)",Margaret Peterson Haddix,eng,ENG,3.97,94478,1058
1060,In Defense of Food: An Eater's Manifesto,Michael Pollan,en-US,EN-US,4.07,80434,1059
1061,The Witch of Blackbird Pond,Elizabeth George Speare,en-US,EN-US,3.97,105770,1060
1062,"The Heir (The Selection, #4)",Kiera Cass,eng,ENG,3.85,111044,1061
1063,"Shopaholic Ties the Knot (Shopaholic, #3)",Sophie Kinsella,eng,ENG,3.77,88139,1062
1064,The Woman in White,"Wilkie Collins, Matthew Sweet",eng,ENG,3.98,93134,1063
1065,"Career of Evil (Cormoran Strike, #3)","Robert Galbraith, J.K. Rowling",eng,ENG,4.21,66979,1064
1066,"The Summer I Turned Pretty (Summer, #1)",Jenny Han,en-US,EN-US,3.96,104730,1065
1067,"Four to Score (Stephanie Plum, #4)",Janet Evanovich,en-US,EN-US,4.17,106871,1066
1068,The Color of Water: A Black Man's Tribute to His White Mother,James McBride,en-US,EN-US,4.06,80906,1067
1069,"SuperFreakonomics: Global Cooling, Patriotic Prostitutes And Why Suicide Bombers Should Buy Life Insurance","Steven D. Levitt, Stephen J. Dubner",en-US,EN-US,3.95,85006,1068
1070,"Darkfever (Fever, #1)",Karen Marie Moning,eng,ENG,4.14,110812,1069
1071,"Stone of Tears (Sword of Truth, #2)",Terry Goodkind,en-US,EN-US,4.1,83235,1070
1072,Heart of the Matter,Emily Giffin,en-US,EN-US,3.73,83461,1071
1073,Vanity Fair,"William Makepeace Thackeray, John Carey",eng,ENG,3.76,91323,1072
1074,The Sirens of Titan,Kurt Vonnegut Jr.,en-GB,EN-GB,4.16,72493,1073
1075,Dolores Claiborne,"Stephen King, Dominique Dill",fre,FRE,3.81,71053,1074
1076,The Nest,Cynthia D'Aprix Sweeney,eng,ENG,3.45,79762,1075
1077,"Fables, Vol. 1: Legends in Exile","Bill Willingham, Lan Medina, Steve Leialoha, Craig Hamilton, James Jean",eng,ENG,3.99,101016,1076
1078,Getting Things Done: The Art of Stress-Free Productivity,David    Allen,en-GB,EN-GB,3.98,75665,1077
1079,"The Celestine Prophecy (Celestine Prophecy, #1)",James Redfield,en-US,EN-US,3.6,72675,1078
1080,My Life Next Door,Huntley Fitzpatrick,eng,ENG,4.02,102012,1079
1081,Winter of the World (The Century Trilogy #2),Ken Follett,eng,ENG,4.29,71971,1080
1082,Colorless Tsukuru Tazaki and His Years of Pilgrimage,"Haruki Murakami, Philip Gabriel",eng,ENG,3.82,67873,1081
1083,Lucky,Alice Sebold,eng,ENG,3.77,77462,1082
1084,To the Lighthouse,Virginia Woolf,eng,ENG,3.76,83066,1083
1085,Five Point Someone,Chetan Bhagat,en-GB,EN-GB,3.43,67438,1084
1086,"Guilty Pleasures (Anita Blake, Vampire Hunter, #1)",Laurell K. Hamilton,eng,ENG,4.02,104252,1085
1087,I Am the Messenger,Markus Zusak,en-US,EN-US,4.09,93119,1086
1088,Far from the Madding Crowd,"Thomas Hardy, Rosemarie Morgan, Shannon Russell",eng,ENG,3.92,87427,1087
1089,"Equal Rites (Discworld, #3; Witches #1)",Terry Pratchett,eng,ENG,4.0,88673,1088
1090,House of Leaves,Mark Z. Danielewski,eng,ENG,4.13,75469,1089
1091,"Cruel & Unusual (Kay Scarpetta, #4)",Patricia Cornwell,nl,NL,4.11,83695,1090
1092,Sycamore Row,John Grisham,eng,ENG,3.98,56315,1091
1093,"Awakened (House of Night, #8)","P.C. Cast, Kristin Cast",en-US,EN-US,4.02,101234,1092
1094,My Ántonia,Willa Cather,eng,ENG,3.76,81102,1093
1095,"Life As We Knew It (Last Survivors, #1)",Susan Beth Pfeffer,eng,ENG,3.89,94282,1094
1096,America (The Book): A Citizen's Guide to Democracy Inaction,"Jon Stewart, Ben Karlin, David Javerbaum, Rich Bloomquist, Steve Bodow, Tim Carvell, Eric Drysdale, J.R. Havlan, Scott Jacobson, Tom Johnson, Rob Kutner, Chris Regan, Jason Reich, Jason Ross, Stephen Colbert, Samantha Bee, Rob Corddry, Brendan Hay, Ed Helms",eng,ENG,4.02,74511,1095
1097,90 Minutes in Heaven: A True Story of Death and Life,"Don Piper, Cecil Murphey",unknown,UNKNOWN,3.91,67937,1096
1098,The Longest Ride,Nicholas Sparks,eng,ENG,4.14,71276,1097
1099,Tao Te Ching,"Lao Tzu, Gia-Fu Feng, Jane English, Chungliang Al Huang, Rowena Pattee Kryder, Toinette Lippe",eng,ENG,4.31,39863,1098
1100,"Kane and Abel (Kane and Abel, #1)",Jeffrey Archer,en-US,EN-US,4.27,74052,1099
1101,Change of Heart,Jodi Picoult,en-US,EN-US,3.91,86471,1100
1102,Dry,Augusten Burroughs,eng,ENG,4.01,70550,1101
1103,Sam's Letters to Jennifer,James Patterson,unknown,UNKNOWN,4.15,77538,1102
1104,"Grey (Fifty Shades, #4)",E.L. James,en-GB,EN-GB,3.76,75320,1103
1105,Dune Messiah (Dune Chronicles #2),Frank Herbert,eng,ENG,3.86,82580,1104
1106,The Great Divorce,C.S. Lewis,en-US,EN-US,4.28,75031,1105
1107,Little Earthquakes,Jennifer Weiner,unknown,UNKNOWN,3.76,77592,1106
1108,The Complete Fairy Tales,"Hans Christian Andersen, Lily Owens, Arthur Rackham, Hans Richter",eng,ENG,4.28,90999,1107
1109,"New Moon: The Complete Illustrated Movie Companion (The Twilight Saga: The Official Illustrated Movie Companion, #2)",Mark Cotta Vaz,en-US,EN-US,4.34,82399,1108
1110,"Maybe Someday (Maybe, #1)",Colleen Hoover,eng,ENG,4.33,81707,1109
1111,Mr. Maybe,Jane Green,eng,ENG,3.41,78132,1110
1112,"Anne of the Island (Anne of Green Gables, #3)",L.M. Montgomery,eng,ENG,4.21,97049,1111
1113,Thus Spoke Zarathustra,"Friedrich Nietzsche, Walter Kaufmann",eng,ENG,4.05,65362,1112
1114,North and South,"Elizabeth Gaskell, Alan Shelston",eng,ENG,4.13,95274,1113
1115,A Stolen Life,Jaycee Dugard,en-US,EN-US,3.89,72713,1114
1116,"The Immortals of Meluha (Shiva Trilogy, #1)",Amish Tripathi,eng,ENG,4.0,62784,1115
1117,"The Lost World (Jurassic Park, #2)",Michael Crichton,eng,ENG,3.72,83389,1116
1118,"Requiem (Delirium, #3)",Lauren Oliver,eng,ENG,3.74,100593,1117
1119,"A Crown of Swords (Wheel of Time, #7)",Robert Jordan,eng,ENG,4.0,86421,1118
1120,Aesop's Fables,"Aesop, Laura Harris, Laura Gibbs",eng,ENG,4.05,88508,1119
1121,"Blood Meridian, or the Evening Redness in the West",Cormac McCarthy,eng,ENG,4.18,71095,1120
1122,"Finale (Hush, Hush, #4)",Becca Fitzpatrick,eng,ENG,4.22,107569,1121
1123,Skeleton Crew,Stephen King,eng,ENG,3.93,82320,1122
1124,Lullaby,Chuck Palahniuk,unknown,UNKNOWN,3.73,66713,1123
1125,2 States: The Story of My Marriage,Chetan Bhagat,eng,ENG,3.42,67866,1124
1126,"Vampire Knight, Vol. 1 (Vampire Knight, #1)","Matsuri Hino, Tomo Kimura",eng,ENG,4.1,89733,1125
1127,"Summer Knight (The Dresden Files, #4)",Jim Butcher,eng,ENG,4.3,91012,1126
1128,"Dragonflight (Dragonriders of Pern, #1)","Anne McCaffrey, Teodor Panasiński",eng,ENG,4.1,95378,1127
1129,"The History of the Hobbit, Part One: Mr. Baggins","John D. Rateliff, J.R.R. Tolkien",eng,ENG,3.81,108399,1128
1130,Ugly Love,Colleen Hoover,eng,ENG,4.3,107583,1129
1131,"Chocolat (Chocolat, #1)",Joanne Harris,eng,ENG,3.95,84770,1130
1132,The Amityville Horror,Jay Anson,eng,ENG,3.82,80959,1131
1133,The English Patient,Michael Ondaatje,unknown,UNKNOWN,3.88,83741,1132
1134,"Gabriel's Rapture (Gabriel's Inferno, #2)",Sylvain Reynard,eng,ENG,4.22,91213,1133
1135,Dubliners,"James Joyce, Jeri Johnson",eng,ENG,3.85,73140,1134
1136,Let the Great World Spin,Colum McCann,en-US,EN-US,3.93,71515,1135
1137,"The Eternity Code (Artemis Fowl, #3)",Eoin Colfer,eng,ENG,4.04,94437,1136
1138,Tell No One,Harlan Coben,eng,ENG,4.11,78070,1137
1139,The Tommyknockers,Stephen King,eng,ENG,3.48,89262,1138
1140,"Hex Hall (Hex Hall, #1)",Rachel Hawkins,eng,ENG,3.96,109881,1139
1141,Steal Like an Artist: 10 Things Nobody Told You About Being Creative,Austin Kleon,en-US,EN-US,3.86,93625,1140
1142,Cryptonomicon,Neal Stephenson,eng,ENG,4.25,72683,1141
1143,"Beautiful Bastard (Beautiful Bastard, #1)",Christina Lauren,eng,ENG,4.05,111668,1142
1144,Prodigal Summer,Barbara Kingsolver,en-US,EN-US,3.98,78529,1143
1145,We Were the Mulvaneys,Joyce Carol Oates,eng,ENG,3.7,77251,1144
1146,Understanding Comics: The Invisible Art,Scott McCloud,en-US,EN-US,3.98,77277,1145
1147,"Beautiful Darkness (Caster Chronicles, #2)","Kami Garcia, Margaret Stohl",en-US,EN-US,3.84,95447,1146
1148,The Psychopath Test: A Journey Through the Madness Industry,Jon Ronson,eng,ENG,3.91,44097,1147
1149,Vanishing Acts,Jodi Picoult,en-US,EN-US,3.68,79662,1148
1150,Absolute Power,David Baldacci,eng,ENG,4.15,72481,1149
1151,"Hot Six (Stephanie Plum, #6)",Janet Evanovich,eng,ENG,4.18,99329,1150
1152,The Time Keeper,Mitch Albom,eng,ENG,3.85,72277,1151
1153,"A Dirty Job (Grim Reaper, #1)",Christopher Moore,en-US,EN-US,4.08,78523,1152
1154,Moneyball: The Art of Winning an Unfair Game,Michael   Lewis,en-US,EN-US,4.24,66406,1153
1155,"The Amulet of Samarkand (Bartimaeus, #1)",Jonathan Stroud,en-US,EN-US,3.99,86062,1154
1156,I Am America (And So Can You!),"Stephen Colbert, Richard Dahm, Paul Dinello, Allison Silverman, Michael Brumm, Eric Drydale, Rob Dubbin, Glenn Eichler, Peter Grosz, Peter Gwinn, Jay Katsir, Laura Krafft, Frank Lesser, Tom Purcell",en-US,EN-US,3.91,71023,1155
1157,The One Minute Manager,"Kenneth H. Blanchard, Spencer Johnson",en-US,EN-US,3.85,70241,1156
1158,Exodus,Leon Uris,eng,ENG,4.33,77258,1157
1159,Stones from the River,Ursula Hegi,en-GB,EN-GB,4.07,80056,1158
1160,"The Big Sleep (Philip Marlowe, #1)",Raymond Chandler,eng,ENG,4.04,84489,1159
1161,Cannery Row,John Steinbeck,eng,ENG,4.02,81598,1160
1162,Seriously... I'm Kidding,Ellen DeGeneres,en-US,EN-US,3.72,74358,1161
1163,"The Miserable Mill (A Series of Unfortunate Events, #4)","Lemony Snicket, Brett Helquist",en-US,EN-US,3.83,101325,1162
1164,The Snow Child,Eowyn Ivey,eng,ENG,3.95,72328,1163
1165,"Wait for You (Wait for You, #1)","J. Lynn, Jennifer L. Armentrout",eng,ENG,4.19,106236,1164
1166,"The Last Straw (Diary of a Wimpy Kid, #3)",Jeff Kinney,eng,ENG,4.11,82518,1165
1167,The Divine Comedy,"Dante Alighieri, Allen Mandelbaum, Eugenio Montale",eng,ENG,4.06,74130,1166
1168,The Tao of Pooh,"Benjamin Hoff, Ernest H. Shepard",eng,ENG,4.01,69975,1167
1169,"Onyx (Lux, #2)",Jennifer L. Armentrout,eng,ENG,4.33,111448,1168
1170,"Unravel Me (Shatter Me, #2)",Tahereh Mafi,eng,ENG,4.28,109183,1169
1171,The Birth of Venus,Sarah Dunant,en-US,EN-US,3.79,78129,1170
1172,"The Opal Deception  (Artemis Fowl, #4)",Eoin Colfer,eng,ENG,4.04,95638,1171
1173,"The Girl in the Spider's Web (Millennium, #4)","David Lagercrantz, Stieg Larsson, George Goulding",eng,ENG,3.73,53751,1172
1174,The Girls,Emma Cline,eng,ENG,3.49,76761,1173
1175,"The Goose Girl (The Books of Bayern, #1)",Shannon Hale,en-US,EN-US,4.18,92952,1174
1176,Mystic River,Dennis Lehane,en-US,EN-US,4.19,86103,1175
1177,"Warm Bodies (Warm Bodies, #1)",Isaac Marion,unknown,UNKNOWN,3.93,66381,1176
1178,The Prince and the Pauper,"Mark Twain, Everett H. Emerson",eng,ENG,3.84,84682,1177
1179,The Moon is a Harsh Mistress,Robert A. Heinlein,eng,ENG,4.17,80366,1178
1180,The Forty Rules of Love,"Elif Shafak, إليف شافاق, ارسلان فصیحی, محمد درويش",eng,ENG,4.17,35283,1179
1181,"High Five (Stephanie Plum, #5)",Janet Evanovich,eng,ENG,4.17,92737,1180
1182,Joyland,Stephen King,eng,ENG,3.9,75018,1181
1183,"Attack on Titan, Vol. 1 (Attack on Titan, #1)","Hajime Isayama, Sheldon Drzka",eng,ENG,4.42,82565,1182
1184,Tender Is the Night,F. Scott Fitzgerald,en-US,EN-US,3.83,79008,1183
1185,Cold Sassy Tree,Olive Ann Burns,unknown,UNKNOWN,3.99,82281,1184
1186,The Glass Menagerie,Tennessee Williams,eng,ENG,3.67,90032,1185
1187,My Brilliant Friend (The Neapolitan Novels #1),"Elena Ferrante, Ann Goldstein",eng,ENG,3.88,64637,1186
1188,The 4-Hour Workweek,Timothy Ferriss,eng,ENG,3.84,66129,1187
1189,The Monk Who Sold His Ferrari: A Fable About Fulfilling Your Dreams  Reaching Your Destiny,Robin S. Sharma,eng,ENG,3.77,52031,1188
1190,Rules of Civility,Amor Towles,eng,ENG,3.99,75541,1189
1191,"Ringworld (Ringworld, #1)",Larry Niven,eng,ENG,3.96,76925,1190
1192,Between Shades of Gray,Ruta Sepetys,eng,ENG,4.36,87718,1191
1193,Frindle,"Andrew Clements, Brian Selznick",en-US,EN-US,3.79,83351,1192
1194,"Dog Days (Diary of a Wimpy Kid, #4)",Jeff Kinney,en-US,EN-US,4.14,78592,1193
1195,The Round House,Louise Erdrich,eng,ENG,3.91,67928,1194
1196,"A Wind in the Door (A Wrinkle in Time Quintet, #2)",Madeleine L'Engle,eng,ENG,4.07,87277,1195
1197,"Free Four: Tobias Tells the Divergent Knife-Throwing Scene (Divergent, #1.5)",Veronica Roth,eng,ENG,4.18,81621,1196
1198,A Little Life,Hanya Yanagihara,eng,ENG,4.27,66782,1197
1199,"Y: The Last Man, Vol. 1: Unmanned","Brian K. Vaughan, Pia Guerra, José Marzán Jr.",eng,ENG,4.12,81326,1198
1200,"The Alloy of Law (Mistborn, #4)",Brandon Sanderson,eng,ENG,4.2,72185,1199
1201,"Dead Reckoning (Sookie Stackhouse, #11)",Charlaine Harris,eng,ENG,3.77,87066,1200
1202,The Accidental Tourist,"Anne Tyler, Jennifer Bassett",eng,ENG,3.9,80075,1201
1203,"Aristotle and Dante Discover the Secrets of the Universe (Aristotle and Dante Discover the Secrets of the Universe, #1)",Benjamin Alire Sáenz,unknown,UNKNOWN,4.34,108884,1202
1204,The Invisible Man,H.G. Wells,eng,ENG,3.62,84778,1203
1205,Hard-Boiled Wonderland and the End of the World,"Haruki Murakami, Alfred Birnbaum",eng,ENG,4.15,63764,1204
1206,By the River Piedra I Sat Down and Wept,"Paulo Coelho, Alan R. Clarke",eng,ENG,3.57,62106,1205
1207,The Swiss Family Robinson  ,"Johann David Wyss, Scott McKowen, Arthur Pober",eng,ENG,3.92,78355,1206
1208,Four Past Midnight ,Stephen King,en-GB,EN-GB,3.9,76376,1207
1209,"The Marriage Bargain (Marriage to a Billionaire, #1)",Jennifer Probst,eng,ENG,3.81,91630,1208
1210,"Anne of Avonlea (Anne of Green Gables, #2)",L.M. Montgomery,en-US,EN-US,4.21,99918,1209
1211,The Little Engine That Could,"Watty Piper, Doris Hauman, George Hauman",en-US,EN-US,4.15,82102,1210
1212,We Are All Completely Beside Ourselves,Karen Joy Fowler,eng,ENG,3.71,59973,1211
1213,"Children of the Mind (Ender's Saga, #4)",Orson Scott Card,eng,ENG,3.74,74517,1212
1214,Ulysses,James Joyce,eng,ENG,3.74,76791,1213
1215,Someone Like You,Sarah Dessen,eng,ENG,3.94,84358,1214
1216,Moloka'i,Alan Brennert,en-US,EN-US,4.15,75307,1215
1217,"The Witching Hour (Lives of the Mayfair Witches, #1)",Anne Rice,eng,ENG,4.1,79824,1216
1218,"This Present Darkness (Darkness, #1)",Frank E. Peretti,eng,ENG,4.24,71815,1217
1219,"The Coincidence of Callie & Kayden (The Coincidence, #1)",Jessica Sorensen,eng,ENG,4.21,97615,1218
1220,Fates and Furies,Lauren Groff,eng,ENG,3.56,66085,1219
1221,Summer Sisters,Judy Blume,unknown,UNKNOWN,3.83,73515,1220
1222,Stuart Little,"E.B. White, Garth Williams",en-US,EN-US,3.88,89033,1221
1223,"The Foundation Trilogy (Foundation, #1-3)",Isaac Asimov,eng,ENG,4.39,72311,1222
1224,"The Elegant Universe: Superstrings, Hidden Dimensions, and the Quest for the Ultimate Theory",Brian Greene,en-US,EN-US,4.06,32626,1223
1225,"The Austere Academy (A Series of Unfortunate Events, #5)","Lemony Snicket, Brett Helquist",eng,ENG,3.97,99311,1224
1226,"Seven Up (Stephanie Plum, #7)",Janet Evanovich,en-US,EN-US,4.15,94506,1225
1227,"The Awakening (Darkest Powers, #2)",Kelley Armstrong,eng,ENG,4.16,95026,1226
1228,"Death Masks (The Dresden Files, #5)",Jim Butcher,eng,ENG,4.32,83664,1227
1229,Stellaluna,Janell Cannon,en-US,EN-US,4.22,87423,1228
1230,Before They Are Hanged (The First Law #2),Joe Abercrombie,eng,ENG,4.27,68865,1229
1231,Loving Frank,Nancy Horan,en-US,EN-US,3.73,72734,1230
1232,"Hard Eight (Stephanie Plum, #8)","Janet Evanovich, Lorelei King",en-US,EN-US,4.17,93057,1231
1233,"The Vile Village (A Series of Unfortunate Events, #7)","Lemony Snicket, Brett Helquist",eng,ENG,3.94,89733,1232
1234,Sybil: The Classic True Story of a Woman Possessed by Sixteen Personalities,Flora Rheta Schreiber,en-US,EN-US,3.99,72493,1233
1235,Cosmos,Carl Sagan,eng,ENG,4.35,76440,1234
1236,Haunted,Chuck Palahniuk,eng,ENG,3.59,68861,1235
1237,The Shell Seekers,Rosamunde Pilcher,eng,ENG,4.13,73573,1236
1238,What Is the What,Dave Eggers,eng,ENG,4.16,59333,1237
1239,Chronicle of a Death Foretold,"Gabriel García Márquez, Gregory Rabassa",eng,ENG,3.95,56200,1238
1240,"A Scandal in Bohemia (The Adventures of Sherlock Holmes, #1)","Ronald Holt, Arthur Conan Doyle",unknown,UNKNOWN,4.22,65422,1239
1241,Killing Lincoln: The Shocking Assassination that Changed America Forever,"Bill O'Reilly, Martin Dugard",eng,ENG,4.02,71868,1240
1242,The Lowland,Jhumpa Lahiri,eng,ENG,3.82,62231,1241
1243,"The Ruins of Gorlan (Ranger's Apprentice, #1)",John Flanagan,eng,ENG,4.2,83085,1242
1244,Wintergirls,Laurie Halse Anderson,eng,ENG,3.98,87665,1243
1245,The Brethren,John Grisham,unknown,UNKNOWN,3.71,69351,1244
1246,"Assassin's Quest (Farseer Trilogy, #3)",Robin Hobb,eng,ENG,4.18,67125,1245
1247,Rosemary's Baby,Ira Levin,eng,ENG,3.96,78766,1246
1248,"The Talisman (The Talisman, #1)","Stephen King, Peter Straub",en-US,EN-US,4.12,79508,1247
1249,"The Path of Daggers (Wheel of Time, #8)",Robert Jordan,eng,ENG,3.9,74815,1248
1250,The Dharma Bums,Jack Kerouac,en-US,EN-US,3.94,62454,1249
1251,"The Reckoning (Darkest Powers, #3)",Kelley Armstrong,en-GB,EN-GB,4.21,92922,1250
1252,"Behind the Beautiful Forevers: Life, Death, and Hope in a Mumbai Undercity",Katherine Boo,en-US,EN-US,3.97,69596,1251
1253,"Mary Poppins (Mary Poppins, #1)","P.L. Travers, Mary Shepard",en-US,EN-US,4.05,82706,1252
1254,"Red Seas Under Red Skies (Gentleman Bastard, #2)",Scott Lynch,eng,ENG,4.23,68255,1253
1255,The House on Mango Street,Sandra Cisneros,eng,ENG,3.57,81579,1254
1256,City of Thieves,David Benioff,en-GB,EN-GB,4.28,68063,1255
1257,"Halfway to the Grave (Night Huntress, #1)",Jeaniene Frost,eng,ENG,4.18,106608,1256
1258,The Twits,"Roald Dahl, Quentin Blake",eng,ENG,3.94,82458,1257
1259,"Abhorsen (Abhorsen, #3)",Garth Nix,en-US,EN-US,4.29,80740,1258
1260,The Beach House,"James Patterson, Peter de Jonge",eng,ENG,3.82,68676,1259
1261,The Eyes of the Dragon,Stephen King,eng,ENG,3.92,72714,1260
1262,Children of Dune (Dune Chronicles #3),Frank Herbert,eng,ENG,3.9,74133,1261
1263,"Leviathan Wakes (The Expanse, #1)",James S.A. Corey,eng,ENG,4.2,68416,1262
1264,"Queen of Shadows (Throne of Glass, #4)",Sarah J. Maas,eng,ENG,4.6,99067,1263
1265,"Maus II: A Survivor's Tale: And Here My Troubles Began (Maus, #2)",Art Spiegelman,eng,ENG,4.41,90147,1264
1266,The Snowy Day,Ezra Jack Keats,eng,ENG,4.13,81914,1265
1267,"To the Nines (Stephanie Plum, #9)",Janet Evanovich,eng,ENG,4.16,86963,1266
1268,Where We Belong,Emily Giffin,en-US,EN-US,3.86,68224,1267
1269,The Hot Zone: The Terrifying True Story of the Origins of the Ebola Virus,Richard   Preston,eng,ENG,4.1,72207,1268
1270,Sputnik Sweetheart,"Haruki Murakami, Philip Gabriel",eng,ENG,3.82,62229,1269
1271,The Signature of All Things,Elizabeth Gilbert,eng,ENG,3.81,61135,1270
1272,"Eats, Shoots & Leaves: The Zero Tolerance Approach to Punctuation",Lynne Truss,en-US,EN-US,3.86,79117,1271
1273,"Dead Witch Walking (The Hollows, #1)",Kim Harrison,en-US,EN-US,4.04,91390,1272
1274,The Night Before Christmas,"Clement C. Moore, Jan Brett",en-US,EN-US,4.36,81553,1273
1275,"An Echo in the Bone (Outlander, #7)",Diana Gabaldon,eng,ENG,4.42,68854,1274
1276,"Unearthly (Unearthly, #1)",Cynthia Hand,en-US,EN-US,4.06,99942,1275
1277,The Case for Christ,Lee Strobel,unknown,UNKNOWN,4.1,67128,1276
1278,"Knife of Dreams (Wheel of Time, #11)",Robert Jordan,en-US,EN-US,4.12,71379,1277
1279,Hoot,Carl Hiaasen,eng,ENG,3.81,75275,1278
1280,The Aeneid,"Virgil, Robert Fitzgerald",eng,ENG,3.81,75051,1279
1281,This Is How You Lose Her,Junot Díaz,eng,ENG,3.75,66720,1280
1282,After Dark,"Haruki Murakami, Jay Rubin",eng,ENG,3.68,64278,1281
1283,Ishmael:A Novel,Daniel Quinn,en-US,EN-US,3.97,63304,1282
1284,"It's Not Summer Without You (Summer, #2)",Jenny Han,en-US,EN-US,4.14,80367,1283
1285,"Pushing the Limits (Pushing the Limits, #1)",Katie McGarry,eng,ENG,4.08,93818,1284
1286,Quidditch Through the Ages,"Kennilworthy Whisp, J.K. Rowling",eng,ENG,3.85,90908,1285
1287,"Miss Nelson Is Missing! (Miss Nelson, #1)","Harry Allard, James  Marshall",eng,ENG,4.26,77206,1286
1288,The Long Walk,"Richard Bachman, Stephen King",eng,ENG,4.11,71775,1287
1289,"The Ersatz Elevator (A Series of Unfortunate Events, #6)","Lemony Snicket, Brett Helquist",eng,ENG,4.01,90071,1288
1290,"Messenger (The Giver, #3)",Lois Lowry,eng,ENG,3.9,79746,1289
1291,"Lover Revealed (Black Dagger Brotherhood, #4)",J.R. Ward,eng,ENG,4.3,97830,1290
1292,'Salem's Lot,"Stephen King, Jerry N. Uelsmann",eng,ENG,4.25,72797,1291
1293,"The Mysterious Benedict Society (The Mysterious Benedict Society, #1)","Trenton Lee Stewart, Carson Ellis",en-US,EN-US,4.14,87335,1292
1294,god is Not Great: How Religion Poisons Everything,Christopher Hitchens,eng,ENG,3.96,64347,1293
1295,"Never Too Far (Rosemary Beach, #2; Too Far, #2)",Abbi Glines,eng,ENG,4.21,97616,1294
1296,State of Fear,Michael Crichton,eng,ENG,3.69,65397,1295
1297,The Statistical Probability of Love at First Sight,Jennifer E. Smith,eng,ENG,3.8,89356,1296
1298,"The Golem's Eye (Bartimaeus, #2)",Jonathan Stroud,en-US,EN-US,4.09,69058,1297
1299,Still Life with Woodpecker,Tom Robbins,eng,ENG,4.04,56802,1298
1300,Those Who Save Us,Jenna Blum,en-US,EN-US,4.12,68480,1299
1301,The Broker,John Grisham,eng,ENG,3.77,65428,1300
1302,"Across the Universe (Across the Universe, #1)",Beth Revis,eng,ENG,3.78,94176,1301
1303,"The Road Less Traveled: A New Psychology of Love, Traditional Values, and Spiritual Growth",M. Scott Peck,en-US,EN-US,4.03,61238,1302
1304,"Blood Rites (The Dresden Files, #6)",Jim Butcher,eng,ENG,4.33,79627,1303
1305,"The Boxcar Children (The Boxcar Children, #1)","Gertrude Chandler Warner, L. Kate Deal",en-US,EN-US,4.09,92916,1304
1306,The Silent Wife,A.S.A. Harrison,eng,ENG,3.3,60323,1305
1307,How to Be a Woman,Caitlin Moran,eng,ENG,3.73,70446,1306
1308,"A Court of Mist and Fury (A Court of Thorns and Roses, #2)",Sarah J. Maas,eng,ENG,4.72,108384,1307
1309,Life,Keith Richards,en-GB,EN-GB,3.84,60409,1308
1310,Unaccustomed Earth,Jhumpa Lahiri,eng,ENG,4.11,60126,1309
1311,The Pilot's Wife,Anita Shreve,eng,ENG,3.5,71777,1310
1312,White Noise,Don DeLillo,eng,ENG,3.86,55678,1311
1313,"Band of Brothers: E Company, 506th Regiment, 101st Airborne from Normandy to Hitler's Eagle's Nest",Stephen E. Ambrose,eng,ENG,4.42,66079,1312
1314,The Origin of Species,Charles Darwin,eng,ENG,3.97,64162,1313
1315,Blankets,Craig Thompson,eng,ENG,4.06,70454,1314
1316,The Story of Edgar Sawtelle,David Wroblewski,eng,ENG,3.6,70382,1315
1317,Drowning Ruth,Christina Schwarz,eng,ENG,3.73,67768,1316
1318,Post Office,Charles Bukowski,en-US,EN-US,4.01,59295,1317
1319,"All the Pretty Horses (The Border Trilogy, #1)",Cormac McCarthy,eng,ENG,3.97,68451,1318
1320,"The Complete Sherlock Holmes, Vol 2","Arthur Conan Doyle, Kyle Freeman",unknown,UNKNOWN,4.46,66857,1319
1321,"One Piece, Volume 01: Romance Dawn (One Piece, #1)","Eiichirō Oda, Andy Nakatani",eng,ENG,4.42,67047,1320
1322,"The Last Unicorn (The Last Unicorn, #1)",Peter S. Beagle,eng,ENG,4.18,76277,1321
1323,"Magyk (Septimus Heap, #1)",Angie Sage,eng,ENG,3.8,86805,1322
1324,Fever 1793,Laurie Halse Anderson,en-US,EN-US,3.89,81945,1323
1325,"The Likeness (Dublin Murder Squad, #2)",Tana French,eng,ENG,4.05,72480,1324
1326,Dead Wake: The Last Crossing of the Lusitania,Erik Larson,eng,ENG,4.07,61439,1325
1327,The Jungle Book,Rudyard Kipling,eng,ENG,3.94,67107,1326
1328,"I Am Pilgrim (Pilgrim, #1)",Terry Hayes,eng,ENG,4.23,49740,1327
1329,Howl and Other Poems,"Allen Ginsberg, William Carlos Williams",eng,ENG,4.14,71968,1328
1330,Don't Sweat the Small Stuff ... and it's all small stuff: Simple Ways to Keep the Little Things from Taking Over Your Life,Richard Carlson,eng,ENG,3.95,63324,1329
1331,Go the Fuck to Sleep,"Adam Mansbach, Ricardo Cortés",eng,ENG,4.26,71816,1330
1332,"Mostly Harmless (Hitchhiker's Guide to the Galaxy, #5)",Douglas Adams,en-US,EN-US,3.96,72426,1331
1333,Benjamin Franklin: An American Life,Walter Isaacson,eng,ENG,3.96,70335,1332
1334,The Tiger's Wife,Téa Obreht,eng,ENG,3.37,66104,1333
1335,"Poison Study (Study, #1)",Maria V. Snyder,eng,ENG,4.16,96417,1334
1336,"Lover Unbound (Black Dagger Brotherhood, #5)",J.R. Ward,eng,ENG,4.33,97514,1335
1337,"Going Postal (Discworld, #33; Moist von Lipwig, #1)",Terry Pratchett,eng,ENG,4.36,75186,1336
1338,The Book of Mormon: Another Testament of Jesus Christ,"Anonymous, Joseph Smith Jr.",eng,ENG,4.37,63530,1337
1339,The Mist,Stephen King,en-US,EN-US,3.92,82062,1338
1340,"Dead Beat (The Dresden Files, #7)",Jim Butcher,eng,ENG,4.43,78123,1339
1341,"Golden Son (Red Rising, #2)",Pierce Brown,eng,ENG,4.46,57614,1340
1342,"Night Watch (Discworld, #29; City Watch, #6)",Terry Pratchett,eng,ENG,4.47,71271,1341
1343,"The Light Fantastic (Discworld, #2; Rincewind #2)",Terry Pratchett,en-US,EN-US,3.94,75196,1342
1344,What the Dog Saw and Other Adventures,Malcolm Gladwell,eng,ENG,3.82,65277,1343
1345,Pretty Girls,Karin Slaughter,eng,ENG,3.95,60737,1344
1346,"Last Argument of Kings (The First Law, #3)",Joe Abercrombie,eng,ENG,4.26,65068,1345
1347,Revival,Stephen King,en-US,EN-US,3.75,53662,1346
1348,Horton Hears a Who!,Dr. Seuss,eng,ENG,4.16,80883,1347
1349,The Blind Side: Evolution of a Game,Michael   Lewis,eng,ENG,4.16,37792,1348
1350,"Lirael (Abhorsen, #2)",Garth Nix,en-US,EN-US,4.29,78903,1349
1351,"School's Out—Forever (Maximum Ride, #2)",James Patterson,en-US,EN-US,4.16,90157,1350
1352,"Black Butler, Vol. 1 (Black Butler, #1)","Yana Toboso, Tomo Kimura",eng,ENG,4.37,74378,1351
1353,"Winter (The Lunar Chronicles, #4)",Marissa Meyer,eng,ENG,4.49,100464,1352
1354,The Strange Case of Dr. Jekyll and Mr. Hyde and Other Tales of Terror,"Robert Louis Stevenson, Robert Mighall",eng,ENG,3.94,80299,1353
1355,The Hunger Games Tribute Guide,Emily Seife,en-US,EN-US,4.4,67264,1354
1356,"The Warded Man (Demon Cycle, #1)",Peter V. Brett,eng,ENG,4.27,64416,1355
1357,The Pilgrim's Progress,John Bunyan,unknown,UNKNOWN,3.98,67777,1356
1358,"One Shot (Jack Reacher, #9)",Lee Child,eng,ENG,4.2,63335,1357
1359,"The Serpent's Shadow (Kane Chronicles, #3)",Rick Riordan,eng,ENG,4.28,82757,1358
1360,Duma Key,Stephen King,en-US,EN-US,3.93,73807,1359
1361,The House at Riverton,Kate Morton,eng,ENG,3.93,69948,1360
1362,"Winter's Heart (Wheel of Time, #9)",Robert Jordan,en-US,EN-US,3.92,71355,1361
1363,"Proven Guilty (The Dresden Files, #8)",Jim Butcher,eng,ENG,4.41,75133,1362
1364,"Notes from Underground, White Nights, The Dream of a Ridiculous Man, and Selections from The House of the Dead","Fyodor Dostoyevsky, Andrew R. MacAndrew, Ben Marcus",eng,ENG,4.17,65900,1363
1365,The Heart is a Lonely Hunter,Carson McCullers,eng,ENG,3.97,67643,1364
1366,"The Infinite Sea (The 5th Wave, #2)",Rick Yancey,eng,ENG,3.94,78314,1365
1367,The Once and Future King (The Once and Future King #1-4),T.H. White,eng,ENG,4.08,76911,1366
1368,"Small Gods (Discworld, #13)",Terry Pratchett,en-GB,EN-GB,4.27,72588,1367
1369,"Bud, Not Buddy",Christopher Paul Curtis,eng,ENG,3.89,73000,1368
1370,Fun Home: A Family Tragicomic,Alison Bechdel,eng,ENG,4.12,48305,1369
1371,Predictably Irrational: The Hidden Forces That Shape Our Decisions,Dan Ariely,en-US,EN-US,4.1,61496,1370
1372,الفيل الأزرق,أحمد مراد,ara,ARA,3.8,53187,1371
1373,"The Indian in the Cupboard (The Indian in the Cupboard, #1)",Lynne Reid Banks,eng,ENG,3.89,77046,1372
1374,"A Memory of Light (Wheel of Time, #14)","Robert Jordan, Brandon Sanderson",eng,ENG,4.5,68410,1373
1375,Me and Earl and the Dying Girl,Jesse Andrews,en-US,EN-US,3.58,82270,1374
1376,"The Ugly Truth (Diary of a Wimpy Kid, #5)",Jeff Kinney,en-US,EN-US,4.16,68701,1375
1377,"Janet Evanovich Three and Four Two-Book Set (Stephanie Plum, #3-4)",Janet Evanovich,unknown,UNKNOWN,4.34,63691,1376
1378,"The Professor and the Madman: A Tale of Murder, Insanity and the Making of the Oxford English Dictionary",Simon Winchester,eng,ENG,3.84,71411,1377
1379,"2nd Chance (Women's Murder Club, #2)","James Patterson, Andrew Gross",eng,ENG,4.01,68834,1378
1380,"The Complete Maus (Maus, #1-2)",Art Spiegelman,en-GB,EN-GB,4.53,76785,1379
1381,"The Eyre Affair (Thursday Next, #1)",Jasper Fforde,en-US,EN-US,3.92,85683,1380
1382,Anne Rice's The Vampire Lestat: A Graphic Novel,"Faye Perozich, Anne Rice, John Bolton, Daerick Gröss",en-GB,EN-GB,4.17,61842,1381
1383,Sideways Stories from Wayside School (Wayside School #1),"Louis Sachar, Adam McCauley",eng,ENG,4.14,74121,1382
1384,The Art of Happiness,"Dalai Lama XIV, Howard C. Cutler",eng,ENG,4.14,61498,1383
1385,The Bone Clocks,David Mitchell,eng,ENG,3.81,53151,1384
1386,Black and Blue,Anna Quindlen,eng,ENG,3.86,67753,1385
1387,"Origins (The Vampire Diaries: Stefan's Diaries, #1)","L.J. Smith, Kevin Williamson, Julie Plec",en-US,EN-US,4.1,59715,1386
1388,The Last Juror,John Grisham,eng,ENG,3.85,63114,1387
1389,Diary,Chuck Palahniuk,eng,ENG,3.6,58428,1388
1390,"Eleven on Top (Stephanie Plum, #11)",Janet Evanovich,en-US,EN-US,4.15,84363,1389
1391,"Inkspell (Inkworld, #2)","Cornelia Funke, Anthea Bell",eng,ENG,3.91,82291,1390
1392,"Sex, Drugs, and Cocoa Puffs: A Low Culture Manifesto",Chuck Klosterman,en-US,EN-US,3.75,56548,1391
1393,Brideshead Revisited: The Sacred and Profane Memories of Captain Charles Ryder,Evelyn Waugh,eng,ENG,3.99,69087,1392
1394,"White Night (The Dresden Files, #9)",Jim Butcher,en-US,EN-US,4.41,73534,1393
1395,The Miniaturist,Jessie Burton,eng,ENG,3.58,56344,1394
1396,"Dragons of Autumn Twilight  (Dragonlance: Chronicles, #1)","Margaret Weis, Tracy Hickman",en-US,EN-US,4.03,76219,1395
1397,"The Lost Colony (Artemis Fowl, #5)",Eoin Colfer,en-US,EN-US,4.01,103844,1396
1398,"Extras (Uglies, #4)",Scott Westerfeld,en-US,EN-US,3.59,85873,1397
1399,"The Burning Bridge (Ranger's Apprentice, #2)",John Flanagan,en-US,EN-US,4.28,74156,1398
1400,"The Book of Life (All Souls Trilogy, #3)",Deborah Harkness,eng,ENG,4.15,63027,1399
1401,The Artist's Way: A Spiritual Path to Higher Creativity,Julia Cameron,eng,ENG,3.89,66049,1400
1402,The Stinky Cheese Man and Other Fairly Stupid Tales,"Jon Scieszka, Lane Smith",eng,ENG,4.2,78487,1401
1403,Horns,Joe Hill,en-US,EN-US,3.92,66287,1402
1404,Catherine the Great: Portrait of a Woman,Robert K. Massie,en-CA,EN-CA,3.91,66591,1403
1405,"The Year of the Flood  (MaddAddam, #2)",Margaret Atwood,eng,ENG,4.05,68597,1404
1406,Winter Garden,Kristin Hannah,en-GB,EN-GB,4.13,66577,1405
1407,The King of Torts,John Grisham,eng,ENG,3.67,61835,1406
1408,Lone Survivor: The Eyewitness Account of Operation Redwing and the Lost Heroes of SEAL Team 10,"Marcus Luttrell, Patrick Robinson",eng,ENG,4.34,46551,1407
1409,The 3 Mistakes of My Life,Chetan Bhagat,eng,ENG,2.97,53331,1408
1410,"The Murder of Roger Ackroyd (Hercule Poirot, #4)",Agatha Christie,eng,ENG,4.2,71354,1409
1411,Native Son,Richard Wright,eng,ENG,3.96,66194,1410
1412,"Shadow's Edge (Night Angel, #2)",Brent Weeks,en-US,EN-US,4.27,66390,1411
1413,"Under the Never Sky (Under the Never Sky, #1)",Veronica Rossi,en-GB,EN-GB,4.01,74029,1412
1414,"True Believer (Jeremy Marsh & Lexie Darnell, #1)",Nicholas Sparks,en-US,EN-US,3.8,62840,1413
1415,The Lean Startup: How Today's Entrepreneurs Use Continuous Innovation to Create Radically Successful Businesses,Eric Ries,en-US,EN-US,4.04,86284,1414
1416,"The Golden Lily (Bloodlines, #2)",Richelle Mead,en-US,EN-US,4.36,86929,1415
1417,Chasing Harry Winston,Lauren Weisberger,eng,ENG,3.32,63342,1416
1418,"Magician's Gambit (The Belgariad, #3)",David Eddings,unknown,UNKNOWN,4.13,69616,1417
1419,The Stand: Captain Trips,"Roberto Aguirre-Sacasa, Stephen King, Mike Perkins, Laura       Martin",eng,ENG,4.43,57279,1418
1420,The Rise and Fall of the Third Reich: A History of Nazi Germany,William L. Shirer,eng,ENG,4.15,64391,1419
1421,A Long Way Down,Nick Hornby,eng,ENG,3.41,59843,1420
1422,"Out from Boneville (Bone, #1)","Jeff Smith, Steve Hamaker",eng,ENG,4.16,62330,1421
1423,Rose Madder,Stephen King,eng,ENG,3.66,70921,1422
1424,"Die Trying (Jack Reacher, #2)",Lee Child,en-US,EN-US,4.0,62128,1423
1425,"Beautiful Chaos (Caster Chronicles, #3)","Kami Garcia, Margaret Stohl, Paz Pruneda",en-US,EN-US,3.95,69709,1424
1426,Keeping Faith,Jodi Picoult,unknown,UNKNOWN,3.79,62405,1425
1427,Heart-Shaped Box,Joe Hill,en-US,EN-US,3.82,65005,1426
1428,"Cabin Fever (Diary of a Wimpy Kid, #6)",Jeff Kinney,eng,ENG,4.21,63347,1427
1429,"Beyond the Shadows (Night Angel, #3)",Brent Weeks,eng,ENG,4.29,64961,1428
1430,Everyone Worth Knowing,Lauren Weisberger,en-US,EN-US,3.39,59932,1429
1431,"Redwall (Redwall, #1)",Brian Jacques,eng,ENG,4.11,73918,1430
1432,The Communist Manifesto,"Karl Marx, Friedrich Engels, Gareth Stedman Jones",eng,ENG,3.51,56464,1431
1433,The Woman in Cabin 10,Ruth Ware,eng,ENG,3.67,90541,1432
1434,The Last of the Mohicans (The Leatherstocking Tales #2),James Fenimore Cooper,eng,ENG,3.69,67632,1433
1435,Sophie's Choice,William Styron,eng,ENG,4.18,66923,1434
1436,"Shopaholic and Sister (Shopaholic, #4)",Sophie Kinsella,eng,ENG,3.64,69007,1435
1437,The Iron Daughter,Julie Kagawa,eng,ENG,4.13,93340,1436
1438,The Prayer of Jabez:  Breaking Through to the Blessed Life,Bruce H. Wilkinson,eng,ENG,3.92,57468,1437
1439,The Age of Miracles,Karen Thompson Walker,eng,ENG,3.64,61296,1438
1440,Have a Little Faith: a True Story,Mitch Albom,en-US,EN-US,4.16,60002,1439
1441,My Life in France,"Julia Child, Alex Prud'Homme",eng,ENG,4.16,63100,1440
1442,"The Rosie Effect (Don Tillman, #2)",Graeme Simsion,eng,ENG,3.56,27308,1441
1443,The Secret of the Nagas (Shiva Trilogy #2),Amish Tripathi,eng,ENG,3.98,50158,1442
1444,Ham on Rye,Charles Bukowski,unknown,UNKNOWN,4.16,54140,1443
1445,Flipped,Wendelin Van Draanen,en-US,EN-US,3.94,79264,1444
1446,Emotional Intelligence 2.0,"Travis Bradberry, Jean Greaves, Patrick Lencioni",unknown,UNKNOWN,3.81,53384,1445
1447,Make Way for Ducklings,Robert McCloskey,unknown,UNKNOWN,4.21,70704,1446
1448,"Relic (Pendergast, #1)","Douglas Preston, Lincoln Child",eng,ENG,4.01,68011,1447
1449,Notes from a Small Island,Bill Bryson,eng,ENG,3.91,66947,1448
1450,"Small Favor (The Dresden Files, #10)",Jim Butcher,en-US,EN-US,4.43,70029,1449
1451,"The Walking Dead, Compendium 1",Robert Kirkman,eng,ENG,4.43,57764,1450
1452,"Princess Academy (Princess Academy, #1)",Shannon Hale,eng,ENG,4.01,82470,1451
1453,"Everything, Everything","Nicola Yoon, David Yoon",eng,ENG,4.11,132552,1452
1454,Pygmalion,George Bernard Shaw,en-US,EN-US,3.9,70079,1453
1455,Flight Behavior,Barbara Kingsolver,eng,ENG,3.75,57078,1454
1456,"Grip of the Shadow Plague (Fablehaven, #3)",Brandon Mull,eng,ENG,4.26,65638,1455
1457,"Bridget Jones: The Edge of Reason (Bridget Jones, #2)",Helen Fielding,eng,ENG,3.53,73093,1456
1458,Corelli's Mandolin,Louis de Bernières,eng,ENG,3.95,57583,1457
1459,"At First Sight (Jeremy Marsh & Lexie Darnell, #2)",Nicholas Sparks,en-US,EN-US,3.81,62219,1458
1460,In a Sunburned Country,Bill Bryson,eng,ENG,4.05,58688,1459
1461,The Memoirs of Sherlock Holmes,Arthur Conan Doyle,eng,ENG,4.32,56918,1460
1462,The Orphan Master's Son,Adam Johnson,eng,ENG,4.06,52765,1461
1463,"Enchanters' End Game (The Belgariad, #5)",David Eddings,en-US,EN-US,4.17,69134,1462
1464,The Complete Persepolis,"Marjane Satrapi, Mattias Ripa, Blake Ferris, Anjali Singh",en-US,EN-US,4.36,71353,1463
1465,The Chosen,Chaim Potok,eng,ENG,4.03,70701,1464
1466,The Agony and the Ecstasy,"Irving Stone, שמואל שניצר",eng,ENG,4.09,61256,1465
1467,"The Angel's Game (The Cemetery of Forgotten Books, #2)","Carlos Ruiz Zafón, Lucia Graves",eng,ENG,3.86,46225,1466
1468,"Love, Rosie",Cecelia Ahern,en-US,EN-US,3.95,55236,1467
1469,Amelia Bedelia  (Amelia Bedelia #1),"Peggy Parish, Fritz Siebel",eng,ENG,4.15,72329,1468
1470,"This Man (This Man, #1)",Jodi Ellen Malpas,eng,ENG,4.13,79461,1469
1471,"A Dog's Purpose (A Dog's Purpose, #1)",W. Bruce Cameron,en-US,EN-US,4.35,65091,1470
1472,"An Ember in the Ashes (An Ember in the Ashes, #1)",Sabaa Tahir,eng,ENG,4.32,45492,1471
1473,"Lover Enshrined (Black Dagger Brotherhood, #6)",J.R. Ward,eng,ENG,4.12,87432,1472
1474,"The Golem and the Jinni (The Golem and the Jinni, #1)",Helene Wecker,eng,ENG,4.1,59650,1473
1475,الأسود يليق بك,"أحلام مستغانمي, Ahlam Mosteghanemi",ara,ARA,3.72,42958,1474
1476,"The Slippery Slope (A Series of Unfortunate Events, #10)","Lemony Snicket, Brett Helquist",en-US,EN-US,4.0,81362,1475
1477,Bleak House,"Charles Dickens, Nicola Bradbury, Hablot Knight Browne",eng,ENG,4.0,67433,1476
1478,"Caps for Sale: A Tale of a Peddler, Some Monkeys and Their Monkey Business",Esphyr Slobodkina,eng,ENG,4.12,72504,1477
1479,"Furies of Calderon (Codex Alera, #1)",Jim Butcher,eng,ENG,4.12,70269,1478
1480,"Alanna: The First Adventure (Song of the Lioness, #1)",Tamora Pierce,en-US,EN-US,4.27,85699,1479
1481,Her Fearful Symmetry,Audrey Niffenegger,en-GB,EN-GB,3.23,63737,1480
1482,The Boston Girl,Anita Diamant,eng,ENG,3.79,51603,1481
1483,"Lover Avenged (Black Dagger Brotherhood, #7)",J.R. Ward,eng,ENG,4.38,84650,1482
1484,"The Fall of Hyperion (Hyperion Cantos, #2)",Dan Simmons,eng,ENG,4.18,63235,1483
1485,"The Black Dahlia (L.A. Quartet, #1)",James Ellroy,en-US,EN-US,3.75,61412,1484
1486,"Through the Looking-Glass, and What Alice Found There","Lewis Carroll, John Tenniel, Peter Glassman",eng,ENG,4.06,63050,1485
1487,Wild Swans: Three Daughters of China,Jung Chang,en-US,EN-US,4.23,60193,1486
1488,"Go, Dog. Go!",P.D. Eastman,eng,ENG,4.08,66360,1487
1489,"On the Banks of Plum Creek  (Little House, #4)","Laura Ingalls Wilder, Garth Williams",unknown,UNKNOWN,4.19,74666,1488
1490,"Finders Keepers (Bill Hodges Trilogy, #2)",Stephen King,eng,ENG,4.03,36541,1489
1491,"The Strain (The Strain Trilogy, #1)","Guillermo del Toro, Chuck Hogan",en-US,EN-US,3.77,58631,1490
1492,The Complete Poems of Emily Dickinson,"Emily Dickinson, Thomas H. Johnson",eng,ENG,4.21,60278,1491
1493,"Old Yeller (Old Yeller, #1)",Fred Gipson,en-US,EN-US,4.06,69815,1492
1494,Born Standing Up: A Comic's Life,Steve Martin,eng,ENG,3.87,60869,1493
1495,PostSecret: Extraordinary Confessions from Ordinary Lives (PostSecret),Frank Warren,unknown,UNKNOWN,4.01,58841,1494
1496,"A Storm of Swords: Blood and Gold (A Song of Ice and Fire, #3: Part 2 of 2)",George R.R. Martin,eng,ENG,4.56,54977,1495
1497,"The Borrowers (The Borrowers, #1)","Mary Norton, Beth Krush, Joe Krush",unknown,UNKNOWN,4.02,74820,1496
1498,Hearts in Atlantis,Stephen King,eng,ENG,3.8,65063,1497
1499,Small Great Things,Jodi Picoult,eng,ENG,4.35,73745,1498
1500,"A Wild Sheep Chase (The Rat, #3)","Haruki Murakami, Alfred Birnbaum",eng,ENG,3.94,55262,1499
1501,"The Queen's Fool (The Plantagenet and Tudor Novels, #12)",Philippa Gregory,en-US,EN-US,3.83,69504,1500
1502,"Days of Blood & Starlight (Daughter of Smoke & Bone, #2)",Laini Taylor,en-CA,EN-CA,4.21,85746,1501
1503,Jitterbug Perfume,Tom Robbins,eng,ENG,4.24,48277,1502
1504,"The Battle for Skandia (Ranger's Apprentice, #4)",John Flanagan,en-US,EN-US,4.32,60959,1503
1505,"The Darkest Minds (The Darkest Minds, #1)",Alexandra Bracken,eng,ENG,4.26,83886,1504
1506,The Zahir,"Paulo Coelho, Margaret Jull Costa",eng,ENG,3.56,50921,1505
1507,The Power of Positive Thinking,Norman Vincent Peale,eng,ENG,4.08,52704,1506
1508,"In a Dark, Dark Wood",Ruth Ware,eng,ENG,3.65,67344,1507
1509,The House of Mirth,"Edith Wharton, Nina Bawden",eng,ENG,3.94,60611,1508
1510,"Fairy Tail, Vol. 1 (Fairy Tail, #1)","Hiro Mashima, William Flanagan",eng,ENG,4.4,65477,1509
1511,The Slow Regard of Silent Things (The Kingkiller Chronicle #2.5),"Patrick Rothfuss, Nate  Taylor",eng,ENG,3.92,57716,1510
1512,Twelve Years a Slave,Solomon Northup,eng,ENG,4.15,39758,1511
1513,"Lover Mine (Black Dagger Brotherhood, #8)",J.R. Ward,eng,ENG,4.41,82824,1512
1514,In the Heart of the Sea: The Tragedy of the Whaleship Essex,Nathaniel Philbrick,en-US,EN-US,4.16,57259,1513
1515,Infidel,Ayaan Hirsi Ali,eng,ENG,4.2,58432,1514
1516,The Black Swan: The Impact of the Highly Improbable,Nassim Nicholas Taleb,eng,ENG,3.88,53586,1515
1517,"The Twelve (The Passage, #2)",Justin Cronin,eng,ENG,3.98,56756,1516
1518,One Day in the Life of Ivan Denisovich,"Aleksandr Solzhenitsyn, H.T. Willetts",eng,ENG,3.94,61678,1517
1519,"The Diamond Age: or, A Young Lady's Illustrated Primer",Neal Stephenson,eng,ENG,4.19,61836,1518
1520,A Canticle for Leibowitz,Walter M. Miller Jr.,eng,ENG,3.97,66721,1519
1521,"Antigone (The Theban Plays, #3)","Sophocles, J.E. Thomas",eng,ENG,3.6,67608,1520
1522,Brooklyn,Colm Tóibín,eng,ENG,3.63,55459,1521
1523,"Wither (The Chemical Garden, #1)",Lauren DeStefano,eng,ENG,3.81,84776,1522
1524,Hillbilly Elegy: A Memoir of a Family and Culture in Crisis,J.D. Vance,eng,ENG,3.99,80737,1523
1525,"Crossroads of Twilight (Wheel of Time, #10)",Robert Jordan,en-US,EN-US,3.82,61361,1524
1526,The Red Badge of Courage,Stephen Crane,eng,ENG,3.21,68448,1525
1527,What If?: Serious Scientific Answers to Absurd Hypothetical Questions,Randall Munroe,eng,ENG,4.17,60236,1526
1528,"Gardens of the Moon (The Malazan Book of the Fallen, #1)",Steven Erikson,eng,ENG,3.85,57993,1527
1529,The Witch Of Portobello,Paulo Coelho,eng,ENG,3.51,51461,1528
1530,"A Swiftly Tilting Planet (A Wrinkle in Time Quintet, #3)",Madeleine L'Engle,eng,ENG,4.13,75851,1529
1531,"Gregor the Overlander (Underland Chronicles, #1)",Suzanne Collins,eng,ENG,3.99,66823,1530
1532,Sing You Home,Jodi Picoult,en-US,EN-US,3.76,62494,1531
1533,"The Tale of the Body Thief (The Vampire Chronicles, #4)",Anne Rice,en-US,EN-US,3.7,67267,1532
1534,"The Camel Club (Camel Club, #1)",David Baldacci,eng,ENG,4.02,58973,1533
1535,"Saving the World and Other Extreme Sports (Maximum Ride, #3)",James Patterson,en-US,EN-US,4.16,75436,1534
1536,"Blood of the Fold (Sword of Truth, #3)",Terry Goodkind,en-US,EN-US,3.98,60624,1535
1537,"The Boleyn Inheritance (The Plantagenet and Tudor Novels, #10)",Philippa Gregory,eng,ENG,3.84,62135,1536
1538,A Spool of Blue Thread,Anne Tyler,eng,ENG,3.4,42339,1537
1539,The Underground Railroad,Colson Whitehead,eng,ENG,4.04,72052,1538
1540,"Masquerade (Blue Bloods, #2)",Melissa de la Cruz,en-US,EN-US,3.91,76598,1539
1541,"The Iron Queen (The Iron Fey, #3)",Julie Kagawa,eng,ENG,4.24,82373,1540
1542,"Losing It (Losing It, #1)",Cora Carmack,eng,ENG,3.77,84438,1541
1543,The Racketeer,John Grisham,unknown,UNKNOWN,3.79,48286,1542
1544,Disgrace,J.M. Coetzee,eng,ENG,3.83,50422,1543
1545,"The House at Pooh Corner (Winnie-the-Pooh, #2)","A.A. Milne, Ernest H. Shepard",en-US,EN-US,4.36,69102,1544
1546,"The Black Prism (Lightbringer, #1)",Brent Weeks,en-US,EN-US,4.24,58906,1545
1547,The Mermaid Chair,Sue Monk Kidd,eng,ENG,3.1,62760,1546
1548,"Frog and Toad Are Friends (Frog and Toad, #1)",Arnold Lobel,eng,ENG,4.18,70119,1547
1549,"The Carnivorous Carnival (A Series of Unfortunate Events, #9)","Lemony Snicket, Brett Helquist",en-US,EN-US,3.97,83981,1548
1550,"Heist Society (Heist Society, #1)",Ally Carter,en-US,EN-US,3.91,75834,1549
1551,Behind Closed Doors,B.A. Paris,eng,ENG,3.93,57865,1550
1552,"The Killer Angels (The Civil War Trilogy, #2)",Michael Shaara,en-US,EN-US,4.3,58372,1551
1553,"Circus of the Damned (Anita Blake, Vampire Hunter, #3)",Laurell K. Hamilton,en-US,EN-US,4.16,73883,1552
1554,"Ptolemy's Gate (Bartimaeus, #3)",Jonathan Stroud,eng,ENG,4.24,63838,1553
1555,The Island of Dr. Moreau,H.G. Wells,eng,ENG,3.72,60346,1554
1556,"Opal (Lux, #3)",Jennifer L. Armentrout,unknown,UNKNOWN,4.34,92014,1555
1557,Zeitoun,Dave Eggers,unknown,UNKNOWN,4.08,55398,1556
1558,Out of My Mind,Sharon M. Draper,en-US,EN-US,4.37,63756,1557
1559,"Rapture (Fallen, #4)",Lauren Kate,eng,ENG,4.03,79360,1558
1560,"Switched (Trylle, #1)",Amanda Hocking,eng,ENG,3.89,45319,1559
1561,Doctor Zhivago,"Boris Pasternak, Max Hayward, Manya Harari, John Bayley",eng,ENG,4.03,59973,1560
1562,Confess,Colleen Hoover,en-GB,EN-GB,4.25,72611,1561
1563,"Pines (Wayward Pines, #1)",Blake Crouch,unknown,UNKNOWN,3.88,34789,1562
1564,Disclosure,Michael Crichton,unknown,UNKNOWN,3.76,57818,1563
1565,Death Comes to Pemberley,P.D. James,eng,ENG,3.21,65906,1564
1566,Ethan Frome,Edith Wharton,eng,ENG,3.35,72421,1565
1567,A Map of the World,"Jane Hamilton, Frank  Muller, C.J. Critt",en-GB,EN-GB,3.78,61347,1566
1568,It Ends with Us,Colleen Hoover,eng,ENG,4.44,80433,1567
1569,The Gift of the Magi,"O. Henry, Lisbeth Zwerger",eng,ENG,4.07,66537,1568
1570,The Electric Kool-Aid Acid Test,Tom Wolfe,en-US,EN-US,3.92,54848,1569
1571,Naked Lunch,"William S. Burroughs, James Grauerholz, Barry  Miles",en-US,EN-US,3.46,55473,1570
1572,Dream Country (The Sandman #3),"Neil Gaiman, Kelley Jones, Charles Vess, Colleen Doran, Malcolm Jones III, Steve Erickson",eng,ENG,4.28,67753,1571
1573,A Painted House,John Grisham,eng,ENG,3.67,59974,1572
1574,The Left Hand of Darkness,"Ursula K. Le Guin, Lech Jęczmyk",eng,ENG,4.05,61888,1573
1575,Let It Snow: Three Holiday Romances,"John Green, Maureen Johnson, Lauren Myracle",eng,ENG,3.84,57632,1574
1576,"Full Dark, No Stars",Stephen King,en-US,EN-US,4.03,60672,1575
1577,Being Mortal: Medicine and What Matters in the End,Atul Gawande,eng,ENG,4.4,56510,1576
1578,Intensity,Dean Koontz,eng,ENG,4.04,58062,1577
1579,Chelsea Chelsea Bang Bang,Chelsea Handler,en-US,EN-US,3.81,55355,1578
1580,A Doll's House,"Henrik Ibsen, Michael   Meyer",eng,ENG,3.69,69450,1579
1581,Hawaii,James A. Michener,en-GB,EN-GB,4.18,59963,1580
1582,Revolutionary Road,Richard Yates,eng,ENG,3.89,56550,1581
1583,Nick & Norah's Infinite Playlist,"Rachel Cohn, David Levithan",en-US,EN-US,3.73,60372,1582
1584,Rosencrantz and Guildenstern Are Dead,"Tom Stoppard, Henry Popkin",eng,ENG,4.06,67077,1583
1585,"Forever (The Wolves of Mercy Falls, #3)",Maggie Stiefvater,eng,ENG,3.91,85034,1584
1586,The Beach,Alex Garland,eng,ENG,3.91,52333,1585
1587,Saving CeeCee Honeycutt,"Beth Hoffman, Jenna Lamia",eng,ENG,3.92,54341,1586
1588,"Deadlocked (Sookie Stackhouse, #12)",Charlaine Harris,eng,ENG,3.65,65932,1587
1589,Everything's Eventual: 14 Dark Tales,Stephen King,eng,ENG,3.94,60932,1588
1590,"Beezus and Ramona (Ramona, #1)",Beverly Cleary,unknown,UNKNOWN,3.97,75987,1589
1591,"The Farthest Shore (Earthsea Cycle, #3)",Ursula K. Le Guin,unknown,UNKNOWN,4.11,65626,1590
1592,Airframe,Michael Crichton,eng,ENG,3.66,59229,1591
1593,"Magician: Apprentice (The Riftwar Saga, #1)",Raymond E. Feist,en-US,EN-US,4.17,62432,1592
1594,Bet Me,Jennifer Crusie,eng,ENG,3.95,70737,1593
1595,Long Walk to Freedom,Nelson Mandela,eng,ENG,4.31,43927,1594
1596,Gray Mountain,John Grisham,eng,ENG,3.52,37379,1595
1597,"The Power of One (The Power of One, #1)",Bryce Courtenay,eng,ENG,4.34,57312,1596
1598,The Maltese Falcon,Dashiell Hammett,eng,ENG,3.92,58742,1597
1599,Night Road,Kristin Hannah,en-US,EN-US,4.17,58028,1598
1600,"Tripwire  (Jack Reacher, #3)",Lee Child,eng,ENG,4.07,55251,1599
1601,Emotional Intelligence: Why It Can Matter More Than IQ,Daniel Goleman,eng,ENG,3.98,47661,1600
1602,"Changes (The Dresden Files, #12)",Jim Butcher,eng,ENG,4.54,66402,1601
1603,The Story of Ferdinand,"Munro Leaf, Robert Lawson",unknown,UNKNOWN,4.35,70961,1602
1604,"Impulse (Impulse, #1)",Ellen Hopkins,en-US,EN-US,4.29,59804,1603
1605,Ivanhoe,Walter Scott,eng,ENG,3.75,65828,1604
1606,"Ten Big Ones (Stephanie Plum, #10)",Janet Evanovich,en-US,EN-US,4.13,76052,1605
1607,"The Poet (Jack McEvoy, #1; Harry Bosch Universe, #5)",Michael Connelly,eng,ENG,4.19,56191,1606
1608,"Paranormalcy (Paranormalcy, #1)",Kiersten White,eng,ENG,3.91,79959,1607
1609,"Eclipse: The Complete Illustrated Movie Companion (The Twilight Saga: The Official Illustrated Movie Companion, #3)",Mark Cotta Vaz,en-US,EN-US,4.44,50084,1608
1610,The Shoemaker's Wife,Adriana Trigiani,eng,ENG,3.98,53378,1609
1611,"Rise of the Evening Star (Fablehaven, #2)",Brandon Mull,unknown,UNKNOWN,4.16,79266,1610
1612,"The Next Always (Inn BoonsBoro, #1)","Nora Roberts, MacLeod Andrews",unknown,UNKNOWN,4.11,54777,1611
1613,What I Talk About When I Talk About Running,"Haruki Murakami, Philip Gabriel",eng,ENG,3.79,49344,1612
1614,"We'll Always Have Summer (Summer, #3)",Jenny Han,en-US,EN-US,4.17,68112,1613
1615,Open,"Andre Agassi, J.R. Moehringer",eng,ENG,4.18,47185,1614
1616,"Stormbreaker (Alex Rider, #1)",Anthony Horowitz,eng,ENG,3.97,67602,1615
1617,"Without Fail (Jack Reacher, #6)","Lee Child, Dick Hill",eng,ENG,4.16,53411,1616
1618,"A Voice in the Wind (Mark of the Lion, #1)","Francine Rivers, Richard Ferrone",en-US,EN-US,4.6,55556,1617
1619,"The Twilight Saga Complete Collection  (Twilight, #1-4 + 3.5)",Stephenie Meyer,eng,ENG,4.31,56827,1618
1620,A Scanner Darkly,Philip K. Dick,eng,ENG,4.04,54014,1619
1621,Drive: The Surprising Truth About What Motivates Us,Daniel H. Pink,unknown,UNKNOWN,3.95,55889,1620
1622,A Connecticut Yankee in King Arthur's Court,Mark Twain,eng,ENG,3.76,50112,1621
1623,Batman: The Long Halloween,"Jeph Loeb, Tim Sale, Gregory Wright, Richard Starkings",eng,ENG,4.29,54781,1622
1624,Nausea,"Jean-Paul Sartre, Lloyd Alexander, Hayden Carruth",eng,ENG,3.91,50876,1623
1625,Wild at Heart: Discovering the Secret of a Man's Soul,John Eldredge,eng,ENG,3.93,50215,1624
1626,"Secrets of the Dragon Sanctuary (Fablehaven, #4)",Brandon Mull,eng,ENG,4.35,60744,1625
1627,"Twelve Sharp (Stephanie Plum, #12)",Janet Evanovich,eng,ENG,4.14,74747,1626
1628,"Wool (Wool, #1)",Hugh Howey,eng,ENG,4.12,59191,1627
1629,"The Tombs of Atuan (Earthsea Cycle, #2)",Ursula K. Le Guin,eng,ENG,4.07,61457,1628
1630,"Turn Coat (The Dresden Files, #11)",Jim Butcher,en-US,EN-US,4.45,64089,1629
1631,The Sign of Four,"Arthur Conan Doyle, Peter Ackroyd, Ed Glinert",eng,ENG,3.96,60469,1630
1632,The Mitten,Jan Brett,eng,ENG,4.23,66701,1631
1633,"Memnoch the Devil (The Vampire Chronicles, #5)",Anne Rice,eng,ENG,3.73,62641,1632
1634,"The Magician (The Secrets of the Immortal Nicholas Flamel, #2)",Michael Scott,eng,ENG,4.09,67539,1633
1635,"Click, Clack, Moo: Cows That Type","Doreen Cronin, Betsy Lewin",eng,ENG,4.23,67171,1634
1636,"Iron Kissed (Mercy Thompson, #3)",Patricia Briggs,en-US,EN-US,4.36,83051,1635
1637,"Anna Dressed in Blood (Anna, #1)",Kendare Blake,en-US,EN-US,3.96,72732,1636
1638,"Temple of the Winds (Sword of Truth, #4)","Terry Goodkind, Dick Hill",unknown,UNKNOWN,4.03,57476,1637
1639,The True Confessions of Charlotte Doyle,Avi,eng,ENG,3.81,67608,1638
1640,A Reliable Wife,Robert Goolrick,en-US,EN-US,3.25,58348,1639
1641,"Something Wicked This Way Comes (Green Town, #2)",Ray Bradbury,eng,ENG,3.95,64813,1640
1642,Song of Solomon,Toni Morrison,eng,ENG,4.01,59756,1641
1643,Red Storm Rising,Tom Clancy,unknown,UNKNOWN,4.14,54930,1642
1644,Peace Like a River,Leif Enger,en-US,EN-US,3.98,59642,1643
1645,Rant,Chuck Palahniuk,en-US,EN-US,3.82,49255,1644
1646,"Shadow of the Hegemon (Ender's Shadow, #2)",Orson Scott Card,en-US,EN-US,3.93,58991,1645
1647,تراب الماس,أحمد مراد,ara,ARA,4.09,43016,1646
1648,The Poky Little Puppy (A Little Golden Book),"Janette Sebring Lowrey, Gustaf Tenggren",eng,ENG,4.08,62571,1647
1649,Tara Road,Maeve Binchy,eng,ENG,3.88,60154,1648
1650,The Call of the Wild/White Fang,Jack London,eng,ENG,4.08,61126,1649
1651,"Ignite Me (Shatter Me, #3)",Tahereh Mafi,eng,ENG,4.44,83767,1650
1652,"Cross My Heart and Hope to Spy (Gallagher Girls, #2)",Ally Carter,en-US,EN-US,4.13,69733,1651
1653,"Blood Bound (Mercy Thompson, #2)",Patricia Briggs,eng,ENG,4.31,84677,1652
1654,"Cold Days (The Dresden Files, #14)",Jim Butcher,en-US,EN-US,4.51,57779,1653
1655,"The Friday Night Knitting Club (Friday Night Knitting Club, #1)",Kate Jacobs,eng,ENG,3.41,60812,1654
1656,All Things Bright and Beautiful (All Creatures Great and Small),James Herriot,en-US,EN-US,4.3,57626,1655
1657,Infinite Jest,David Foster Wallace,en-US,EN-US,4.31,46742,1656
1658,"Tangled (Tangled, #1)",Emma Chase,eng,ENG,4.12,59705,1657
1659,The Day of the Triffids,John Wyndham,eng,ENG,4.0,58945,1658
1660,The Sisters Brothers,"Patrick deWitt, Marcelo Barbão",eng,ENG,3.83,51694,1659
1661,Secret Daughter,Shilpi Somaya Gowda,en-US,EN-US,3.97,52734,1660
1662,Fantastic Mr. Fox,"Roald Dahl, Quentin Blake",eng,ENG,4.03,66015,1661
1663,Brida,"Paulo Coelho, Montserrat Mira",por,POR,3.46,45905,1662
1664,A Room of One's Own,Virginia Woolf,eng,ENG,4.1,59868,1663
1665,"Warbreaker (Warbreaker, #1)",Brandon Sanderson,eng,ENG,4.22,55948,1664
1666,Shakespeare's Sonnets,"William Shakespeare, Katherine Duncan-Jones",en-US,EN-US,4.24,58291,1665
1667,What Happened to Goodbye,Sarah Dessen,eng,ENG,3.97,69636,1666
1668,"Six of Crows (Six of Crows, #1)",Leigh Bardugo,eng,ENG,4.46,90202,1667
1669,"13 Little Blue Envelopes (Little Blue Envelope, #1)",Maureen Johnson,eng,ENG,3.65,66950,1668
1670,Same Kind of Different as Me,"Ron Hall, Denver Moore, Lynn Vincent",en-US,EN-US,4.21,52964,1669
1671,Carry On,Rainbow Rowell,eng,ENG,4.19,46197,1670
1672,"Mountains Beyond Mountains: The Quest of Dr. Paul Farmer, A Man Who Would Cure the World",Tracy Kidder,eng,ENG,4.21,53019,1671
1673,"Beneath This Man (This Man, #2)",Jodi Ellen Malpas,eng,ENG,4.3,44170,1672
1674,"Prince of Thorns (The Broken Empire, #1)",Mark  Lawrence,eng,ENG,3.87,54173,1673
1675,The Book of Ruth,Jane Hamilton,en-US,EN-US,3.82,56842,1674
1676,Galápagos,Kurt Vonnegut Jr.,unknown,UNKNOWN,3.87,48330,1675
1677,Next,Michael Crichton,en-US,EN-US,3.48,53487,1676
1678,"The House of the Scorpion (Matteo Alacran, #1)",Nancy Farmer,eng,ENG,4.1,61613,1677
1679,Leaves of Grass,Walt Whitman,eng,ENG,4.12,57763,1678
1680,"Blue Dahlia (In the Garden, #1)",Nora Roberts,eng,ENG,4.11,57413,1679
1681,Lady Chatterley's Lover,"D.H. Lawrence, Doris Lessing, Chester Brown",eng,ENG,3.49,46541,1680
1682,"The Magician King (The Magicians, #2)",Lev Grossman,en-US,EN-US,3.9,52061,1681
1683,Liar's Poker,Michael   Lewis,en-US,EN-US,4.16,22315,1682
1684,The Richest Man in Babylon,George S. Clason,eng,ENG,4.23,50206,1683
1685,Salem Falls,Jodi Picoult,en-US,EN-US,3.8,59930,1684
1686,Belgarath the Sorcerer,"David Eddings, Leigh Eddings",en-US,EN-US,4.07,59737,1685
1687,The Great Dune Trilogy  ,Frank Herbert,en-GB,EN-GB,4.35,51454,1686
1688,My Name Is Lucy Barton,"Elizabeth Strout, Goran Skrobonja",eng,ENG,3.51,49578,1687
1689,"Garden Spells (Waverley Family, #1)",Sarah Addison Allen,eng,ENG,4.06,65409,1688
1690,"Ghost Story (The Dresden Files,  #13)",Jim Butcher,eng,ENG,4.25,59657,1689
1691,Narrative of the Life of Frederick Douglass,Frederick Douglass,eng,ENG,3.97,55576,1690
1692,He's Just Not That Into You: The No-Excuses Truth to Understanding Guys,"Greg Behrendt, Liz Tuccillo",eng,ENG,3.65,49015,1691
1693,"Pawn of Prophecy (The Belgariad, #1)",David Eddings,eng,ENG,4.16,67451,1692
1694,"Lean Mean Thirteen (Stephanie Plum, #13)",Janet Evanovich,en-US,EN-US,4.08,73839,1693
1695,The Jungle Books,"Rudyard Kipling, Alev Lytle Croutier",eng,ENG,4.0,68750,1694
1696,"Glass Houses (The Morganville Vampires, #1)",Rachel Caine,en-US,EN-US,3.92,77454,1695
1697,Captivating: Unveiling the Mystery of a Woman's Soul,"John Eldredge, Stasi Eldredge",en-US,EN-US,3.93,30395,1696
1698,The Dark Tower: The Gunslinger Born,"Peter David, Robin Furth, Jae Lee, Richard Isanove, Stephen King",eng,ENG,4.18,60746,1697
1699,The Lake House,Kate Morton,eng,ENG,4.04,46348,1698
1700,A Tale for the Time Being,Ruth Ozeki,eng,ENG,3.98,51580,1699
1701,"I Hope They Serve Beer in Hell (Tucker Max, #1)",Tucker Max,unknown,UNKNOWN,3.51,46092,1700
1702,"Rule (Marked Men, #1)","Jay Crownover, Charlotte Connan de vries",eng,ENG,4.16,79077,1701
1703,"South of the Border, West of the Sun","Haruki Murakami, Philip Gabriel",eng,ENG,3.87,47812,1702
1704,Mother Night,Kurt Vonnegut Jr.,en-US,EN-US,4.21,52249,1703
1705,Influence: The Psychology of Persuasion,Robert B. Cialdini,eng,ENG,4.18,45874,1704
1706,The Fall of the House of Usher and Other Tales ,"Edgar Allan Poe, Stephen Marlowe",unknown,UNKNOWN,4.14,57265,1705
1707,Harriet the Spy (Harriet the Spy #1),Louise Fitzhugh,eng,ENG,3.96,77575,1706
1708,The Paying Guests,Sarah Waters,en-US,EN-US,3.39,44839,1707
1709,"Forever Odd (Odd Thomas, #2)",Dean Koontz,en-US,EN-US,3.96,54958,1708
1710,At Home: A Short History of Private Life,Bill Bryson,eng,ENG,3.96,55296,1709
1711,Sushi for Beginners,Marian Keyes,unknown,UNKNOWN,3.69,55373,1710
1712,"Still Life (Chief Inspector Armand Gamache, #1)",Louise Penny,eng,ENG,3.91,59317,1711
1713,"Watermelon (Walsh Family, #1)",Marian Keyes,unknown,UNKNOWN,3.79,55841,1712
1714,The Kitchen God's Wife,Amy Tan,en-US,EN-US,3.98,58836,1713
1715,Let the Right One In,John Ajvide Lindqvist,eng,ENG,4.07,52518,1714
1716,"The Rise of Nine (Lorien Legacies, #3)",Pittacus Lore,eng,ENG,4.2,70196,1715
1717,Essential Tales and Poems,"Edgar Allan Poe, Benjamin F. Fisher",en-US,EN-US,4.35,59354,1716
1718,"The Second Summer of the Sisterhood (Sisterhood, #2)",Ann Brashares,en-US,EN-US,3.78,67357,1717
1719,Phantoms,Dean Koontz,en-US,EN-US,3.93,56287,1718
1720,Amy & Roger's Epic Detour,Morgan Matson,eng,ENG,4.05,65273,1719
1721,My Utmost for His Highest,Oswald Chambers,eng,ENG,4.39,47720,1720
1722,"The Wee Free Men (Discworld, #30; Tiffany Aching, #1)",Terry Pratchett,eng,ENG,4.25,63635,1721
1723,"Written in My Own Heart's Blood (Outlander, #8)",Diana Gabaldon,eng,ENG,4.5,46663,1722
1724,Nightshade (Nightshade #1; Nightshade World #4),Andrea Cremer,eng,ENG,4.03,69534,1723
1725,Alice's Adventures in Wonderland,"Lewis Carroll, John Tenniel",eng,ENG,3.99,30426,1724
1726,"Dragon Rider (Dragon Rider, #1)",Cornelia Funke,eng,ENG,3.94,61387,1725
1727,"The Long Dark Tea-Time of the Soul (Dirk Gently, #2)",Douglas Adams,en-US,EN-US,4.05,59276,1726
1728,Uprooted,Naomi Novik,eng,ENG,4.13,61454,1727
1729,Seveneves,Neal Stephenson,eng,ENG,3.98,44612,1728
1730,Armada,Ernest Cline,en-GB,EN-GB,3.49,49958,1729
1731,"The Desert Spear (Demon Cycle, #2)",Peter V. Brett,eng,ENG,4.24,53143,1730
1732,The Man in the Brown Suit,Agatha Christie,eng,ENG,3.97,56053,1731
1733,The Summons,John Grisham,eng,ENG,3.68,53304,1732
1734,Endurance: Shackleton's Incredible Voyage,Alfred Lansing,eng,ENG,4.36,50142,1733
1735,"Size 12 Is Not Fat (Heather Wells, #1)",Meg Cabot,en-US,EN-US,3.75,66089,1734
1736,Dark Matter,Blake Crouch,eng,ENG,4.11,63814,1735
1737,"Glass Sword (Red Queen, #2)",Victoria Aveyard,eng,ENG,3.95,78405,1736
1738,When You Reach Me,Rebecca Stead,en-US,EN-US,4.08,64430,1737
1739,The Bonfire of the Vanities,Tom Wolfe,eng,ENG,3.81,52062,1738
1740,In the Unlikely Event,Judy Blume,eng,ENG,3.51,40885,1739
1741,"Death on the Nile (Hercule Poirot, #17)",Agatha Christie,eng,ENG,4.06,64949,1740
1742,"Shiloh (Shiloh, #1)",Phyllis Reynolds Naylor,eng,ENG,3.91,59585,1741
1743,"Siege and Storm (Shadow and Bone, #2)",Leigh Bardugo,eng,ENG,4.08,78658,1742
1744,"The Redbreast (Harry Hole, #3)","Jo Nesbø, Don Bartlett",eng,ENG,3.94,49999,1743
1745,"Leviathan (Leviathan, #1)",Scott Westerfeld,en-US,EN-US,3.91,69065,1744
1746,Hide and Seek,James Patterson,en-US,EN-US,4.1,53038,1745
1747,The Love Dare,"Stephen Kendrick, Alex Kendrick",en-US,EN-US,4.37,41908,1746
1748,Goodnight Nobody,Jennifer Weiner,en-US,EN-US,3.64,51748,1747
1749,The Death and Life of Charlie St. Cloud,Ben Sherwood,eng,ENG,4.01,46361,1748
1750,How to Stop Worrying and Start Living,Dale Carnegie,en-GB,EN-GB,4.08,46797,1749
1751,"Born in Fire (Born In Trilogy, #1)",Nora Roberts,en-US,EN-US,4.21,56901,1750
1752,Animal Dreams,Barbara Kingsolver,eng,ENG,4.05,51007,1751
1753,"Reason to Breathe (Breathing, #1)",Rebecca Donovan,eng,ENG,4.23,68676,1752
1754,"The Mortal Instruments Boxed Set: City of Bones; City of Ashes; City of Glass (The Mortal Instruments, #1-3)",Cassandra Clare,eng,ENG,4.57,55518,1753
1755,"If Tomorrow Comes (Tracy Whitney Series, #1)",Sidney Sheldon,eng,ENG,4.01,44722,1754
1756,M.C. Escher: The Graphic Work,"M.C. Escher, Bruce Brooks Pfeiffer",eng,ENG,3.93,50047,1755
1757,Pope Joan,Donna Woolfolk Cross,eng,ENG,4.06,51385,1756
1758,Birdsong,Sebastian Faulks,eng,ENG,4.07,49930,1757
1759,"Faith of the Fallen (Sword of Truth, #6)",Terry Goodkind,en-US,EN-US,4.11,53676,1758
1760,"Keys to the Demon Prison (Fablehaven, #5)",Brandon Mull,eng,ENG,4.42,58481,1759
1761,Moonwalking with Einstein: The Art and Science of Remembering Everything,Joshua Foer,eng,ENG,3.85,48816,1760
1762,While I Was Gone,Sue Miller,eng,ENG,3.67,52244,1761
1763,"4th of July (Women's Murder Club, #4)","James Patterson, Maxine Paetro",eng,ENG,4.04,55637,1762
1764,"The Time Paradox (Artemis Fowl, #6)",Eoin Colfer,en-US,EN-US,4.07,61987,1763
1765,Clifford the Big Red Dog,Norman Bridwell,unknown,UNKNOWN,4.09,58925,1764
1766,"Bitterblue (Graceling Realm, #3)",Kristin Cashore,eng,ENG,4.01,74479,1765
1767,The Sky Is Everywhere,Jandy Nelson,eng,ENG,4.04,61937,1766
1768,"Wyrd Sisters (Discworld, #6; Witches #2)",Terry Pratchett,eng,ENG,4.11,60472,1767
1769,"Real (Real, #1)",Katy Evans,eng,ENG,4.21,83000,1768
1770,NOS4A2,Joe Hill,eng,ENG,4.06,50181,1769
1771,The Tenant of Wildfell Hall,"Anne Brontë, Stevie Davies",eng,ENG,3.91,59408,1770
1772,"The Black Stallion (The Black Stallion, #1)","Walter Farley, Keith Ward",eng,ENG,4.18,60720,1771
1773,"Reckless (Thoughtless, #3)",S.C. Stephens,en-US,EN-US,4.42,69657,1772
1774,"The Grim Grotto (A Series of Unfortunate Events, #11)","Lemony Snicket, Brett Helquist",en-US,EN-US,3.99,73492,1773
1775,Strega Nona,Tomie dePaola,eng,ENG,4.22,65259,1774
1776,"Playing for Keeps (Neighbor from Hell, #1)",R.L. Mathewson,eng,ENG,4.08,85266,1775
1777,Art and Fear: Observations on the Perils (and Rewards) of Artmaking,"David Bayles, Ted Orland",eng,ENG,3.67,47688,1776
1778,Frida: A Biography of Frida Kahlo,Hayden Herrera,unknown,UNKNOWN,3.94,43976,1777
1779,"Bitten (Women of the Otherworld, #1)",Kelley Armstrong,eng,ENG,4.06,71988,1778
1780,"Born at Midnight (Shadow Falls, #1)",C.C. Hunter,en-US,EN-US,4.13,68084,1779
1781,Don't Let the Pigeon Drive the Bus!,Mo Willems,eng,ENG,4.29,59698,1780
1782,"The Dream Thieves (The Raven Cycle, #2)",Maggie Stiefvater,eng,ENG,4.27,75637,1781
1783,The Portrait of a Lady,"Henry James, Patricia Crick",eng,ENG,3.76,55019,1782
1784,The Raven,"Edgar Allan Poe, Gustave Doré",unknown,UNKNOWN,4.28,56633,1783
1785,The Yellow Wallpaper and Other Stories,Charlotte Perkins Gilman,eng,ENG,4.02,64690,1784
1786,Before the Fall,Noah Hawley,eng,ENG,3.76,48807,1785
1787,هيبتا,محمد صادق,ara,ARA,3.82,42978,1786
1788,The Calvin and Hobbes Tenth Anniversary Book,Bill Watterson,eng,ENG,4.63,48280,1787
1789,Dreamland,Sarah Dessen,eng,ENG,3.91,64082,1788
1790,The Art Forger,B.A. Shapiro,en-US,EN-US,3.69,47873,1789
1791,"Austenland (Austenland, #1)",Shannon Hale,en-US,EN-US,3.54,66400,1790
1792,Half of a Yellow Sun,Chimamanda Ngozi Adichie,eng,ENG,4.28,46716,1791
1793,One Night at the Call Center,Chetan Bhagat,eng,ENG,2.47,40718,1792
1794,At the Water's Edge,Sara Gruen,eng,ENG,3.65,44956,1793
1795,The Running Man,"Richard Bachman, Stephen King",eng,ENG,3.8,62268,1794
1796,"Gilead (Gilead, #1)",Marilynne Robinson,en-US,EN-US,3.84,54081,1795
1797,The Crying of Lot 49,Thomas Pynchon,en-US,EN-US,3.7,48692,1796
1798,"Edge of Eternity (The Century Trilogy, #3)",Ken Follett,eng,ENG,4.04,21459,1797
1799,"Demonglass (Hex Hall, #2)",Rachel Hawkins,en-US,EN-US,4.13,74589,1798
1800,Ubik,"Philip K. Dick, David Alabort, Manuel Espín",spa,SPA,4.1,48256,1799
1801,"The Sword of Shannara (The Original Shannara Trilogy, #1)",Terry Brooks,eng,ENG,3.76,58967,1800
1802,"Hannibal (Hannibal Lecter, #3)",Thomas Harris,eng,ENG,3.72,57569,1801
1803,"The Awakening / The Struggle (The Vampire Diaries, #1-2)",L.J. Smith,en-US,EN-US,3.67,68651,1802
1804,Three Wishes,Liane Moriarty,en-US,EN-US,3.76,40569,1803
1805,"Night World, No. 3 (Night World, #7-9)",L.J. Smith,en-US,EN-US,4.2,58232,1804
1806,Fall on Your Knees,Ann-Marie MacDonald,eng,ENG,3.95,50446,1805
1807,The Scorpio Races,Maggie Stiefvater,eng,ENG,4.08,70335,1806
1808,"Morning Star (Red Rising, #3)",Pierce Brown,eng,ENG,4.5,47736,1807
1809,"Mossflower (Redwall, #2)",Brian Jacques,en-US,EN-US,4.09,56860,1808
1810,Furiously Happy: A Funny Book About Horrible Things,Jenny  Lawson,eng,ENG,3.93,59743,1809
1811,"Visions of Sugar Plums (Stephanie Plum, #8.5)",Janet Evanovich,en-US,EN-US,3.68,62726,1810
1812,"Magician: Master (The Riftwar Saga, #2)",Raymond E. Feist,en-US,EN-US,4.25,53878,1811
1813,"On the Island (On the Island, #1)",Tracey Garvis-Graves,eng,ENG,4.13,28651,1812
1814,Left Neglected,Lisa Genova,eng,ENG,3.95,52095,1813
1815,Anne Frank Remembered: The Story of the Woman Who Helped to Hide the Frank Family,"Miep Gies, Alison Leslie Gold",eng,ENG,4.26,50412,1814
1816,Redshirts,John Scalzi,en-US,EN-US,3.84,53746,1815
1817,"Sahara (Dirk Pitt, #11)",Clive Cussler,spa,SPA,3.95,47054,1816
1818,"One Foot in the Grave (Night Huntress, #2)",Jeaniene Frost,eng,ENG,4.31,76368,1817
1819,The Last Anniversary,Liane Moriarty,eng,ENG,3.72,35325,1818
1820,"Hunger (Gone, #2)",Michael  Grant,eng,ENG,4.02,60519,1819
1821,"Fearless Fourteen (Stephanie Plum, #14)",Janet Evanovich,en-US,EN-US,4.02,70806,1820
1822,"Revolution 2020: Love, Corruption, Ambition",Chetan Bhagat,eng,ENG,3.07,42845,1821
1823,"A Bear Called Paddington (Paddington, #1)","Michael Bond, Peggy Fortnum",eng,ENG,4.21,62590,1822
1824,"Flawless (Pretty Little Liars, #2)",Sara Shepard,en-US,EN-US,3.96,59403,1823
1825,"Ramona Quimby, Age 8 (Ramona, #6)",Beverly Cleary,eng,ENG,4.08,58135,1824
1826,The General's Daughter,Nelson DeMille,unknown,UNKNOWN,4.07,50264,1825
1827,"The Hostile Hospital (A Series of Unfortunate Events, #8)","Lemony Snicket, Brett Helquist",en-GB,EN-GB,3.95,66327,1826
1828,"InuYasha: Turning Back Time (InuYasha, #1)",Rumiko Takahashi,eng,ENG,4.26,45993,1827
1829,The Omen,David Seltzer,en-US,EN-US,3.99,49935,1828
1830,"Blue Moon (The Immortals, #2)",Alyson Noel,eng,ENG,3.61,74367,1829
1831,"The Innocent (Will Robie, #1)",David Baldacci,en-US,EN-US,4.1,46216,1830
1832,"Child 44 (Leo Demidov, #1)",Tom Rob Smith,eng,ENG,4.08,46734,1831
1833,"These Is My Words: The Diary of Sarah Agnes Prine, 1881-1901, Arizona Territories (Sarah Agnes Prine, #1)",Nancy E. Turner,eng,ENG,4.35,44669,1832
1834,The Hypnotist's Love Story,Liane Moriarty,en-CA,EN-CA,3.69,34107,1833
1835,"The Devil and Miss Prym (On the Seventh Day, #3)","Paulo Coelho, Amanda Hopkinson, Nick Caistor",eng,ENG,3.59,42286,1834
1836,The Kissing Hand,"Audrey Penn, Ruth E. Harper, Nancy M. Leak",en-GB,EN-GB,4.41,51219,1835
1837,"Shift (Silo, #2)",Hugh Howey,en-US,EN-US,4.12,46518,1836
1838,"Worth Dying For (Jack Reacher, #15)",Lee Child,eng,ENG,4.2,47296,1837
1839,Look Me in the Eye: My Life with Asperger's,John Elder Robison,en-US,EN-US,3.91,48189,1838
1840,Fantasy Lover (Dark-Hunterverse #1),Sherrilyn Kenyon,eng,ENG,4.17,70274,1839
1841,Sundays at Tiffany's,"James Patterson, Gabrielle Charbonnet",eng,ENG,3.74,51720,1840
1842,Perfect Match,Jodi Picoult,eng,ENG,3.93,52168,1841
1843,Prep,Curtis Sittenfeld,eng,ENG,3.36,50598,1842
1844,Scar Tissue,"Anthony Kiedis, Larry Sloman",eng,ENG,4.1,45203,1843
1845,Alias Grace,"Margaret Atwood, Brigitte Walitzek",ger,GER,3.97,51511,1844
1846,"Captivated by You (Crossfire, #4)",Sylvia Day,eng,ENG,4.06,57831,1845
1847,Illusions: The Adventures of a Reluctant Messiah,Richard Bach,eng,ENG,4.14,44569,1846
1848,"Soulless (Parasol Protectorate, #1)",Gail Carriger,eng,ENG,3.91,73051,1847
1849,"Just One Day (Just One Day, #1)",Gayle Forman,eng,ENG,4.02,47674,1848
1850,"Wake (Wake, #1)",Lisa McMann,eng,ENG,3.75,69046,1849
1851,The Emperor of All Maladies: A Biography of Cancer,Siddhartha Mukherjee,eng,ENG,4.29,48117,1850
1852,"Glass (Crank, #2)",Ellen Hopkins,eng,ENG,4.28,51726,1851
1853,Memories of My Melancholy Whores,"Gabriel García Márquez, Edith Grossman",eng,ENG,3.59,33534,1852
1854,"Only Time Will Tell (The Clifton Chronicles, #1)",Jeffrey Archer,eng,ENG,4.04,41187,1853
1855,The Seven Spiritual Laws of Success: A Practical Guide to the Fulfillment of Your Dreams,Deepak Chopra,en-US,EN-US,4.07,41427,1854
1856,Magical Thinking: True Stories,Augusten Burroughs,en-US,EN-US,3.96,45554,1855
1857,"In the Hand of the Goddess (Song of the Lioness, #2)",Tamora Pierce,eng,ENG,4.25,66382,1856
1858,"3rd Degree (Women's Murder Club, #3)","James Patterson, Andrew Gross",unknown,UNKNOWN,4.0,55599,1857
1859,Bird by Bird: Some Instructions on Writing and Life,Anne Lamott,unknown,UNKNOWN,4.22,55606,1858
1860,"Ruby Red (Precious Stone Trilogy, #1)","Kerstin Gier, Anthea Bell",en-US,EN-US,4.12,62978,1859
1861,"Shadowland (The Immortals, #3)",Alyson Noel,eng,ENG,3.66,68104,1860
1862,Heir to the Empire (Star Wars: The Thrawn Trilogy #1),Timothy Zahn,eng,ENG,4.12,50300,1861
1863,"Lioness Rampant (Song of the Lioness, #4)",Tamora Pierce,en-US,EN-US,4.28,65027,1862
1864,"Outbreak (Dr. Marissa Blumenthal, #1)",Robin Cook,eng,ENG,3.96,48357,1863
1865,You Can Heal Your Life,Louise L. Hay,eng,ENG,4.14,44445,1864
1866,The Vacationers,Emma Straub,unknown,UNKNOWN,3.14,44074,1865
1867,"The Hangman's Daughter (The Hangman's Daughter, #1)","Oliver Pötzsch, Lee Chadeayne",eng,ENG,3.71,49994,1866
1868,I Am Legend,Richard Matheson,eng,ENG,4.07,46845,1867
1869,"Dealing with Dragons (Enchanted Forest Chronicles, #1)","Patricia C. Wrede, Peter de Sève",en-US,EN-US,4.14,67663,1868
1870,"Running Blind (Jack Reacher, #4)",Lee Child,en-US,EN-US,4.08,44681,1869
1871,"Rules of Prey (Lucas Davenport, #1)",John Sandford,en-US,EN-US,4.13,52416,1870
1872,"Ashes to Ashes (Kovac and Liska, #1)",Tami Hoag,eng,ENG,4.03,49139,1871
1873,The Yiddish Policemen's Union,Michael Chabon,eng,ENG,3.69,46854,1872
1874,The Aviator's Wife,Melanie Benjamin,en-US,EN-US,3.87,48191,1873
1875,A Bad Case of Stripes,David Shannon,eng,ENG,4.24,51764,1874
1876,"The Affair (Jack Reacher, #16)",Lee Child,eng,ENG,4.11,43992,1875
1877,The Elements of Style,"William Strunk Jr., E.B. White",en-US,EN-US,4.19,46041,1876
1878,The Turn of the Screw,Henry James,eng,ENG,3.45,53644,1877
1879,Best Friends Forever,Jennifer Weiner,eng,ENG,3.48,50738,1878
1880,"Homeland (Forgotten Realms: The Dark Elf Trilogy, #1; Legend of Drizzt, #1)",R.A. Salvatore,eng,ENG,4.27,49095,1879
1881,The Mote in God's Eye,"Larry Niven, Jerry Pournelle",eng,ENG,4.06,48131,1880
1882,"The Snowman (Harry Hole, #7)","Jo Nesbø, Don Bartlett",eng,ENG,4.04,47533,1881
1883,Stoner,"John  Williams, John McGahern",eng,ENG,4.28,42869,1882
1884,Wicked: The Grimmerie,"David Cote, Stephen Schwartz, Joan Marcus, Winnie Holzman",en-US,EN-US,4.17,47207,1883
1885,As You Like It,William Shakespeare,eng,ENG,3.83,56395,1884
1886,"Preacher, Volume 1: Gone to Texas","Garth Ennis, Steve Dillon, Joe R. Lansdale",eng,ENG,4.16,51267,1885
1887,Cyrano de Bergerac,"Edmond Rostand, Eteel Lawson, Lowell Bair",eng,ENG,4.05,54607,1886
1888,"The Spirit Catches You and You Fall Down: A Hmong Child, Her American Doctors, and the Collision of Two Cultures",Anne Fadiman,en-US,EN-US,4.14,47785,1887
1889,"Bone Crossed (Mercy Thompson, #4)",Patricia Briggs,en-GB,EN-GB,4.34,69516,1888
1890,"The Indigo Spell (Bloodlines, #3)",Richelle Mead,eng,ENG,4.41,73056,1889
1891,"Dreamfever (Fever, #4)",Karen Marie Moning,en-US,EN-US,4.43,68816,1890
1892,Case Histories (Jackson Brodie #1),Kate Atkinson,eng,ENG,3.82,54908,1891
1893,"Release Me (Stark Trilogy, #1)",J. Kenner,eng,ENG,4.14,61211,1892
1894,Wedding Night,Sophie Kinsella,eng,ENG,3.4,32084,1893
1895,The Doll's House (The Sandman #2),"Neil Gaiman, Steve Parkhouse, Chris Bachalo, Michael Zulli, Mike Dringenberg, Malcolm Jones III, Todd Klein, Clive Barker",eng,ENG,4.44,54420,1894
1896,"Pollyanna (Pollyanna, #1)",Eleanor H. Porter,eng,ENG,3.95,56529,1895
1897,The Lost Boy (Dave Pelzer #2),Dave Pelzer,eng,ENG,4.08,46847,1896
1898,"Dust (Silo, #3)",Hugh Howey,eng,ENG,4.26,33132,1897
1899,Lone Wolf,Jodi Picoult,eng,ENG,3.67,33504,1898
1900,Nightmares and Dreamscapes,Stephen King,eng,ENG,3.9,54401,1899
1901,"Shadowfever (Fever, #5)",Karen Marie Moning,en-US,EN-US,4.46,73030,1900
1902,The Associate,John Grisham,en-US,EN-US,3.64,48838,1901
1903,"Son (The Giver, #4)",Lois Lowry,eng,ENG,3.98,54620,1902
1904,The Sandman: Overture,"Neil Gaiman, J.H. Williams III, Dave Stewart, Todd Klein",en-US,EN-US,3.94,52973,1903
1905,"Blood Song (Raven's Shadow, #1)",Anthony  Ryan,eng,ENG,4.47,44014,1904
1906,"Rules of Attraction (Perfect Chemistry, #2)",Simone Elkeles,en-US,EN-US,4.22,68270,1905
1907,The Merry Adventures of Robin Hood,Howard Pyle,eng,ENG,4.05,48879,1906
1908,Less Than Zero,Bret Easton Ellis,eng,ENG,3.58,45978,1907
1909,Someone Knows My Name,Lawrence Hill,eng,ENG,4.44,22146,1908
1910,The Arabian Nights,"Anonymous, Richard Francis Burton, A.S. Byatt",eng,ENG,4.06,46656,1909
1911,"Faithful Place (Dublin Murder Squad, #3)",Tana French,eng,ENG,3.97,55355,1910
1912,Euphoria,Lily King,eng,ENG,3.84,41606,1911
1913,"Rachel's Holiday (Walsh Family, #2)",Marian Keyes,eng,ENG,3.93,48663,1912
1914,The Caves of Steel (Robot #1),Isaac Asimov,eng,ENG,4.14,51059,1913
1915,"Dance Dance Dance (The Rat, #4)",Haruki Murakami,eng,ENG,4.03,41161,1914
1916,"The Mouse and the Motorcycle (Ralph S. Mouse, #1)","Beverly Cleary, Louis Darling, Tracy Dockray",en-US,EN-US,3.9,61754,1915
1917,"The Forest of Hands and Teeth (The Forest of Hands and Teeth, #1)",Carrie Ryan,eng,ENG,3.59,64093,1916
1918,"The Elfstones of Shannara  (The Original Shannara Trilogy, #2)",Terry Brooks,eng,ENG,3.96,51161,1917
1919,"Dash & Lily's Book of Dares (Dash & Lily, #1)","Rachel Cohn, David Levithan",eng,ENG,3.82,54920,1918
1920,The Luminaries,Eleanor Catton,eng,ENG,3.7,40727,1919
1921,If You Give a Moose a Muffin,"Laura Joffe Numeroff, Felicia Bond",en-US,EN-US,4.17,48830,1920
1922,Velocity,Dean Koontz,eng,ENG,3.85,48755,1921
1923,Barrel Fever: Stories and Essays,David Sedaris,en-US,EN-US,3.78,44679,1922
1924,"Reaper Man (Discworld, #11; Death, #2)",Terry Pratchett,eng,ENG,4.27,52845,1923
1925,"Piercing the Darkness (Darkness, #2)",Frank E. Peretti,eng,ENG,4.3,44595,1924
1926,Made to Stick: Why Some Ideas Survive and Others Die,"Chip Heath, Dan Heath",en-US,EN-US,3.97,46736,1925
1927,Alive: The Story of the Andes Survivors,Piers Paul Read,eng,ENG,4.08,49300,1926
1928,On Beauty,Zadie Smith,eng,ENG,3.68,44317,1927
1929,Battlefield of the Mind: Winning the Battle in Your Mind,Joyce Meyer,en-US,EN-US,4.33,26898,1928
1930,"Dance Upon the Air (Three Sisters Island, #1)",Nora Roberts,eng,ENG,4.19,50255,1929
1931,"Castle of Wizardry (The Belgariad, #4)",David Eddings,eng,ENG,4.16,54682,1930
1932,"Lover Unleashed (Black Dagger Brotherhood, #9)",J.R. Ward,en-US,EN-US,4.28,66871,1931
1933,أحببتك أكثر مما ينبغي,أثير عبدالله النشمي,ara,ARA,3.67,31779,1932
1934,"Heat Wave (Nikki Heat, #1)",Richard Castle,en-US,EN-US,3.54,49283,1933
1935,Kindle Paperwhite User's Guide,Amazon,eng,ENG,3.72,15002,1934
1936,A Widow for One Year,John Irving,unknown,UNKNOWN,3.74,45051,1935
1937,"Out of the Silent Planet (Space Trilogy, #1)",C.S. Lewis,eng,ENG,3.92,49617,1936
1938,"Charlie and the Great Glass Elevator (Charlie Bucket, #2)","Roald Dahl, Quentin Blake",unknown,UNKNOWN,3.64,62359,1937
1939,If You Give a Pig a Pancake ,"Laura Joffe Numeroff, Felicia Bond",en-US,EN-US,4.23,51385,1938
1940,The Wasp Factory,Iain Banks,en-US,EN-US,3.85,46179,1939
1941,Night Film,Marisha Pessl,eng,ENG,3.78,24865,1940
1942,Stories I Only Tell My Friends,Rob Lowe,en-US,EN-US,3.77,47323,1941
1943,Crazy Rich Asians (Crazy Rich Asians #1),Kevin Kwan,eng,ENG,3.7,46208,1942
1944,"Rebel Angels (Gemma Doyle, #2)",Libba Bray,eng,ENG,3.98,81420,1943
1945,"Bloodfever (Fever, #2)",Karen Marie Moning,eng,ENG,4.3,69032,1944
1946,"Faefever (Fever, #3)",Karen Marie Moning,en-US,EN-US,4.34,68452,1945
1947,My Sister's Grave (Tracy Crosswhite #1),Robert Dugoni,eng,ENG,4.0,31029,1946
1948,"Library of Souls (Miss Peregrine's Peculiar Children, #3)",Ransom Riggs,eng,ENG,4.15,58435,1947
1949,Howards End,E.M. Forster,eng,ENG,3.95,52006,1948
1950,"Hellboy, Vol. 1: Seed of Destruction (Hellboy, #1)","Mike Mignola, John Byrne",eng,ENG,4.11,48485,1949
1951,"The Evolution of Mara Dyer (Mara Dyer, #2)",Michelle Hodkin,eng,ENG,4.33,45919,1950
1952,"The Sword of Summer (Magnus Chase and the Gods of Asgard, #1)",Rick Riordan,eng,ENG,4.26,78157,1951
1953,"The Man in the Iron Mask (The D'Artagnan Romances, #3.3)","Alexandre Dumas, Francine du Plessix Gray, Joachim Neugroschel",eng,ENG,3.97,51856,1952
1954,The Haunting of Hill House,"Shirley Jackson, Laura   Miller",eng,ENG,3.89,55367,1953
1955,The Rum Diary,Hunter S. Thompson,eng,ENG,3.83,39300,1954
1956,"Little Town on the Prairie  (Little House, #7)","Laura Ingalls Wilder, Garth Williams",en-GB,EN-GB,4.18,63615,1955
1957,I Capture the Castle,Dodie Smith,eng,ENG,4.0,56444,1956
1958,"Destined (House of Night, #9)","P.C. Cast, Kristin Cast",eng,ENG,4.04,56737,1957
1959,"Finger Lickin' Fifteen (Stephanie Plum, #15)",Janet Evanovich,en-US,EN-US,3.98,65904,1958
1960,Women,Charles Bukowski,eng,ENG,3.89,41866,1959
1961,"North and South (North and South, #1)",John Jakes,en-US,EN-US,4.19,49016,1960
1962,"Silver Borne (Mercy Thompson, #5)",Patricia Briggs,en-US,EN-US,4.38,71830,1961
1963,"The Bourne Ultimatum (Jason Bourne, #3)",Robert Ludlum,eng,ENG,4.04,47682,1962
1964,"Fool's Errand (Tawny Man, #1)",Robin Hobb,eng,ENG,4.29,50758,1963
1965,"The Young Elites (The Young Elites, #1)",Marie Lu,eng,ENG,3.93,60930,1964
1966,"Jewels of the Sun (Gallaghers of Ardmore, #1)",Nora Roberts,en-US,EN-US,4.22,50630,1965
1967,Meditations,"Marcus Aurelius, Martin Hammond, Diskin Clay",eng,ENG,4.2,43876,1966
1968,"Peter and the Starcatchers (Peter and the Starcatchers, #1)","Dave Barry, Ridley Pearson, Greg Call",eng,ENG,4.01,57575,1967
1969,Collapse: How Societies Choose to Fail or Succeed,Jared Diamond,en-GB,EN-GB,3.92,44238,1968
1970,Possession,A.S. Byatt,eng,ENG,3.88,56064,1969
1971,"Revelations (Blue Bloods, #3)",Melissa de la Cruz,en-US,EN-US,3.89,66170,1970
1972,"Without Remorse (Jack Ryan Universe, #1)",Tom Clancy,en-US,EN-US,4.16,47148,1971
1973,The Interpretation of Dreams,Sigmund Freud,unknown,UNKNOWN,3.81,41081,1972
1974,Ghost Story,Peter Straub,en-US,EN-US,3.95,53017,1973
1975,"The Penultimate Peril (A Series of Unfortunate Events, #12)","Lemony Snicket, Brett Helquist",en-US,EN-US,4.02,67482,1974
1976,I'm a Stranger Here Myself: Notes on Returning to America after Twenty Years Away,Bill Bryson,en-US,EN-US,3.89,44610,1975
1977,"The End (A Series of Unfortunate Events, #13)","Lemony Snicket, Brett Helquist",en-US,EN-US,3.99,67018,1976
1978,The Liars' Club,Mary Karr,eng,ENG,3.92,45153,1977
1979,"Dead Ever After (Sookie Stackhouse, #13)",Charlaine Harris,eng,ENG,3.39,49926,1978
1980,The Illustrated Man,Ray Bradbury,eng,ENG,4.13,49551,1979
1981,"Naked (The Blackstone Affair, #1)",Raine Miller,eng,ENG,4.02,64223,1980
1982,"Annihilation (Southern Reach, #1)",Jeff VanderMeer,eng,ENG,3.62,45353,1981
1983,"Breathe (Sea Breeze, #1)",Abbi Glines,eng,ENG,3.88,69350,1982
1984,The Runaway Bunny,"Margaret Wise Brown, Clement Hurd",en-US,EN-US,4.14,52974,1983
1985,The Grand Design,"Stephen Hawking, Leonard Mlodinow",eng,ENG,4.0,42687,1984
1986,The Innocent Man: Murder and Injustice in a Small Town,John Grisham,eng,ENG,3.79,43793,1985
1987,The Bachman Books,"Richard Bachman, Stephen King",eng,ENG,4.1,52824,1986
1988,Zealot: The Life and Times of Jesus of Nazareth,Reza Aslan,eng,ENG,3.82,41094,1987
1989,"Soul of the Fire (Sword of Truth, #5)",Terry Goodkind,eng,ENG,3.87,48632,1988
1990,The Art of Hearing Heartbeats,"Jan-Philipp Sendker, Kevin Wiliarty",eng,ENG,3.98,41647,1989
1991,"Consider Phlebas (Culture, #1)",Iain M. Banks,eng,ENG,3.85,48649,1990
1992,The Magic of Thinking Big,David J. Schwartz,en-US,EN-US,4.19,40023,1991
1993,"The Vampire Armand (The Vampire Chronicles, #6)",Anne Rice,en-US,EN-US,3.75,54919,1992
1994,"Forever Too Far (Rosemary Beach, #3; Too Far, #3)",Abbi Glines,eng,ENG,4.24,70029,1993
1995,"A Storm of Swords: Steel and Snow (A Song of Ice and Fire, #3: Part 1 of 2)",George R.R. Martin,eng,ENG,4.49,42072,1994
1996,Pinocchio,"Carlo Collodi, John Boyne, Monteiro Lobato, Unknown",eng,ENG,3.86,48961,1995
1997,"Grave Mercy (His Fair Assassin, #1)",Robin LaFevers,eng,ENG,3.92,70476,1996
1998,The Power of a Praying Wife,Stormie Omartian,unknown,UNKNOWN,4.31,22618,1997
1999,Tropic of Cancer,Henry Miller,eng,ENG,3.71,45518,1998
2000,The Hour I First Believed,Wally Lamb,en-US,EN-US,3.8,46475,1999
2001,Harry Potter: Film Wizardry,Brian Sibley,eng,ENG,4.48,45081,2000
2002,The Death of Ivan Ilych,"Leo Tolstoy, Aylmer Maude",eng,ENG,4.04,46357,2001
2003,Circling the Sun,Paula McLain,eng,ENG,3.93,37839,2002
2004,Travels with Charley: In Search of America,John Steinbeck,eng,ENG,4.07,45856,2003
2005,The Dovekeepers,Alice Hoffman,eng,ENG,4.02,48640,2004
2006,"The Republic of Thieves (Gentleman Bastard, #3)",Scott Lynch,eng,ENG,4.23,45320,2005
2007,The Thief Lord,Cornelia Funke,eng,ENG,3.95,60780,2006
2008,"World After (Penryn & the End of Days, #2)",Susan Ee,eng,ENG,4.22,33994,2007
2009,"Brother Odd (Odd Thomas, #3)",Dean Koontz,eng,ENG,3.98,48400,2008
2010,Black Like Me,John Howard Griffin,en-US,EN-US,4.12,47324,2009
2011,Snuff,Chuck Palahniuk,en-US,EN-US,3.18,43496,2010
2012,"Jack & Jill (Alex Cross, #3)",James Patterson,eng,ENG,3.95,51119,2011
2013,Saturday,Ian McEwan,en-US,EN-US,3.61,45567,2012
2014,"When the Bough Breaks (Alex Delaware, #1)",Jonathan Kellerman,eng,ENG,4.02,48860,2013
2015,The Bridges of Madison County,Robert James Waller,eng,ENG,3.51,56428,2014
2016,"Gone Tomorrow (Jack Reacher, #13)",Lee Child,eng,ENG,4.17,51570,2015
2017,"The Sorceress (The Secrets of the Immortal Nicholas Flamel, #3)",Michael Scott,eng,ENG,4.11,58278,2016
2018,"Bring Up the Bodies (Thomas Cromwell, #2)",Hilary Mantel,en-US,EN-US,4.26,42306,2017
2019,"The Maze of Bones  (The 39 Clues, #1)",Rick Riordan,eng,ENG,3.83,59536,2018
2020,How to Cook Everything: Simple Recipes for Great Food,Mark Bittman,en-US,EN-US,4.02,52708,2019
2021,"The Twilight Collection (Twilight, #1-3)",Stephenie Meyer,eng,ENG,3.78,42361,2020
2022,Concerning the Spiritual in Art,Wassily Kandinsky,eng,ENG,3.81,56444,2021
2023,"Forrest Gump (Forrest Gump, #1)",Winston Groom,eng,ENG,4.06,45660,2022
2024,The Fall,"Albert Camus, Justin O'Brien",eng,ENG,4.05,43269,2023
2025,Even Cowgirls Get the Blues,Tom Robbins,eng,ENG,3.74,40840,2024
2026,The Moonstone,"Wilkie Collins, Carolyn G. Heilbrun",eng,ENG,3.9,50322,2025
2027,If on a Winter's Night a Traveler,"Italo Calvino, William Weaver",eng,ENG,4.08,42037,2026
2028,"Son of a Witch (The Wicked Years, #2)","Gregory Maguire, Douglas Smith",eng,ENG,3.45,48982,2027
2029,On Chesil Beach,Ian McEwan,eng,ENG,3.54,43698,2028
2030,"M is for Malice (Kinsey Millhone, #13)",Sue Grafton,en-GB,EN-GB,4.07,52843,2029
2031,"Point of Origin (Kay Scarpetta, #9)",Patricia Cornwell,en-GB,EN-GB,4.02,48683,2030
2032,"Sarah, Plain and Tall (Sarah, Plain and Tall, #1)",Patricia MacLachlan,eng,ENG,3.72,53317,2031
2033,عزازيل,يوسف زيدان,ara,ARA,4.07,37404,2032
2034,"Bloodsucking Fiends (A Love Story, #1)",Christopher Moore,eng,ENG,3.93,48520,2033
2035,Squirrel Seeks Chipmunk: A Modest Bestiary,"David Sedaris, Ian Falconer",eng,ENG,3.34,48061,2034
2036,The Gifts of Imperfection: Let Go of Who You Think You're Supposed to Be and Embrace Who You Are,Brené Brown,eng,ENG,4.17,46635,2035
2037,Commonwealth,Ann Patchett,eng,ENG,3.84,56656,2036
2038,"The Van Alen Legacy (Blue Bloods, #4)",Melissa de la Cruz,en-US,EN-US,3.95,58724,2037
2039,Blueberries for Sal,Robert McCloskey,eng,ENG,4.18,58571,2038
2040,"Losing Hope (Hopeless, #2)",Colleen Hoover,eng,ENG,4.39,71841,2039
2041,Lisey's Story,Stephen King,eng,ENG,3.65,50721,2040
2042,Proof of Heaven: A Neurosurgeon's Journey into the Afterlife,Eben Alexander,en-US,EN-US,3.68,37150,2041
2043,"Men at Arms (Discworld, #15; City Watch #2)",Terry Pratchett,eng,ENG,4.36,54413,2042
2044,The Year of Living Biblically: One Man's Humble Quest to Follow the Bible as Literally as Possible,A.J. Jacobs,en-US,EN-US,3.76,48711,2043
2045,God Emperor of Dune (Dune Chronicles #4),Frank Herbert,eng,ENG,3.81,45608,2044
2046,The One & Only,Emily Giffin,eng,ENG,3.11,36795,2045
2047,"The Valley of Horses (Earth's Children, #2)",Jean M. Auel,en-US,EN-US,3.98,52572,2046
2048,Six Years,Harlan Coben,eng,ENG,3.8,36523,2047
2049,"Ramona the Pest (Ramona, #2)",Beverly Cleary,unknown,UNKNOWN,4.04,52242,2048
2050,"Night World, No. 2 (Night World, #4-6)",L.J. Smith,en-CA,EN-CA,4.2,53023,2049
2051,Geek Love,Katherine Dunn,eng,ENG,3.98,41176,2050
2052,"The Oedipus Cycle: Oedipus Rex/Oedipus at Colonus/Antigone (The Theban Plays, #1–3)","Sophocles, Dudley Fitts, Elena Bono, Robert Fitzgerald",en-US,EN-US,3.96,42175,2051
2053,All the King's Men,Robert Penn Warren,eng,ENG,4.08,42821,2052
2054,"Girls in Pants: The Third Summer of the Sisterhood (Sisterhood, #3)",Ann Brashares,eng,ENG,3.82,56485,2053
2055,The Woods,Harlan Coben,eng,ENG,4.04,46234,2054
2056,"New Spring (Wheel of Time, #0)",Robert Jordan,eng,ENG,4.01,52823,2055
2057,The Litigators,John Grisham,eng,ENG,3.77,38391,2056
2058,My Grandmother Asked Me to Tell You She's Sorry,"Fredrik Backman, Henning Koch",eng,ENG,4.02,49291,2057
2059,"American Assassin (Mitch Rapp, #1)",Vince Flynn,eng,ENG,4.24,44196,2058
2060,"Daring Greatly: How the Courage to Be Vulnerable Transforms the Way We Live, Love, Parent, and Lead",Brené Brown,unknown,UNKNOWN,4.24,49636,2059
2061,Burial Rites,Hannah Kent,eng,ENG,4.01,41209,2060
2062,Fingersmith,Sarah Waters,eng,ENG,4.02,41761,2061
2063,A Year in Provence,Peter Mayle,eng,ENG,3.94,47139,2062
2064,The Miraculous Journey of Edward Tulane,"Kate DiCamillo, Bagram Ibatoulline",eng,ENG,4.34,53245,2063
2065,The Last Letter from Your Lover,Jojo Moyes,eng,ENG,3.94,41138,2064
2066,"Gorky Park (Arkady Renko, #1)",Martin Cruz Smith,eng,ENG,4.04,46847,2065
2067,The House Girl,Tara Conklin,eng,ENG,3.75,41671,2066
2068,Out of the Dust,Karen Hesse,unknown,UNKNOWN,3.73,53706,2067
2069,"Queen of Babble (Queen of Babble, #1)",Meg Cabot,eng,ENG,3.71,54248,2068
2070,"The Third Wheel (Diary of a Wimpy Kid, #7)",Jeff Kinney,en-US,EN-US,4.21,44607,2069
2071,"Code Name Verity (Code Name Verity, #1)",Elizabeth Wein,eng,ENG,4.08,55139,2070
2072,"Burned (Burned, #1)",Ellen Hopkins,en-US,EN-US,4.24,48333,2071
2073,Master of the Game,Sidney Sheldon,eng,ENG,4.09,40111,2072
2074,"The Body Farm (Kay Scarpetta, #5)",Patricia Cornwell,eng,ENG,4.04,51115,2073
2075,"The Boy Next Door (Boy, #1)",Meg Cabot,eng,ENG,3.83,50953,2074
2076,The Epic of Gilgamesh,"Anonymous, N.K. Sandars",eng,ENG,3.63,44345,2075
2077,"The Luxe (Luxe, #1)",Anna Godbersen,en-US,EN-US,3.63,58717,2076
2078,The Complete Tales,Beatrix Potter,unknown,UNKNOWN,4.36,56807,2077
2079,"American Pastoral (The American Trilogy, #1)",Philip Roth,eng,ENG,3.91,38017,2078
2080,Big Magic: Creative Living Beyond Fear,Elizabeth Gilbert,eng,ENG,3.9,67046,2079
2081,"Skin Game (The Dresden Files, #15)",Jim Butcher,eng,ENG,4.55,41512,2080
2082,The Qur'an / القرآن الكريم,Anonymous,ara,ARA,4.34,31765,2081
2083,The Darkest Night (Lords of the Underworld #1),Gena Showalter,eng,ENG,4.09,63240,2082
2084,Anathem,Neal Stephenson,eng,ENG,4.18,44848,2083
2085,The Lacuna,Barbara Kingsolver,eng,ENG,3.76,45671,2084
2086,"Hogfather (Discworld, #20; Death, #4)",Terry Pratchett,eng,ENG,4.22,50364,2085
2087,Open House,Elizabeth Berg,eng,ENG,3.68,48639,2086
2088,The Silver Star,Jeannette Walls,eng,ENG,3.68,43487,2087
2089,The Hotel New Hampshire,John Irving,eng,ENG,3.89,46220,2088
2090,"The Laughing Corpse (Anita Blake, Vampire Hunter, #2)",Laurell K. Hamilton,en-US,EN-US,4.11,62189,2089
2091,"Key of Light (Key Trilogy, #1)",Nora Roberts,eng,ENG,4.16,48805,2090
2092,Identical,Ellen Hopkins,eng,ENG,4.34,47804,2091
2093,The Stand: Soul Survivors,"Roberto Aguirre-Sacasa, Mike Perkins, Laura       Martin, Stephen King",en-GB,EN-GB,4.52,40626,2092
2094,"Smokin' Seventeen (Stephanie Plum, #17)","Janet Evanovich, Lorelei King",eng,ENG,3.94,41932,2093
2095,The Sneetches and Other Stories,Dr. Seuss,en-US,EN-US,4.31,52954,2094
2096,"Polar Bear, Polar Bear, What Do You Hear?","Bill Martin Jr., Eric Carle",eng,ENG,4.16,44414,2095
2097,Demian. Die Geschichte von Emil Sinclairs Jugend,Hermann Hesse,ger,GER,4.1,37459,2096
2098,"God Bless You, Mr. Rosewater",Kurt Vonnegut Jr.,eng,ENG,3.94,40353,2097
2099,"Skip Beat!, Vol. 01","Yoshiki Nakamura, Tomo Kimura",eng,ENG,4.26,46708,2098
2100,Batman: The Dark Knight Returns #1,Frank Miller,eng,ENG,4.21,32228,2099
2101,"The Harry Potter Collection 1-4 (Harry Potter, #1-4)","J.K. Rowling, Mary GrandPré",eng,ENG,4.66,43929,2100
2102,The Windup Girl,Paolo Bacigalupi,eng,ENG,3.74,41728,2101
2103,The Importance of Being Earnest and Other Plays,"Oscar Wilde, Richard Allen Cave",eng,ENG,4.26,41002,2102
2104,"Isla and the Happily Ever After (Anna and the French Kiss, #3)",Stephanie Perkins,eng,ENG,4.1,70995,2103
2105,"Magic Bites (Kate Daniels, #1)",Ilona Andrews,eng,ENG,4.07,69410,2104
2106,"This Man Confessed (This Man, #3)",Jodi Ellen Malpas,eng,ENG,4.43,62297,2105
2107,Suite Française,"Irène Némirovsky, Sandra Smith",unknown,UNKNOWN,3.82,40259,2106
2108,The Letters of Vincent van Gogh,"Vincent van Gogh, Ronald de Leeuw, Mark Roskill, Arnold J. Pomerans",en-GB,EN-GB,3.99,48040,2107
2109,"Sourcery (Discworld, #5; Rincewind #3)",Terry Pratchett,en-US,EN-US,3.87,50746,2108
2110,"Scott Pilgrim, Volume 2: Scott Pilgrim vs. The World",Bryan Lee O'Malley,unknown,UNKNOWN,4.24,47154,2109
2111,Batman: Arkham Asylum - A Serious House on Serious Earth,"Grant Morrison, Dave McKean",eng,ENG,4.09,45345,2110
2112,"P.S. I Still Love You (To All the Boys I've Loved Before, #2)",Jenny Han,eng,ENG,4.17,62907,2111
2113,"Memory Man (Amos Decker, #1)",David Baldacci,eng,ENG,4.05,36871,2112
2114,Mudbound,Hillary Jordan,eng,ENG,3.99,43455,2113
2115,Black Hawk Down,Mark Bowden,en-US,EN-US,4.28,40442,2114
2116,"A Darker Shade of Magic (Shades of Magic, #1)","V.E. Schwab, Victoria Schwab",eng,ENG,4.07,61419,2115
2117,The Lost City of Z: A Tale of Deadly Obsession in the Amazon,David Grann,eng,ENG,3.86,45937,2116
2118,"Firefight (The Reckoners, #2)",Brandon Sanderson,eng,ENG,4.29,41924,2117
2119,"The Magicians' Guild (Black Magician Trilogy, #1)",Trudi Canavan,eng,ENG,3.96,48537,2118
2120,"The Necromancer  (The Secrets of the Immortal Nicholas Flamel, #4)",Michael Scott,eng,ENG,4.12,46878,2119
2121,"61 Hours (Jack Reacher, #14)",Lee Child,en-US,EN-US,4.08,43605,2120
2122,Cut,Patricia McCormick,en-US,EN-US,3.76,48239,2121
2123,George's Marvellous Medicine,"Roald Dahl, Quentin Blake",eng,ENG,4.02,49863,2122
2124,A Thousand Acres,Jane Smiley,eng,ENG,3.79,47389,2123
2125,"The Book of Three (The Chronicles of Prydain, #1)",Lloyd Alexander,en-US,EN-US,4.0,56593,2124
2126,"Cry Wolf (Alpha & Omega, #1)",Patricia Briggs,en-US,EN-US,4.11,66901,2125
2127,Olivia,Ian Falconer,en-US,EN-US,4.13,51185,2126
2128,"Plainsong (Plainsong, #1)",Kent Haruf,en-US,EN-US,4.0,45331,2127
2129,Ghost World,Daniel Clowes,eng,ENG,3.87,49105,2128
2130,"Torn (Trylle, #2)",Amanda Hocking,en-US,EN-US,4.04,29554,2129
2131,Fathers and Sons,"Ivan Turgenev, George Reavy, Jane Costlow",eng,ENG,3.94,41870,2130
2132,The Goal: A Process of Ongoing Improvement,"Eliyahu M. Goldratt, Jeff Cox",en-US,EN-US,4.0,34837,2131
2133,Caleb's Crossing,Geraldine Brooks,eng,ENG,3.81,47525,2132
2134,"Evernight (Evernight, #1)",Claudia Gray,en-US,EN-US,3.64,63486,2133
2135,"Bad Luck and Trouble (Jack Reacher, #11)",Lee Child,en-US,EN-US,4.17,42539,2134
2136,The Jane Austen Book Club,Karen Joy Fowler,en-US,EN-US,3.07,53128,2135
2137,The Children Act,Ian McEwan,eng,ENG,3.68,33100,2136
2138,"Sizzling Sixteen (Stephanie Plum, #16)",Janet Evanovich,eng,ENG,3.93,55685,2137
2139,Elon Musk: Inventing the Future,Ashlee Vance,eng,ENG,4.25,55606,2138
2140,"Caliban's War (The Expanse, #2)",James S.A. Corey,eng,ENG,4.28,39138,2139
2141,"Barely Breathing (Breathing, #2)",Rebecca Donovan,eng,ENG,4.33,53483,2140
2142,The Iliad/The Odyssey,"Homer, Robert Fagles, Bernard Knox",eng,ENG,4.03,47825,2141
2143,Kingdom Come,"Mark Waid, Alex Ross, Elliot S. Maggin",eng,ENG,4.24,43036,2142
2144,Papillon,Henri Charrière,unknown,UNKNOWN,4.23,39073,2143
2145,Tipping the Velvet,Sarah Waters,eng,ENG,4.0,36560,2144
2146,"The Wishing Spell (The Land of Stories, #1)","Chris Colfer, Brandon Dorman",eng,ENG,4.21,51752,2145
2147,The 19th Wife,David Ebershoff,en-US,EN-US,3.63,44921,2146
2148,Monster,Walter Dean Myers,eng,ENG,3.7,47533,2147
2149,"A Song of Ice and Fire (A Song of Ice and Fire, #1-4)",George R.R. Martin,en-US,EN-US,4.63,28654,2148
2150,"Body of Evidence (Kay Scarpetta, #2)",Patricia Cornwell,en-US,EN-US,4.0,50113,2149
2151,Saga #1,"Brian K. Vaughan, Fiona Staples",eng,ENG,4.15,38729,2150
2152,"Perfect (Pretty Little Liars, #3)",Sara Shepard,eng,ENG,4.02,50922,2151
2153,"The Secret of Ella and Micha (The Secret, #1)",Jessica Sorensen,eng,ENG,4.01,59890,2152
2154,"Hounded (The Iron Druid Chronicles, #1)",Kevin Hearne,eng,ENG,4.12,51086,2153
2155,From a Buick 8,Stephen King,en-US,EN-US,3.42,47320,2154
2156,"Red Mars (Mars Trilogy, #1)",Kim Stanley Robinson,en-US,EN-US,3.84,46121,2155
2157,The Yellow Wall-Paper,"Charlotte Perkins Gilman, Elaine Hedges",eng,ENG,4.11,44677,2156
2158,The Time Machine/The Invisible Man,"H.G. Wells, Alfred MacAdam",unknown,UNKNOWN,4.08,47600,2157
2159,"Sea Swept (Chesapeake Bay Saga, #1)",Nora Roberts,en-US,EN-US,4.24,48078,2158
2160,"The Blinding Knife (Lightbringer, #2)",Brent Weeks,eng,ENG,4.45,42445,2159
2161,Since You've Been Gone,Morgan Matson,eng,ENG,4.19,59705,2160
2162,An Object of Beauty,Steve Martin,en-US,EN-US,3.58,42488,2161
2163,What to Expect When You're Expecting,"Heidi Murkoff, Arlene Eisenberg, Sandee Hathaway",unknown,UNKNOWN,3.75,34120,2162
2164,"The Icebound Land (Ranger's Apprentice, #3)",John Flanagan,eng,ENG,4.22,48446,2163
2165,"Anybody Out There? (Walsh Family, #4)",Marian Keyes,unknown,UNKNOWN,3.91,45243,2164
2166,"Zero to One: Notes on Startups, or How to Build the Future","Peter Thiel, Blake  Masters",eng,ENG,4.17,47807,2165
2167,"Empire of Storms (Throne of Glass, #5)",Sarah J. Maas,eng,ENG,4.58,63322,2166
2168,"A Christmas Carol, The Chimes and The Cricket on the Hearth","Charles Dickens, Katharine Kroeber Wiley",unknown,UNKNOWN,4.11,48557,2167
2169,The Grownup,Gillian Flynn,eng,ENG,3.54,42536,2168
2170,Smoke and Mirrors: Short Fiction and Illusions,Neil Gaiman,eng,ENG,4.05,46486,2169
2171,"The Oath of the Vayuputras (Shiva Trilogy, #3)",Amish Tripathi,eng,ENG,3.66,35936,2170
2172,Welcome to the Monkey House,Kurt Vonnegut Jr.,eng,ENG,4.13,40071,2171
2173,Dad Is Fat,Jim Gaffigan,unknown,UNKNOWN,3.76,40489,2172
2174,Truman,David McCullough,en-US,EN-US,4.15,53088,2173
2175,Alexander Hamilton,Ron Chernow,eng,ENG,4.26,46198,2174
2176,The Cat in the Hat and Other Dr. Seuss Favorites,"Dr. Seuss, Various",unknown,UNKNOWN,4.41,46279,2175
2177,Dead Souls,"Nikolai Gogol, Robert A. Maguire",eng,ENG,3.98,40699,2176
2178,"The Deal (Off-Campus, #1)",Elle Kennedy,eng,ENG,4.3,75699,2177
2179,"The Crown (The Selection, #5)",Kiera Cass,eng,ENG,3.8,64158,2178
2180,"Zero Day (John Puller, #1)",David Baldacci,en-US,EN-US,3.99,38649,2179
2181,Tikki Tikki Tembo,"Arlene Mosel, Blair Lent",en-CA,EN-CA,4.21,52536,2180
2182,"Night World, No. 1 (Night World, #1-3)",L.J. Smith,en-US,EN-US,4.04,54940,2181
2183,"Love Unscripted (Love, #1)",Tina Reber,en-US,EN-US,4.04,59261,2182
2184,"Pop Goes the Weasel (Alex Cross, #5)",James Patterson,eng,ENG,3.98,46820,2183
2185,"Bully (Fall Away, #1)",Penelope Douglas,unknown,UNKNOWN,4.15,34789,2184
2186,The Six Wives of Henry VIII,Alison Weir,en-US,EN-US,4.1,47913,2185
2187,We,"Yevgeny Zamyatin, Clarence Brown",eng,ENG,3.95,40020,2186
2188,Pigs in Heaven,Barbara Kingsolver,eng,ENG,3.97,43374,2187
2189,"The Ghost Brigades (Old Man's War, #2)",John Scalzi,en-GB,EN-GB,4.09,40107,2188
2190,"Cry, the Beloved Country",Alan Paton,eng,ENG,3.87,47389,2189
2191,Faeries,"Brian Froud, Alan Lee",unknown,UNKNOWN,3.89,38050,2190
2192,Confessions of an Ugly Stepsister,Gregory Maguire,en-US,EN-US,3.51,50526,2191
2193,How to Be Good,Nick Hornby,unknown,UNKNOWN,3.18,37497,2192
2194,"Lady Midnight (The Dark Artifices, #1)",Cassandra Clare,eng,ENG,4.47,84711,2193
2195,"Inkdeath (Inkworld, #3)",Cornelia Funke,eng,ENG,3.93,53591,2194
2196,Foundation's Edge (Foundation #4),Isaac Asimov,eng,ENG,4.08,47641,2195
2197,Jude the Obscure,Thomas Hardy,en-US,EN-US,3.8,44873,2196
2198,"Queen of Sorcery (The Belgariad, #2)",David Eddings,en-US,EN-US,4.13,49355,2197
2199,The Lottery and Other Stories,Shirley Jackson,en-US,EN-US,4.06,48608,2198
2200,"Into the Gauntlet (The 39 Clues, #10)",Margaret Peterson Haddix,eng,ENG,3.99,48461,2199
2201,"Wings (Wings, #1)",Aprilynne Pike,en-US,EN-US,3.75,62566,2200
2202,"Gossip Girl (Gossip Girl, #1)",Cecily von Ziegesar,eng,ENG,3.51,49670,2201
2203,The Odessa File,Frederick Forsyth,en-US,EN-US,4.1,42529,2202
2204,The Burgess Boys,Elizabeth Strout,eng,ENG,3.54,39445,2203
2205,Sapiens: A Brief History of Humankind,Yuval Noah Harari,eng,ENG,4.41,52846,2204
2206,Lies That Chelsea Handler Told Me,"Chelsea Handler, Johnny Kansas, Stephanie Stehling, Heather McDonald, Roy Handler, Brad Wollack, Amber Mazzola, Josh Wolf, Shoshanna Handler, Eva Magdalenski, Amy Meyer, Glen Handler, Dave Mallow, Sarah Colonna",eng,ENG,3.74,37936,2205
2207,"Broken Harbour (Dublin Murder Squad, #4)",Tana French,eng,ENG,3.92,36704,2206
2208,"Down to You (The Bad Boys, #1)",M. Leighton,eng,ENG,4.05,59221,2207
2209,The Complete Works,William Shakespeare,eng,ENG,4.49,39503,2208
2210,The Dispossessed,Ursula K. Le Guin,eng,ENG,4.18,46660,2209
2211,"Faceless Killers (Kurt Wallander, #1)","Henning Mankell, Steven T. Murray",eng,ENG,3.78,43861,2210
2212,The Confession,John Grisham,eng,ENG,3.81,41389,2211
2213,Lightning,Dean Koontz,eng,ENG,4.06,44424,2212
2214,"Cat and Mouse (Alex Cross, #4)","James Patterson, Keith David, Anthony Heald",en-GB,EN-GB,3.96,45217,2213
2215,"Superfudge (Fudge, #3)",Judy Blume,eng,ENG,3.98,50917,2214
2216,The Couple Next Door,Shari Lapena,eng,ENG,3.74,63237,2215
2217,"Hallowed (Unearthly, #2)",Cynthia Hand,eng,ENG,4.15,58860,2216
2218,Ancillary Justice (Imperial Radch #1),Ann Leckie,eng,ENG,3.97,38747,2217
2219,"The Pillars of Creation (Sword of Truth, #7)",Terry Goodkind,en-GB,EN-GB,3.67,43424,2218
2220,Built to Last: Successful Habits of Visionary Companies,"James C. Collins, Jerry I. Porras",eng,ENG,3.98,39618,2219
2221,The Life We Bury,Allen Eskens,unknown,UNKNOWN,3.93,35689,2220
2222,Fireproof,Eric Wilson,en-US,EN-US,4.47,37258,2221
2223,"The Eagle Has Landed (Liam Devlin, #1)",Jack Higgins,unknown,UNKNOWN,4.15,41677,2222
2224,"The Lunatic Cafe (Anita Blake, Vampire Hunter #4)",Laurell K. Hamilton,eng,ENG,4.12,58023,2223
2225,"John Dies at the End (John Dies at the End, #1)",David Wong,eng,ENG,3.92,35387,2224
2226,The Demon-Haunted World: Science as a Candle in the Dark,"Carl Sagan, Ann Druyan",eng,ENG,4.27,40583,2225
2227,Stolen: A Letter to My Captor,Lucy Christopher,eng,ENG,3.93,52435,2226
2228,Solaris,Stanisław Lem,eng,ENG,3.97,41249,2227
2229,Prozac Nation,Elizabeth Wurtzel,en-US,EN-US,3.57,44408,2228
2230,The Black Cauldron (The Chronicles of Prydain #2),Lloyd Alexander,eng,ENG,4.13,49138,2229
2231,This Is Your Brain on Music: The Science of a Human Obsession,Daniel J. Levitin,unknown,UNKNOWN,3.86,37465,2230
2232,The First Phone Call from Heaven,Mitch Albom,eng,ENG,3.73,38957,2231
2233,Possible Side Effects,Augusten Burroughs,en-US,EN-US,3.97,38243,2232
2234,Still Life with Bread Crumbs,Anna Quindlen,eng,ENG,3.63,35682,2233
2235,"The A.B.C. Murders (Hercule Poirot, #13)",Agatha Christie,eng,ENG,3.97,49513,2234
2236,Holy Bible: New International Version,Anonymous,eng,ENG,4.61,40430,2235
2237,"Lover Reborn (Black Dagger Brotherhood, #10)",J.R. Ward,eng,ENG,4.35,57866,2236
2238,"The Duke and I (Bridgertons, #1)",Julia Quinn,en-US,EN-US,4.11,57839,2237
2239,"Dragons of Spring Dawning (Dragonlance: Chronicles, #3)","Margaret Weis, Tracy Hickman",eng,ENG,4.12,39928,2238
2240,A Raisin in the Sun,Lorraine Hansberry,unknown,UNKNOWN,3.72,44237,2239
2241,"Altered Carbon (Takeshi Kovacs, #1)",Richard K. Morgan,eng,ENG,4.1,41505,2240
2242,"The Sum of All Fears (Jack Ryan Universe, #7)",Tom Clancy,unknown,UNKNOWN,3.99,43888,2241
2243,The Good Neighbor,A.J. Banner,eng,ENG,3.33,37604,2242
2244,"Saga, Vol. 2 (Saga, #2)","Brian K. Vaughan, Fiona Staples",eng,ENG,4.57,56122,2243
2245,"The Enemy (Jack Reacher, #8)",Lee Child,en-US,EN-US,4.15,42205,2244
2246,Flash Boys: A Wall Street Revolt,Michael   Lewis,eng,ENG,4.12,18379,2245
2247,The Diving Bell and the Butterfly,"Jean-Dominique Bauby, Jeremy Leggatt",en-US,EN-US,4.01,41037,2246
2248,Killing Kennedy: The End of Camelot,"Bill O'Reilly, Martin Dugard",eng,ENG,4.05,35799,2247
2249,Rogue Lawyer,John Grisham,unknown,UNKNOWN,3.7,29156,2248
2250,The Life and Times of the Thunderbolt Kid,Bill Bryson,unknown,UNKNOWN,3.93,42680,2249
2251,Still Missing,Chevy Stevens,en-US,EN-US,3.96,44223,2250
2252,"'Tis (Frank McCourt, #2)",Frank McCourt,eng,ENG,3.66,40726,2251
2253,1491: New Revelations of the Americas Before Columbus,Charles C. Mann,eng,ENG,4.01,41815,2252
2254,"Fairest (The Lunar Chronicles, #3.5)",Marissa Meyer,eng,ENG,4.02,59545,2253
2255,An Unquiet Mind: A Memoir of Moods and Madness,Kay Redfield Jamison,eng,ENG,4.03,41102,2254
2256,Jesus Calling: Enjoying Peace in His Presence,Sarah  Young,unknown,UNKNOWN,4.54,35219,2255
2257,Who's Afraid of Virginia Woolf?,Edward Albee,eng,ENG,4.09,45045,2256
2258,"The Last Wish (The Witcher, #1)",Andrzej Sapkowski,eng,ENG,4.2,36262,2257
2259,Foucault's Pendulum,"Umberto Eco, William Weaver",en-US,EN-US,3.89,40829,2258
2260,A Pocket for Corduroy,Don Freeman,en-US,EN-US,4.29,47277,2259
2261,"The 5th Horseman (Women's Murder Club, #5)","James Patterson, Maxine Paetro",unknown,UNKNOWN,4.03,45097,2260
2262,"Kushiel's Dart (Phèdre's Trilogy, #1)",Jacqueline Carey,eng,ENG,4.04,52071,2261
2263,"Bonhoeffer: Pastor, Martyr, Prophet, Spy",Eric Metaxas,eng,ENG,4.23,35611,2262
2264,"Explosive Eighteen (Stephanie Plum, #18)",Janet Evanovich,eng,ENG,3.92,52993,2263
2265,"Lies (Gone, #3)",Michael  Grant,en-US,EN-US,4.09,48506,2264
2266,The Pursuit of God,A.W. Tozer,unknown,UNKNOWN,4.38,35078,2265
2267,"The Iron Knight (The Iron Fey, #4)",Julie Kagawa,eng,ENG,4.23,64066,2266
2268,"Maisie Dobbs (Maisie Dobbs, #1)",Jacqueline Winspear,en-US,EN-US,3.91,49820,2267
2269,"Magician (The Riftwar Saga, #1-2)",Raymond E. Feist,eng,ENG,4.32,43964,2268
2270,"Forever in Blue: The Fourth Summer of the Sisterhood (Sisterhood, #4)",Ann Brashares,eng,ENG,3.8,56113,2269
2271,"Feet of Clay (Discworld, #19; City Watch, #3)",Terry Pratchett,unknown,UNKNOWN,4.26,46370,2270
2272,"The Millennium Trilogy (Millennium Trilogy, #1-3)","Stieg Larsson, Reg Keeland",eng,ENG,4.46,29944,2271
2273,The Butterfly Garden (The Collector #1),Dot Hutchison,eng,ENG,4.07,53568,2272
2274,Skinny Legs and All,Tom Robbins,unknown,UNKNOWN,4.03,32991,2273
2275,"Destined for an Early Grave (Night Huntress, #4)",Jeaniene Frost,en-US,EN-US,4.34,63734,2274
2276,"In Flight (Up in the Air, #1)",R.K. Lilley,eng,ENG,4.1,64984,2275
2277,"Cross (Alex Cross, #12)",James Patterson,eng,ENG,3.99,42476,2276
2278,"All-American Girl (All-American Girl, #1)",Meg Cabot,eng,ENG,3.73,55938,2277
2279,Neither Here nor There: Travels in Europe,Bill Bryson,en-US,EN-US,3.88,42170,2278
2280,Boy Meets Boy,David Levithan,eng,ENG,3.85,48960,2279
2281,We Are Water,Wally Lamb,eng,ENG,3.79,35457,2280
2282,"Max (Maximum Ride, #5)",James Patterson,en-US,EN-US,4.07,57039,2281
2283,"Halo (Halo, #1)",Alexandra Adornetto,en-US,EN-US,3.67,56216,2282
2284,The Inheritance of Loss,Kiran Desai,eng,ENG,3.41,37967,2283
2285,"A Darkness At Sethanon (The Riftwar Saga, #4)",Raymond E. Feist,en-GB,EN-GB,4.17,45104,2284
2286,The Sorrows of Young Werther,"Johann Wolfgang von Goethe, Burton Pike",eng,ENG,3.63,37293,2285
2287,"At Grave's End (Night Huntress, #3)",Jeaniene Frost,en-US,EN-US,4.31,65397,2286
2288,Don't Let's Go to the Dogs Tonight,Alexandra Fuller,eng,ENG,3.96,39298,2287
2289,Beauty: A Retelling of the Story of Beauty and the Beast,Robin McKinley,eng,ENG,4.05,54512,2288
2290,Eating Animals,Jonathan Safran Foer,eng,ENG,4.18,43238,2289
2291,"Flyte (Septimus Heap, #2)","Angie Sage, Mark Zug",en-US,EN-US,3.99,54400,2290
2292,ساق البامبو,"سعود السنعوسي, Saud Alsanousi",ara,ARA,4.25,38969,2291
2293,"The Girl of Fire and Thorns (Fire and Thorns, #1)",Rae Carson,en-US,EN-US,3.81,57551,2292
2294,"Enclave (Razorland, #1)",Ann Aguirre,eng,ENG,3.92,55155,2293
2295,Longitude: The True Story of a Lone Genius Who Solved the Greatest Scientific Problem of His Time,"Dava Sobel, Neil Armstrong",eng,ENG,3.95,38151,2294
2296,"Unnatural Exposure (Kay Scarpetta, #8)",Patricia Cornwell,en-GB,EN-GB,4.05,43531,2295
2297,Faust: First Part,"Johann Wolfgang von Goethe, Peter Salm",eng,ENG,3.93,43276,2296
2298,Lies My Teacher Told Me,James W. Loewen,eng,ENG,3.96,37903,2297
2299,"Fool's Fate (Tawny Man, #3)",Robin Hobb,unknown,UNKNOWN,4.38,43985,2298
2300,"Locke & Key, Vol. 1: Welcome to Lovecraft","Joe Hill, Gabriel Rodríguez",en-US,EN-US,4.18,46590,2299
2301,"The Ask and the Answer (Chaos Walking, #2)",Patrick Ness,eng,ENG,4.2,45578,2300
2302,Scarlett,Alexandra Ripley,eng,ENG,3.44,38992,2301
2303,"Bloody Bones (Anita Blake, Vampire Hunter #5)",Laurell K. Hamilton,eng,ENG,4.1,56782,2302
2304,This Side of Paradise,F. Scott Fitzgerald,eng,ENG,3.68,40074,2303
2305,Escape from Camp 14: One Man's Remarkable Odyssey from North Korea to Freedom in the West,Blaine Harden,eng,ENG,3.99,37392,2304
2306,"Every Which Way But Dead (The Hollows, #3)",Kim Harrison,en-US,EN-US,4.29,56023,2305
2307,"Eligible: A Modern Retelling of Pride and Prejudice (The Austen Project, #4)",Curtis Sittenfeld,eng,ENG,3.63,37189,2306
2308,Seven Days in the Art World,Sarah Thornton,unknown,UNKNOWN,3.54,26047,2307
2309,The Children of Húrin,"J.R.R. Tolkien, Christopher Tolkien, Alan Lee",eng,ENG,3.94,39551,2308
2310,The Total Money Makeover: A Proven Plan for Financial Fitness,Dave Ramsey,unknown,UNKNOWN,4.29,37689,2309
2311,Mr. Popper's Penguins,"Richard Atwater, Florence Atwater, Robert Lawson",eng,ENG,3.95,48964,2310
2312,"Shadow Puppets (Ender's Shadow, #3)",Orson Scott Card,unknown,UNKNOWN,3.88,43517,2311
2313,"The Magician's Land (The Magicians, #3)",Lev Grossman,eng,ENG,4.16,40799,2312
2314,Light in August,William Faulkner,en-US,EN-US,3.93,42101,2313
2315,The Trumpet of the Swan,"E.B. White, Fred Marcellino",eng,ENG,4.06,53191,2314
2316,Tenth of December,George Saunders,eng,ENG,3.96,39183,2315
2317,"Night Pleasures (Dark-Hunter, #1)",Sherrilyn Kenyon,en-US,EN-US,4.23,25985,2316
2318,The Millionaire Next Door: The Surprising Secrets of Americas Wealthy,"Thomas J. Stanley, William D. Danko",eng,ENG,4.0,43937,2317
2319,"Don't Judge a Girl by Her Cover (Gallagher Girls, #3)",Ally Carter,en-US,EN-US,4.2,55517,2318
2320,"Chronicles, Vol. 1",Bob Dylan,eng,ENG,3.98,35468,2319
2321,The Lost Continent: Travels in Small Town America,Bill Bryson,en-US,EN-US,3.83,40254,2320
2322,Dreams of Joy (Shanghai Girls #2),Lisa See,en-CA,EN-CA,4.06,43863,2321
2323,Tell Me Your Dreams,Sidney Sheldon,eng,ENG,3.93,34445,2322
2324,"By the Shores of Silver Lake  (Little House, #5)","Laura Ingalls Wilder, Garth Williams",unknown,UNKNOWN,4.16,51640,2323
2325,"The Player of Games (Culture, #2)",Iain M. Banks,eng,ENG,4.26,36505,2324
2326,The Cricket in Times Square,"George Selden, Garth Williams",eng,ENG,4.01,49987,2325
2327,The Five Dysfunctions of a Team: A Leadership Fable,Patrick Lencioni,eng,ENG,4.01,40239,2326
2328,Junky,"William S. Burroughs, Oliver  Harris, Allen Ginsberg",eng,ENG,3.85,39031,2327
2329,Getting to Yes: Negotiating an Agreement Without Giving In,"Roger Fisher, William Ury, Bruce Patton",en-US,EN-US,3.88,37205,2328
2330,"Mile High (Up in the Air, #2)",R.K. Lilley,en-GB,EN-GB,4.21,60279,2329
2331,November 9,Colleen Hoover,en-US,EN-US,4.41,53321,2330
2332,"Everything We Keep (Everything We Keep, #1)",Kerry Lonsdale,eng,ENG,3.84,69018,2331
2333,"The Mighty Storm (The Storm, #1)",Samantha Towle,eng,ENG,4.19,61203,2332
2334,The Song of Achilles,Madeline Miller,eng,ENG,4.27,45373,2333
2335,The Girl with the Lower Back Tattoo,Amy Schumer,eng,ENG,3.76,47809,2334
2336,The Bhagavad Gita,"Krishna-Dwaipayana Vyasa, Simon Brodbeck, Juan Mascaró",eng,ENG,4.1,33225,2335
2337,The New York Trilogy,"Paul Auster, Art Spiegelman",eng,ENG,3.92,34730,2336
2338,Esperanza Rising,Pam Muñoz Ryan,eng,ENG,3.91,49106,2337
2339,"Raise High the Roof Beam, Carpenters & Seymour: An Introduction",J.D. Salinger,eng,ENG,4.11,36751,2338
2340,Sex and the City,Candace Bushnell,unknown,UNKNOWN,3.37,39710,2339
2341,"The Killing Dance (Anita Blake, Vampire Hunter, #6)",Laurell K. Hamilton,en-US,EN-US,4.12,54997,2340
2342,Beyond Good and Evil,"Friedrich Nietzsche, R.J. Hollingdale, Michael Tanner",eng,ENG,4.01,37181,2341
2343,The Watsons Go to Birmingham - 1963,Christopher Paul Curtis,eng,ENG,3.95,44830,2342
2344,Factotum,Charles Bukowski,unknown,UNKNOWN,3.96,37376,2343
2345,"The Immortal Rules (Blood of Eden, #1)",Julie Kagawa,eng,ENG,4.1,52376,2344
2346,Columbine,Dave Cullen,eng,ENG,4.26,45029,2345
2347,"Lasher (Lives of the Mayfair Witches, #2)",Anne Rice,eng,ENG,3.84,45760,2346
2348,Yellow Crocus,Laila Ibrahim,en-US,EN-US,4.24,20554,2347
2349,No Easy Day: The Firsthand Account of the Mission That Killed Osama Bin Laden,"Mark Owen, Kevin Maurer",en-US,EN-US,3.95,32267,2348
2350,The Chaperone,Laura Moriarty,en-US,EN-US,3.84,42112,2349
2351,"All That Remains (Kay Scarpetta, #3)",Patricia Cornwell,en-US,EN-US,4.05,46604,2350
2352,The Regulators,"Richard Bachman, Stephen King",eng,ENG,3.63,49405,2351
2353,Season of Mists (The Sandman #4),"Neil Gaiman, Matt Wagner, George Pratt, Dick Giordano, Kelley Jones, P. Craig Russell, Mike Dringenberg, Malcolm Jones III, Todd Klein, Harlan Ellison",eng,ENG,4.54,44811,2352
2354,Judge & Jury,"James Patterson, Andrew Gross",eng,ENG,3.98,38516,2353
2355,Silas Marner,George Eliot,unknown,UNKNOWN,3.6,48196,2354
2356,"Origin (Lux, #4)",Jennifer L. Armentrout,eng,ENG,4.44,63533,2355
2357,The Botany of Desire: A Plant's-Eye View of the World,Michael Pollan,en-CA,EN-CA,4.05,37200,2356
2358,"Beautiful Redemption (Caster Chronicles, #4)","Kami Garcia, Margaret Stohl",eng,ENG,3.94,48268,2357
2359,The Distant Hours,Kate Morton,eng,ENG,3.87,46498,2358
2360,I Let You Go,Clare Mackintosh,en-GB,EN-GB,4.09,39990,2359
2361,"Kidnapped (David Balfour, #1)",Robert Louis Stevenson,unknown,UNKNOWN,3.78,44150,2360
2362,"Friday Night Lights: A Town, a Team, and a Dream",H.G. Bissinger,unknown,UNKNOWN,4.11,35799,2361
2363,Beautiful Boy: A Father's Journey Through His Son's Addiction,David Sheff,en-US,EN-US,4.03,36682,2362
2364,"The Vincent Boys (The Vincent Boys, #1)",Abbi Glines,eng,ENG,3.98,62029,2363
2365,The Cask of Amontillado,Edgar Allan Poe,eng,ENG,4.09,48364,2364
2366,Metamorphoses,"Ovid, David Raeburn, Denis Feeney",eng,ENG,4.03,42590,2365
2367,In the Time of the Butterflies,Julia Alvarez,eng,ENG,4.13,39917,2366
2368,Gap Creek,Robert Morgan,en-US,EN-US,3.71,42122,2367
2369,"Half-Blood (Covenant, #1)",Jennifer L. Armentrout,eng,ENG,4.16,60629,2368
2370,The Legend of Sleepy Hollow (Graphic Novel),"Bo Hampton, Tracey Hampton, Washington Irving",eng,ENG,3.96,43183,2369
2371,"Bitter Is the New Black: Confessions of a Condescending, Egomaniacal, Self-Centered Smartass, Or, Why You Should Never Carry A Prada Bag to the Unemployment Office",Jen Lancaster,eng,ENG,3.9,41884,2370
2372,The Witness,Nora Roberts,unknown,UNKNOWN,4.19,40943,2371
2373,"Blindsighted (Grant County, #1)",Karin Slaughter,eng,ENG,4.1,41857,2372
2374,Angle of Repose,Wallace Stegner,eng,ENG,4.27,40289,2373
2375,"Tinker, Tailor, Soldier, Spy",John le Carré,unknown,UNKNOWN,4.04,40871,2374
2376,"Lord Brocktree (Redwall, #13)",Brian Jacques,en-US,EN-US,3.95,42764,2375
2377,"Through the Ever Night (Under the Never Sky, #2)",Veronica Rossi,en-CA,EN-CA,4.17,54902,2376
2378,Barefoot,Elin Hilderbrand,en-US,EN-US,3.77,39531,2377
2379,My Friend Leonard,James Frey,unknown,UNKNOWN,3.83,34996,2378
2380,Cat on a Hot Tin Roof,Tennessee Williams,eng,ENG,4.07,43781,2379
2381,"The Final Warning (Maximum Ride, #4)",James Patterson,en-US,EN-US,3.86,55993,2380
2382,"Golden Fool (Tawny Man, #2)",Robin Hobb,eng,ENG,4.32,43700,2381
2383,"Split Second (Sean King & Michelle Maxwell, #1)",David Baldacci,en-US,EN-US,3.98,38387,2382
2384,"The Fifth Witness (Mickey Haller, #5; Harry Bosch Universe, #20)",Michael Connelly,eng,ENG,4.17,37594,2383
2385,"The Dragonbone Chair (Memory, Sorrow, and Thorn, #1)",Tad Williams,en-US,EN-US,3.95,45102,2384
2386,"Persepolis, Volume 1",Marjane Satrapi,fre,FRE,4.27,46993,2385
2387,"At Home in Mitford (Mitford Years, #1)",Jan Karon,eng,ENG,4.11,44509,2386
2388,"Delivering Happiness: A Path to Profits, Passion, and Purpose",Tony Hsieh,unknown,UNKNOWN,4.01,37601,2387
2389,"Scorpia (Alex Rider, #5)",Anthony Horowitz,eng,ENG,4.16,44197,2388
2390,"The Queen of the Tearling (The Queen of the Tearling, #1)",Erika Johansen,eng,ENG,4.02,42472,2389
2391,"One False Note (The 39 Clues, #2)",Gordon Korman,eng,ENG,3.88,41970,2390
2392,"Tithe (Modern Faerie Tales, #1)",Holly Black,eng,ENG,3.73,57326,2391
2393,"Echo Burning (Jack Reacher, #5)",Lee Child,en-US,EN-US,3.98,38524,2392
2394,"The Fury / Dark Reunion (The Vampire Diaries, #3-4)",L.J. Smith,en-US,EN-US,3.74,51745,2393
2395,"Never Never (Never Never, #1)","Colleen Hoover, Tarryn Fisher",en-US,EN-US,4.12,54590,2394
2396,Into the Darkest Corner,Elizabeth Haynes,eng,ENG,4.1,20725,2395
2397,The Further Adventures of Sherlock Holmes: After Sir Arthur Conan Doyle (Classic Crime),"Richard Lancelyn Green, Ronald Knox, Julian Symons, Various",unknown,UNKNOWN,4.4,36863,2396
2398,"Roses are Red (Alex Cross, #6)",James Patterson,en-US,EN-US,4.02,44383,2397
2399,"Naked Empire (Sword of Truth, #8)",Terry Goodkind,en-GB,EN-GB,3.82,39682,2398
2400,"Map of Bones (Sigma Force, #2)",James Rollins,eng,ENG,4.06,42828,2399
2401,The Stranger,Harlan Coben,eng,ENG,3.85,32333,2400
2402,"Unbelievable (Pretty Little Liars, #4)",Sara Shepard,en-US,EN-US,4.06,46722,2401
2403,A Passage to India,"E.M. Forster, Oliver Stallybrass, Pankaj Mishra",eng,ENG,3.66,46675,2402
2404,"Seraphina (Seraphina, #1)",Rachel Hartman,eng,ENG,3.98,33510,2403
2405,"Morrigan's Cross (Circle Trilogy, #1)",Nora Roberts,eng,ENG,4.14,43455,2404
2406,"The Mammoth Hunters (Earth's Children, #3)",Jean M. Auel,en-US,EN-US,3.88,44834,2405
2407,"Princeps' Fury (Codex Alera, #5)",Jim Butcher,en-US,EN-US,4.35,42827,2406
2408,"Love Story (Love Story, #1)",Erich Segal,unknown,UNKNOWN,3.6,41177,2407
2409,Chrysanthemum,Kevin Henkes,en-US,EN-US,4.31,43520,2408
2410,"Sweet Evil (Sweet, #1)",Wendy Higgins,eng,ENG,4.13,58879,2409
2411,"The Winds of War (The Henry Family, #1)",Herman Wouk,en-US,EN-US,4.36,41940,2410
2412,"The Wind Through the Keyhole (The Dark Tower, #4.5)","Stephen King, Jae Lee",eng,ENG,4.14,35888,2411
2413,"The Last Kingdom (The Saxon Stories, #1)",Bernard Cornwell,en-US,EN-US,4.23,38890,2412
2414,The E-Myth Revisited: Why Most Small Businesses Don't Work and What to Do About It,Michael E. Gerber,unknown,UNKNOWN,3.98,37671,2413
2415,"Bunnicula (Bunnicula, #1)","James Howe, Deborah Howe, Alan Daniel",eng,ENG,3.83,50699,2414
2416,"Exile (Forgotten Realms: The Dark Elf Trilogy, #2; Legend of Drizzt, #2)",R.A. Salvatore,eng,ENG,4.24,37728,2415
2417,"Ascend (Trylle, #3)",Amanda Hocking,en-US,EN-US,4.08,26350,2416
2418,"The Keeper of Lost Causes (Department Q, #1)","Jussi Adler-Olsen, Lisa Hartford",eng,ENG,3.98,36825,2417
2419,Of Love and Other Demons,Gabriel García Márquez,eng,ENG,3.98,29639,2418
2420,The Demigod Files (Percy Jackson and the Olympians),Rick Riordan,eng,ENG,4.04,55442,2419
2421,Musicophilia: Tales of Music and the Brain,Oliver Sacks,eng,ENG,3.88,38152,2420
2422,"End of Watch (Bill Hodges Trilogy, #3)",Stephen King,eng,ENG,4.09,33780,2421
2423,Fool,Christopher Moore,en-US,EN-US,3.96,41502,2422
2424,The Book of Lost Things,John Connolly,eng,ENG,3.98,43086,2423
2425,My Life,Bill Clinton,eng,ENG,3.72,35852,2424
2426,300,"Frank Miller, Lynn Varley",en-US,EN-US,3.93,38323,2425
2427,"Storm Warning (The 39 Clues, #9)",Linda Sue Park,eng,ENG,3.98,39115,2426
2428,"Only the Good Spy Young (Gallagher Girls, #4)",Ally Carter,en-US,EN-US,4.29,51772,2427
2429,"Persuader (Jack Reacher, #7)",Lee Child,eng,ENG,4.09,37434,2428
2430,"Grave Sight (Harper Connelly, #1)",Charlaine Harris,eng,ENG,3.85,52215,2429
2431,"Flaggermusmannen (Harry Hole, #1)","Jo Nesbø, Don Bartlett",nor,NOR,3.56,22230,2430
2432,"Blood Brothers (Sign of Seven, #1)",Nora Roberts,eng,ENG,4.15,42696,2431
2433,Picture Perfect,Jodi Picoult,en-GB,EN-GB,3.52,41631,2432
2434,"Rurouni Kenshin, Vol. 1: Meiji Swordsman Romantic Story (Rurouni Kenshin, #1)","Nobuhiro Watsuki, Kenichiro Yagi",eng,ENG,4.33,36765,2433
2435,Catching Jordan,Miranda Kenneally,eng,ENG,3.85,50383,2434
2436,Touching the Void: The True Story of One Man's Miraculous Survival,Joe Simpson,eng,ENG,4.2,36048,2435
2437,"This Girl (Slammed, #3)",Colleen Hoover,eng,ENG,4.18,58808,2436
2438,There Was an Old Lady Who Swallowed a Fly,Simms Taback,unknown,UNKNOWN,4.2,41867,2437
2439,Way of the Peaceful Warrior: A Book That Changes Lives,Dan Millman,en-US,EN-US,4.13,34136,2438
2440,The Satanic Verses,Salman Rushdie,eng,ENG,3.71,37354,2439
2441,Nothing to Envy: Ordinary Lives in North Korea,Barbara Demick,eng,ENG,4.42,37284,2440
2442,Winning,"Jack Welch, Suzy Welch",unknown,UNKNOWN,3.8,33160,2441
2443,"Collide (Collide, #1)",Gail McHugh,eng,ENG,4.24,55720,2442
2444,How We Decide,Jonah Lehrer,en-US,EN-US,3.81,32507,2443
2445,"The Beekeeper's Apprentice (Mary Russell, #1)",Laurie R. King,en-US,EN-US,4.08,46665,2444
2446,The Story of Babar,"Jean de Brunhoff, Merle S. Haas",en-US,EN-US,4.07,50976,2445
2447,"The Warlock (The Secrets of the Immortal Nicholas Flamel, #5)",Michael Scott,eng,ENG,4.17,41271,2446
2448,"First Lord's Fury (Codex Alera, #6)",Jim Butcher,eng,ENG,4.37,41816,2447
2449,The Imperfectionists,Tom Rachman,eng,ENG,3.54,36571,2448
2450,The Sea of Tranquility,Katja Millay,eng,ENG,4.34,52982,2449
2451,"Persepolis 2: The Story of a Return (Persepolis, #2)","Marjane Satrapi, Anjali Singh",eng,ENG,4.23,45718,2450
2452,"Pyramids (Discworld, #7)",Terry Pratchett,en-US,EN-US,3.88,44710,2451
2453,"Silverthorn (The Riftwar Saga, #3)",Raymond E. Feist,en-GB,EN-GB,4.06,42148,2452
2454,Before I Die,Jenny Downham,eng,ENG,3.84,38551,2453
2455,Committed: A Skeptic Makes Peace with Marriage,Elizabeth Gilbert,eng,ENG,3.39,37410,2454
2456,Keeping the Moon,Sarah Dessen,en-US,EN-US,3.86,51537,2455
2457,"The Transfer (Divergent, #0.1)",Veronica Roth,eng,ENG,4.19,42240,2456
2458,"Chainfire (Sword of Truth, #9)",Terry Goodkind,en-US,EN-US,3.95,38743,2457
2459,Mastering the Art of French Cooking,"Julia Child, Simone Beck, Louisette Bertholle",en-US,EN-US,4.33,34055,2458
2460,"Blue Exorcist, Vol. 1  (Blue Exorcist, #1)","Kazue Kato, John Werry",eng,ENG,4.36,39464,2459
2461,"Confessor (Sword of Truth, #11)",Terry Goodkind,en-US,EN-US,4.08,37862,2460
2462,The Reluctant Fundamentalist,Mohsin Hamid,eng,ENG,3.67,33879,2461
2463,The False Prince (The Ascendance Trilogy #1),Jennifer A. Nielsen,eng,ENG,4.22,49667,2462
2464,"Rabbit, Run (Rabbit Angstrom #1)",John Updike,eng,ENG,3.57,39485,2463
2465,Stumbling on Happiness,Daniel Todd Gilbert,eng,ENG,3.82,37601,2464
2466,The Waste Land and Other Poems,T.S. Eliot,en-US,EN-US,4.23,38462,2465
2467,Little Bear,"Else Holmelund Minarik, Maurice Sendak",eng,ENG,4.22,46731,2466
2468,The Pit and the Pendulum,Edgar Allan Poe,eng,ENG,4.15,40289,2467
2469,"Lords and Ladies (Discworld, #14; Witches #4)",Terry Pratchett,eng,ENG,4.14,43980,2468
2470,"Thud! (Discworld, #34; City Watch #7)",Terry Pratchett,eng,ENG,4.29,44496,2469
2471,"His Majesty's Dragon (Temeraire, #1)",Naomi Novik,eng,ENG,4.05,48381,2470
2472,"The Field Guide (The Spiderwick Chronicles, #1)","Holly Black, Tony DiTerlizzi",eng,ENG,3.85,56913,2471
2473,Radical: Taking Back Your Faith from the American Dream,David Platt,eng,ENG,4.18,36326,2472
2474,The 48 Laws of Power,"Robert Greene, Joost Elffers",unknown,UNKNOWN,4.18,37613,2473
2475,"My Side of the Mountain (Mountain, #1)",Jean Craighead George,eng,ENG,4.03,47002,2474
2476,"The Winter Sea (Slains, #1)","Susanna Kearsley, Rosalyn Landor",eng,ENG,4.07,39572,2475
2477,"The Sword Thief (The 39 Clues, #3)",Peter Lerangis,eng,ENG,3.87,41021,2476
2478,Coma,Robin Cook,eng,ENG,3.86,29071,2477
2479,Requiem for a Dream,"Hubert Selby Jr., Darren Aronofsky, Richard Price",eng,ENG,4.1,37995,2478
2480,"Into the Wild (Warriors, #1)",Erin Hunter,eng,ENG,4.29,48111,2479
2481,Bury My Heart at Wounded Knee: An Indian History of the American West,Dee Brown,unknown,UNKNOWN,4.21,40565,2480
2482,"The Pianist: The Extraordinary Story of One Man's Survival in Warsaw, 1939–45","Władysław Szpilman, Anthea Bell",unknown,UNKNOWN,4.24,43578,2481
2483,"Rush (Breathless, #1)",Maya Banks,eng,ENG,3.97,53937,2482
2484,The Picture of Dorian Gray: A Graphic Novel,"Ian Edginton, Oscar Wilde, I.N.J. Culbard",eng,ENG,4.12,40650,2483
2485,Swan Song,Robert McCammon,eng,ENG,4.28,38018,2484
2486,The Buried Giant,Kazuo Ishiguro,eng,ENG,3.42,31271,2485
2487,"Perdido Street Station (Bas-Lag, #1)",China Miéville,eng,ENG,3.96,41058,2486
2488,"Need (Need, #1)",Carrie Jones,eng,ENG,3.71,54819,2487
2489,"Witches Abroad (Discworld, #12; Witches #3)",Terry Pratchett,eng,ENG,4.2,47875,2488
2490,The Legend of Sleepy Hollow and Other Stories,"Geoffrey Crayon, Washington Irving, William L. Hedges",eng,ENG,3.93,42952,2489
2491,Heretics of Dune (Dune Chronicles #5),Frank Herbert,eng,ENG,3.83,40415,2490
2492,The Cross and the Switchblade,"David Wilkerson, John Sherrill, Elizabeth Sherrill",unknown,UNKNOWN,4.2,37349,2491
2493,"Captain's Fury (Codex Alera, #4)",Jim Butcher,eng,ENG,4.38,42769,2492
2494,"Damned (Damned, #1)",Chuck Palahniuk,eng,ENG,3.38,33787,2493
2495,Rules,Cynthia Lord,unknown,UNKNOWN,3.96,42950,2494
2496,Swamplandia!,Karen Russell,eng,ENG,3.21,38955,2495
2497,"The Last Coyote (Harry Bosch, #4; Harry Bosch Universe, #4)",Michael Connelly,eng,ENG,4.21,37717,2496
2498,Salt: A World History,Mark Kurlansky,eng,ENG,3.73,39402,2497
2499,Villette,"Charlotte Brontë, A.S. Byatt, Μαρία Λαϊνά, Ignes Sodre",eng,ENG,3.75,41793,2498
2500,Reamde,Neal Stephenson,eng,ENG,3.96,34839,2499
2501,"Soul Music (Discworld, #16; Death, #3)",Terry Pratchett,eng,ENG,4.02,43626,2500
2502,"Notorious Nineteen (Stephanie Plum, #19)",Janet Evanovich,eng,ENG,3.9,42656,2501
2503,The Greatest Show on Earth: The Evidence for Evolution,Richard Dawkins,en-GB,EN-GB,4.16,34088,2502
2504,"Sin City, Vol. 1: The Hard Goodbye (Sin City, #1)",Frank Miller,eng,ENG,4.16,40866,2503
2505,The Greatest Salesman in the World,Og Mandino,eng,ENG,4.19,35971,2504
2506,"Casino Royale (James Bond, #1)",Ian Fleming,eng,ENG,3.73,39150,2505
2507,"The Bronze Horseman (The Bronze Horseman, #1)",Paullina Simons,eng,ENG,4.34,37369,2506
2508,Sula,Toni Morrison,en-US,EN-US,3.86,37196,2507
2509,"The Atlantis Gene (The Origin Mystery, #1)",A.G. Riddle,eng,ENG,3.69,20626,2508
2510,"The Red Queen (The Plantagenet and Tudor Novels, #3)",Philippa Gregory,eng,ENG,3.74,42128,2509
2511,"Something About You (FBI/US Attorney, #1)",Julie James,eng,ENG,3.94,47720,2510
2512,Mr. Brown Can Moo! Can You?,Dr. Seuss,en-US,EN-US,4.11,41437,2511
2513,"Black House (The Talisman, #2)","Stephen King, Peter Straub",eng,ENG,3.99,40734,2512
2514,Marvel 1602,"Neil Gaiman, Andy Kubert, Richard Isanove, Peter Sanderson",eng,ENG,3.93,43541,2513
2515,"Act of Treason (Mitch Rapp, #9)",Vince Flynn,en-US,EN-US,4.28,34242,2514
2516,The Dog Stars,Peter Heller,unknown,UNKNOWN,3.9,33465,2515
2517,The Spy Who Came In from the Cold,John le Carré,eng,ENG,4.05,37557,2516
2518,"Academ's Fury (Codex Alera, #2)",Jim Butcher,eng,ENG,4.27,43941,2517
2519,"When the Wind Blows (When the Wind Blows, #1)",James Patterson,eng,ENG,3.92,39948,2518
2520,"1Q84 BOOK 1 (1Q84, #1)","Haruki Murakami, 村上 春樹",jpn,JPN,3.96,32323,2519
2521,The Pilgrimage,"Paulo Coelho, Alan R. Clarke",eng,ENG,3.64,28283,2520
2522,"The Hard Way (Jack Reacher, #10)",Lee Child,en-US,EN-US,4.14,36240,2521
2523,The Incredible Journey,Sheila Burnford,eng,ENG,4.16,42094,2522
2524,March,Geraldine Brooks,en-US,EN-US,3.73,43737,2523
2525,"A Wanted Man (Jack Reacher, #17)","Lee Child, Dick Hill",eng,ENG,4.0,33264,2524
2526,"All-Star Superman, Vol. 1","Grant Morrison, Frank Quitely",eng,ENG,4.06,35061,2525
2527,"A Song of Ice and Fire (A Song of Ice and Fire, #1-5)",George R.R. Martin,eng,ENG,4.63,20567,2526
2528,"Dark Witch (The Cousins O'Dwyer Trilogy, #1)",Nora Roberts,eng,ENG,3.91,33481,2527
2529,"Dark Flame (The Immortals, #4)",Alyson Noel,eng,ENG,3.73,51250,2528
2530,The Widow,Fiona Barton,eng,ENG,3.49,36504,2529
2531,"The Black Circle (The 39 Clues, #5)",Patrick Carman,en-US,EN-US,4.0,42084,2530
2532,"The Prince (The Selection, #0.5)",Kiera Cass,unknown,UNKNOWN,3.93,51454,2531
2533,"The Winner's Curse (The Winner's Trilogy, #1)",Marie Rutkoski,eng,ENG,4.03,56635,2532
2534,Push,Sapphire,eng,ENG,3.82,36207,2533
2535,The Story of a New Name (The Neapolitan Novels #2),"Elena Ferrante, Ann Goldstein",eng,ENG,4.37,33395,2534
2536,"2010: Odyssey Two (Space Odyssey, #2)",Arthur C. Clarke,eng,ENG,3.89,36907,2535
2537,"Soul Eater, Vol. 01 (Soul Eater, #1)",Atsushi Ohkubo,en-US,EN-US,4.3,34289,2536
2538,Ordinary Grace,William Kent Krueger,eng,ENG,4.14,34720,2537
2539,Last Man Standing,David Baldacci,eng,ENG,4.03,36265,2538
2540,American Born Chinese,Gene Luen Yang,eng,ENG,3.88,47824,2539
2541,Peter Pan (A Little Golden Book),"Eugene Bradley Coco, Ron Dias, Walt Disney Company",eng,ENG,4.32,38907,2540
2542,"Ten Tiny Breaths (Ten Tiny Breaths, #1)",K.A. Tucker,eng,ENG,4.16,54718,2541
2543,The Thousand Autumns of Jacob de Zoet,David Mitchell,eng,ENG,4.03,36021,2542
2544,Dr. Faustus,Christopher Marlowe,eng,ENG,3.79,39518,2543
2545,Dance with the Devil (Dark-Hunter #3),Sherrilyn Kenyon,eng,ENG,4.39,51282,2544
2546,Lipstick Jungle,Candace Bushnell,eng,ENG,3.39,35792,2545
2547,"Violets Are Blue (Alex Cross, #7)",James Patterson,eng,ENG,3.94,41555,2546
2548,"Awaken the Giant Within: How to Take Immediate Control of Your Mental, Emotional, Physical and Financial Destiny!","Anthony Robbins, Tony Robbins, Frederick L. Covan",eng,ENG,4.1,33586,2547
2549,"Blue Moon (Anita Blake, Vampire Hunter, #8)",Laurell K. Hamilton,en-US,EN-US,4.04,52170,2548
2550,"Burnt Offerings (Anita Blake, Vampire Hunter, #7)",Laurell K. Hamilton,en-US,EN-US,4.07,53980,2549
2551,"The Silent Sister (Riley MacPherson, #1)",Diane Chamberlain,eng,ENG,3.93,31741,2550
2552,Player Piano,Kurt Vonnegut Jr.,eng,ENG,3.85,34362,2551
2553,"The Lost World (Professor Challenger, #1)",Arthur Conan Doyle,unknown,UNKNOWN,3.92,39169,2552
2554,"Monstrous Regiment (Discworld, #31; Industrial Revolution, #3)",Terry Pratchett,eng,ENG,4.18,38851,2553
2555,Kindred,Octavia E. Butler,eng,ENG,4.18,43332,2554
2556,"The Long Winter (Little House, #6)","Laura Ingalls Wilder, Garth Williams",unknown,UNKNOWN,4.16,54443,2555
2557,"Boundaries: When to Say Yes, How to Say No to Take Control of Your Life","Henry Cloud, John Townsend",en-US,EN-US,4.19,19619,2556
2558,"Blue Lily, Lily Blue (The Raven Cycle, #3)",Maggie Stiefvater,eng,ENG,4.32,56637,2557
2559,Portnoy's Complaint,"Philip Roth, Luca Marinelli",unknown,UNKNOWN,3.69,35855,2558
2560,The 21 Irrefutable Laws of Leadership: Follow Them and People Will Follow You,"John C. Maxwell, Zig Ziglar",eng,ENG,4.12,30255,2559
2561,Cat's Eye,Margaret Atwood,eng,ENG,3.92,42317,2560
2562,"The Perfect Game (The Perfect Game, #1)",J. Sterling,eng,ENG,3.97,50442,2561
2563,"Monsters of Men (Chaos Walking, #3)",Patrick Ness,eng,ENG,4.25,43024,2562
2564,"Shadow of the Giant (Ender's Shadow, #4)",Orson Scott Card,eng,ENG,3.98,37479,2563
2565,Wonderstruck,Brian Selznick,eng,ENG,4.16,42530,2564
2566,Simple Abundance:  A Daybook of Comfort and Joy,Sarah Ban Breathnach,en-US,EN-US,3.96,32751,2565
2567,"Blood Red Road (Dust Lands, #1)",Moira Young,eng,ENG,3.94,47690,2566
2568,"The 6th Target (Women's Murder Club, #6)","James Patterson, Maxine Paetro",en-US,EN-US,4.02,41500,2567
2569,"A Princess of Mars (Barsoom, #1)","Edgar Rice Burroughs, John Seelye",en-GB,EN-GB,3.8,34536,2568
2570,"MaddAddam (MaddAddam, #3)",Margaret Atwood,eng,ENG,3.98,33861,2569
2571,"These Happy Golden Years (Little House, #8)","Laura Ingalls Wilder, Garth Williams",eng,ENG,4.17,51432,2570
2572,Color: A Natural History of the Palette,Victoria Finlay,en-US,EN-US,3.74,42256,2571
2573,Skipping Christmas,John Grisham,eng,ENG,3.47,39486,2572
2574,"The Black Ice (Harry Bosch, #2; Harry Bosch Universe, #2)",Michael Connelly,eng,ENG,4.05,36748,2573
2575,Home Front,Kristin Hannah,eng,ENG,4.12,36972,2574
2576,"Beautiful Stranger (Beautiful Bastard, #2)",Christina Lauren,eng,ENG,4.24,55764,2575
2577,"The Sweet Far Thing (Gemma Doyle, #3)",Libba Bray,eng,ENG,3.97,54602,2576
2578,A Lesson Before Dying,Ernest J. Gaines,en-US,EN-US,3.93,40651,2577
2579,SantaLand Diaries,David Sedaris,en-US,EN-US,4.33,38297,2578
2580,See Me,Nicholas Sparks,eng,ENG,3.93,31774,2579
2581,"Mini Shopaholic (Shopaholic, #6)",Sophie Kinsella,eng,ENG,3.7,40137,2580
2582,Harry the Dirty Dog,"Gene Zion, Margaret Bloy Graham",en-US,EN-US,4.17,44319,2581
2583,All Fall Down,Jennifer Weiner,eng,ENG,3.61,31249,2582
2584,Down and Out in Paris and London,George Orwell,en-US,EN-US,4.1,34739,2583
2585,"Maid-sama! Vol. 01 (Maid-sama!, #1)",Hiro Fujiwara,eng,ENG,4.4,36028,2584
2586,Griffin and Sabine (Griffin & Sabine #1),Nick Bantock,eng,ENG,4.01,36496,2585
2587,"Ruin and Rising (Shadow and Bone, #3)",Leigh Bardugo,eng,ENG,4.17,56836,2586
2588,يوتوبيا,أحمد خالد توفيق,ara,ARA,3.9,31669,2587
2589,Certain Girls (Cannie Shapiro #2),Jennifer Weiner,eng,ENG,3.7,39334,2588
2590,Tiny Beautiful Things: Advice on Love and Life from Dear Sugar,Cheryl Strayed,unknown,UNKNOWN,4.29,33979,2589
2591,"Beyond the Highland Mist (Highlander, #1)",Karen Marie Moning,eng,ENG,3.99,51854,2590
2592,The Stranger Beside Me: Ted Bundy The Shocking Inside Story,Ann Rule,en-GB,EN-GB,4.13,35824,2591
2593,"Stargazer (Evernight, #2)",Claudia Gray,eng,ENG,3.8,49050,2592
2594,Rising Sun,Michael Crichton,eng,ENG,3.61,38179,2593
2595,The Other Side of Midnight (Midnight #1),Sidney Sheldon,eng,ENG,3.89,34570,2594
2596,"The Reversal (Harry Bosch, #16; Mickey Haller, #4; Harry Bosch Universe, #19)",Michael Connelly,eng,ENG,4.13,34973,2595
2597,Wayside School Is Falling Down (Wayside School #2),"Louis Sachar, Joel Schick",eng,ENG,4.17,45631,2596
2598,The Invisible Bridge,"Julie Orringer, Arthur Morey",eng,ENG,4.19,35122,2597
2599,"The Fall of Five (Lorien Legacies, #4)",Pittacus Lore,eng,ENG,4.24,41533,2598
2600,The Mayor of Casterbridge,"Thomas Hardy, Keith Wilson",eng,ENG,3.8,40063,2599
2601,The Red Pony,John Steinbeck,unknown,UNKNOWN,3.42,37535,2600
2602,"The Devil's Star (Harry Hole, #5)",Jo Nesbø,eng,ENG,4.03,32907,2601
2603,Here on Earth,Alice Hoffman,eng,ENG,3.68,38954,2602
2604,"Taltos (Lives of the Mayfair Witches, #3)","Anne Rice, Tim Curry",unknown,UNKNOWN,3.78,40915,2603
2605,"Obsidian Butterfly (Anita Blake, Vampire Hunter, #9)",Laurell K. Hamilton,eng,ENG,4.08,51571,2604
2606,"The Daylight War (Demon Cycle, #3)",Peter V. Brett,eng,ENG,4.23,34419,2605
2607,The Appeal,John Grisham,en-US,EN-US,3.58,39100,2606
2608,"The Woman Who Rides Like a Man (Song of the Lioness, #3)",Tamora Pierce,en-US,EN-US,4.2,53413,2607
2609,"Midnight Riot (Peter Grant, #1)",Ben Aaronovitch,eng,ENG,3.92,21519,2608
2610,Lucy Sullivan Is Getting Married,Marian Keyes,en-US,EN-US,3.74,38473,2609
2611,"A Hat Full of Sky (Discworld, #32; Tiffany Aching, #2)",Terry Pratchett,eng,ENG,4.29,43460,2610
2612,"A Suitable Boy (A Suitable Boy, #1)",Vikram Seth,en-US,EN-US,4.1,33973,2611
2613,We Should All Be Feminists,Chimamanda Ngozi Adichie,eng,ENG,4.47,46048,2612
2614,"River Marked (Mercy Thompson, #6)",Patricia Briggs,en-GB,EN-GB,4.26,52220,2613
2615,I Like You: Hospitality Under the Influence,Amy Sedaris,eng,ENG,3.87,34212,2614
2616,"Pattern Recognition (Blue Ant, #1)",William Gibson,eng,ENG,3.86,34917,2615
2617,The Kind Worth Killing,Peter  Swanson,eng,ENG,4.03,35225,2616
2618,"1,000 Places to See Before You Die",Patricia Schultz,unknown,UNKNOWN,3.83,33025,2617
2619,"Physik (Septimus Heap, #3)","Angie Sage, Mark Zug",en-US,EN-US,3.99,42838,2618
2620,Boy: Tales of Childhood,"Roald Dahl, Quentin Blake",eng,ENG,4.09,38240,2619
2621,Traveling Mercies: Some Thoughts on Faith,Anne Lamott,en-CA,EN-CA,4.15,36466,2620
2622,"Memorial Day (Mitch Rapp, #7)",Vince Flynn,eng,ENG,4.3,31864,2621
2623,"Wild Magic (Immortals, #1)",Tamora Pierce,en-US,EN-US,4.32,52165,2622
2624,Prelude to Foundation,Isaac Asimov,eng,ENG,4.05,40342,2623
2625,"You Are Special (Wemmicksville, #1)",Max Lucado,eng,ENG,4.45,41052,2624
2626,"The Wrath and the Dawn (The Wrath and the Dawn, #1)",Renee Ahdieh,eng,ENG,4.19,58175,2625
2627,Half the Sky: Turning Oppression into Opportunity for Women Worldwide,"Nicholas D. Kristof, Sheryl WuDunn",eng,ENG,4.31,37270,2626
2628,Why We Broke Up,"Daniel Handler, Maira Kalman",eng,ENG,3.49,41202,2627
2629,"The Assassin's Blade (Throne of Glass, #0.1-0.5)",Sarah J. Maas,eng,ENG,4.48,53227,2628
2630,American Wife,Curtis Sittenfeld,eng,ENG,3.72,38537,2629
2631,"Cursor's Fury (Codex Alera, #3)",Jim Butcher,eng,ENG,4.36,41344,2630
2632,"The Sparrow (The Sparrow, #1)",Mary Doria Russell,eng,ENG,4.17,40781,2631
2633,Mercy,Jodi Picoult,en-GB,EN-GB,3.57,37252,2632
2634,"The Paper Magician (The Paper Magician Trilogy, #1)",Charlie N. Holmberg,eng,ENG,3.63,25934,2633
2635,"Act Like a Lady, Think Like a Man: What Men Really Think About Love, Relationships, Intimacy, and Commitment",Steve Harvey,unknown,UNKNOWN,3.82,29059,2634
2636,"Destiny of the Republic: A Tale of Madness, Medicine and the Murder of a President",Candice Millard,en-US,EN-US,4.19,34460,2635
2637,We Have Always Lived in the Castle,"Shirley Jackson, Jonathan Lethem",eng,ENG,4.05,43602,2636
2638,Love and Respect: The Love She Most Desires; The Respect He Desperately Needs,Emerson Eggerichs,unknown,UNKNOWN,4.17,32858,2637
2639,"The Brass Verdict (Harry Bosch, #14; Mickey Haller, #2; Harry Bosch Universe, #17)",Michael Connelly,eng,ENG,4.08,36497,2638
2640,Dark Force Rising,Timothy Zahn,en-US,EN-US,4.14,37197,2639
2641,"Never Go Back (Jack Reacher, #18)",Lee Child,eng,ENG,4.02,27578,2640
2642,The Two Princesses of Bamarre,Gail Carson Levine,eng,ENG,4.02,55218,2641
2643,Black Boy,"Richard Wright, Jerry W. Ward Jr.",en-US,EN-US,4.02,36840,2642
2644,Cane River,Lalita Tademy,en-US,EN-US,4.04,38013,2643
2645,"Phantom (Sword of Truth, #10)",Terry Goodkind,unknown,UNKNOWN,3.99,35131,2644
2646,Foundation and Earth (Foundation #5),Isaac Asimov,eng,ENG,4.02,39003,2645
2647,Flags of Our Fathers,"James D. Bradley, Ron Powers",unknown,UNKNOWN,4.18,37561,2646
2648,"The World of Winnie-the-Pooh (Winnie-the-Pooh, #1-2)","A.A. Milne, Ernest H. Shepard",eng,ENG,4.43,32504,2647
2649,The Story of My Experiments With Truth,Mahatma Gandhi,eng,ENG,4.07,28177,2648
2650,It's Not About the Bike: My Journey Back to Life,"Lance Armstrong, Sally Jenkins",en-US,EN-US,3.72,31963,2649
2651,Undaunted Courage: The Pioneering First Mission to Explore America's Wild Frontier,Stephen E. Ambrose,eng,ENG,4.22,32875,2650
2652,H is for Hawk,Helen Macdonald,eng,ENG,3.74,30841,2651
2653,Us,David Nicholls,eng,ENG,3.66,28856,2652
2654,"Sojourn (Forgotten Realms: The Dark Elf Trilogy, #3; Legend of Drizzt, #3)",R.A. Salvatore,eng,ENG,4.23,38242,2653
2655,"Ender's Game, Volume 1: Battle School (Ender's Saga)","Christopher Yost, Orson Scott Card, Pasqual Ferry, Frank D'Armata",en-US,EN-US,4.37,32247,2654
2656,"Kimi ni Todoke: From Me to You, Vol. 1","Karuho Shiina, Tomo Kimura",eng,ENG,4.23,37369,2655
2657,False Memory,Dean Koontz,en-US,EN-US,3.87,36882,2656
2658,"Moving Pictures (Discworld, #10; Industrial Revolution, #1)",Terry Pratchett,eng,ENG,3.91,42892,2657
2659,"Captive in the Dark (The Dark Duet, #1)",C.J. Roberts,eng,ENG,4.01,55542,2658
2660,As a Man Thinketh,James Allen,eng,ENG,4.29,29122,2659
2661,Bonk: The Curious Coupling of Science and Sex,Mary Roach,en-US,EN-US,3.83,38157,2660
2662,"Midnight Alley (The Morganville Vampires, #3)",Rachel Caine,eng,ENG,4.11,49083,2661
2663,The Little Paris Bookshop,"Nina George, Simon Pare",eng,ENG,3.51,34383,2662
2664,Sweet Tooth,Ian McEwan,eng,ENG,3.4,32637,2663
2665,"Twisted Perfection (Rosemary Beach, #5; Perfection, #1)",Abbi Glines,eng,ENG,4.26,57408,2664
2666,"Executive Orders (Jack Ryan Universe, #9)",Tom Clancy,eng,ENG,4.04,35513,2665
2667,One Thousand Gifts: A Dare to Live Fully Right Where You Are,Ann Voskamp,eng,ENG,4.03,33960,2666
2668,Psycho,Robert Bloch,eng,ENG,4.09,36153,2667
2669,"Ship of Magic (Liveship Traders, #1)",Robin Hobb,eng,ENG,4.12,37381,2668
2670,Where Eagles Dare ,"Alistair MacLean, Clint Willis",unknown,UNKNOWN,4.12,35233,2669
2671,Circle of Friends,Maeve Binchy,eng,ENG,4.0,43936,2670
2672,Milk and Honey,Rupi Kaur,eng,ENG,4.27,73104,2671
2673,"Rainbow Six (Jack Ryan Universe, #10)",Tom Clancy,en-US,EN-US,4.07,35278,2672
2674,Fragile Things: Short Fictions and Wonders,Neil Gaiman,eng,ENG,4.02,38942,2673
2675,Sister,Rosamund Lupton,eng,ENG,3.77,35893,2674
2676,"The Three-Body Problem (Remembrance of Earth’s Past, #1)","Liu Cixin, Ken Liu",eng,ENG,4.0,33409,2675
2677,"Thief of Time (Discworld, #26; Death, #5)",Terry Pratchett,eng,ENG,4.25,42002,2676
2678,Superman: Red Son,"Mark Millar, Kilian Plunkett, Andrew Robinson, Walden Wong, Dave Johnson",eng,ENG,4.17,35438,2677
2679,Three Junes,Julia Glass,eng,ENG,3.56,35677,2678
2680,The Autobiography of Benjamin Franklin,"Benjamin Franklin, Lewis Leary",eng,ENG,3.83,33061,2679
2681,The Reason for God: Belief in an Age of Skepticism,Timothy J. Keller,eng,ENG,4.2,31692,2680
2682,"King of Thorns (The Broken Empire, #2)",Mark  Lawrence,en-US,EN-US,4.2,33941,2681
2683,"The Sins of the Father (The Clifton Chronicles, #2)",Jeffrey Archer,eng,ENG,4.01,27456,2682
2684,"Shadowland (The Mediator, #1)",Meg Cabot,eng,ENG,4.04,51580,2683
2685,"Killer (Pretty Little Liars, #6)",Sara Shepard,eng,ENG,4.07,39702,2684
2686,Blue Ocean Strategy: How To Create Uncontested Market Space And Make The Competition Irrelevant,"W. Chan Kim, Renée Mauborgne",unknown,UNKNOWN,3.86,30665,2685
2687,"Fang (Maximum Ride, #6)",James Patterson,eng,ENG,4.07,48964,2686
2688,The Peach Keeper,Sarah Addison Allen,en-US,EN-US,3.84,45468,2687
2689,The Napping House,"Audrey Wood, Don    Wood",unknown,UNKNOWN,4.27,37773,2688
2690,"The Short Drop (Gibson Vaughn, #1)",Matthew FitzSimmons,eng,ENG,4.15,32641,2689
2691,"You Suck (A Love Story, #2)",Christopher Moore,eng,ENG,3.82,38818,2690
2692,"Beautiful Oblivion (The Maddox Brothers, #1)",Jamie McGuire,eng,ENG,4.13,54391,2691
2693,"A Fire Upon the Deep (Zones of Thought, #1)",Vernor Vinge,eng,ENG,4.13,37986,2692
2694,"Practicing the Power of Now: Essential Teachings, Meditations, and Exercises from the Power of Now",Eckhart Tolle,unknown,UNKNOWN,4.25,29256,2693
2695,"The Face on the Milk Carton (Janie Johnson, #1)",Caroline B. Cooney,en-US,EN-US,3.72,43334,2694
2696,Put Me in the Zoo,Robert Lopshire,eng,ENG,4.13,38809,2695
2697,"Firelight (Firelight, #1)",Sophie Jordan,en-US,EN-US,3.88,51815,2696
2698,Invisible Cities,"Italo Calvino, William Weaver",eng,ENG,4.19,32253,2697
2699,"Flat-Out Love (Flat-Out Love, #1)",Jessica Park,eng,ENG,4.01,47644,2698
2700,The Narrow Road to the Deep North,Richard Flanagan,eng,ENG,4.0,25197,2699
2701,"The Claiming of Sleeping Beauty (Sleeping Beauty, #1)","A.N. Roquelaure, Anne Rice",en-US,EN-US,3.28,38387,2700
2702,"The Midwife: A Memoir of Birth, Joy, and Hard Times",Jennifer Worth,en-US,EN-US,4.17,19176,2701
2703,Hell's Angels: A Strange and Terrible Saga,Hunter S. Thompson,fre,FRE,4.0,27819,2702
2704,Then Came You,Jennifer Weiner,en-US,EN-US,3.69,36469,2703
2705,"The Awakening (The Vampire Diaries, #1)",L.J. Smith,eng,ENG,3.41,44222,2704
2706,"It Had to Be You (Chicago Stars, #1)",Susan Elizabeth Phillips,eng,ENG,4.04,45961,2705
2707,Boomerang: Travels in the New Third World,Michael   Lewis,eng,ENG,3.87,15616,2706
2708,Fly Away Home,Jennifer Weiner,eng,ENG,3.66,37026,2707
2709,The Red and the Black,"Stendhal, Roger Gard",eng,ENG,3.87,33346,2708
2710,"The Virgin's Lover (The Plantagenet and Tudor Novels, #13)",Philippa Gregory,en-US,EN-US,3.69,40065,2709
2711,"Incarceron (Incarceron, #1)",Catherine Fisher,eng,ENG,3.64,43524,2710
2712,"Awake at Dawn (Shadow Falls, #2)",C.C. Hunter,en-US,EN-US,4.29,46269,2711
2713,The Road to the Dark Tower: Exploring Stephen King's Magnum Opus,Bev Vincent,unknown,UNKNOWN,4.29,32163,2712
2714,"Starcrossed (Starcrossed, #1)",Josephine Angelini,en-US,EN-US,4.08,49448,2713
2715,"Night Star (The Immortals, #5)",Alyson Noel,eng,ENG,3.82,43998,2714
2716,Dead Poets Society,N.H. Kleinbaum,eng,ENG,4.21,33645,2715
2717,Wreckage,Emily Bleeker,en-GB,EN-GB,3.66,25533,2716
2718,"The Fifth Elephant (Discworld, #24; City Watch, #5)",Terry Pratchett,eng,ENG,4.24,40138,2717
2719,"The Sorcerer in the North (Ranger's Apprentice, #5)",John Flanagan,eng,ENG,4.25,39795,2718
2720,Autobiography of a Yogi,Paramahansa Yogananda,en-US,EN-US,4.22,26713,2719
2721,"Hexed (The Iron Druid Chronicles, #2)",Kevin Hearne,eng,ENG,4.22,39926,2720
2722,"Scary Stories to Tell in the Dark (Scary Stories, #1)","Alvin Schwartz, Stephen Gammell",eng,ENG,4.05,38879,2721
2723,Fool Me Once,Harlan Coben,eng,ENG,3.9,30788,2722
2724,Hiroshima,John Hersey,eng,ENG,3.94,41338,2723
2725,Hate List,Jennifer Brown,eng,ENG,4.03,39677,2724
2726,The Distance Between Us,Kasie West,eng,ENG,3.95,44366,2725
2727,"A History of God: The 4,000-Year Quest of Judaism, Christianity, and Islam",Karen Armstrong,eng,ENG,3.85,32506,2726
2728,"Abaddon's Gate (The Expanse, #3)",James S.A. Corey,eng,ENG,4.18,27860,2727
2729,Twenty Love Poems and a Song of Despair,"Pablo Neruda, W.S. Merwin, Cristina García",eng,ENG,4.33,31606,2728
2730,"The Cardinal of the Kremlin (Jack Ryan Universe, #5)",Tom Clancy,en-US,EN-US,4.01,37672,2729
2731,"No, David!",David Shannon,en-US,EN-US,4.11,36963,2730
2732,Utopia,"Thomas More, Paul Turner",eng,ENG,3.5,36680,2731
2733,"The Name of This Book Is Secret (Secret, #1)","Pseudonymous Bosch, Gilbert Ford",en-US,EN-US,4.04,39440,2732
2734,"Dorothy Must Die (Dorothy Must Die, #1)",Danielle  Paige,eng,ENG,3.84,44785,2733
2735,The Husband,Dean Koontz,eng,ENG,3.8,36233,2734
2736,The Particular Sadness of Lemon Cake,Aimee Bender,eng,ENG,3.19,42885,2735
2737,"The Big Bad Wolf  (Alex Cross, #9)",James Patterson,en-US,EN-US,3.97,37060,2736
2738,Balzac and the Little Chinese Seamstress,"Dai Sijie, Ina Rilke",en-US,EN-US,3.63,39927,2737
2739,Bad Feminist,Roxane Gay,eng,ENG,3.91,41012,2738
2740,"Petals on the Wind (Dollanganger, #2)",V.C. Andrews,en-US,EN-US,3.82,40354,2739
2741,Danny the Champion of the World,"Roald Dahl, Quentin Blake",unknown,UNKNOWN,4.07,39802,2740
2742,Battle Hymn of the Tiger Mother,Amy Chua,eng,ENG,3.61,34710,2741
2743,Nimona,Noelle Stevenson,eng,ENG,4.2,44825,2742
2744,Everyday Italian: 125 Simple and Delicious Recipes,Giada De Laurentiis,unknown,UNKNOWN,3.97,32751,2743
2745,"From Potter's Field (Kay Scarpetta, #6)",Patricia Cornwell,eng,ENG,4.02,41377,2744
2746,"Mary, Mary (Alex Cross, #11)",James Patterson,eng,ENG,3.93,36926,2745
2747,Oranges Are Not the Only Fruit,Jeanette Winterson,eng,ENG,3.75,35082,2746
2748,"Grounded (Up in the Air, #3)",R.K. Lilley,en-GB,EN-GB,4.29,53089,2747
2749,I Too Had a Love Story,Ravinder Singh,eng,ENG,3.64,24307,2748
2750,"Mrs. Piggle-Wiggle (Mrs. Piggle Wiggle, #1)","Betty MacDonald, Alexandra Boiger",eng,ENG,4.16,44068,2749
2751,"Trunk Music (Harry Bosch, #5; Harry Bosch Universe, #6)",Michael Connelly,eng,ENG,4.15,34702,2750
2752,"10% Happier: How I Tamed the Voice in My Head, Reduced Stress Without Losing My Edge, and Found Self-Help That Actually Works",Dan   Harris,eng,ENG,3.93,33969,2751
2753,Barefoot Contessa at Home: Everyday Recipes You'll Make Over and Over Again,"Ina Garten, Quentin Bacon",unknown,UNKNOWN,4.16,32611,2752
2754,"Blood Work (Harry Bosch Universe, #8; Terry McCaleb #1)",Michael Connelly,eng,ENG,4.11,34296,2753
2755,The Gods Themselves,Isaac Asimov,eng,ENG,4.08,35247,2754
2756,"The Viper's Nest (39 Clues, #7)",Peter Lerangis,eng,ENG,3.97,37663,2755
2757,"Ahab's Wife, or The Star-Gazer",Sena Jeter Naslund,en-US,EN-US,4.02,34603,2756
2758,"Tsubasa: RESERVoir CHRoNiCLE, Vol. 01","CLAMP, Anthony Gerard",eng,ENG,4.12,34661,2757
2759,"A Living Nightmare (Cirque Du Freak, #1)",Darren Shan,unknown,UNKNOWN,4.07,38753,2758
2760,"The League of Extraordinary Gentlemen, Vol. 1","Alan Moore, Kevin O'Neill",eng,ENG,3.93,40404,2759
2761,Feed,M.T. Anderson,eng,ENG,3.54,42426,2760
2762,"Angels' Blood (Guild Hunter, #1)",Nalini Singh,eng,ENG,4.12,53738,2761
2763,Medea,"Euripides, Rex Warner",en-GB,EN-GB,3.83,40237,2762
2764,"The Demon King (Seven Realms, #1)",Cinda Williams Chima,en-US,EN-US,4.2,46756,2763
2765,Hinds' Feet on High Places,Hannah Hurnard,unknown,UNKNOWN,4.3,33398,2764
2766,Black Hole,Charles Burns,eng,ENG,3.83,33070,2765
2767,"Saga, Vol. 3 (Saga, #3)","Brian K. Vaughan, Fiona Staples",eng,ENG,4.56,47549,2766
2768,"Personal (Jack Reacher, #19)",Lee Child,eng,ENG,3.9,19107,2767
2769,Z: A Novel of Zelda Fitzgerald,Therese Anne Fowler,eng,ENG,3.82,27563,2768
2770,A Man Without a Country,Kurt Vonnegut Jr.,eng,ENG,4.07,29859,2769
2771,When I Found You,Catherine Ryan Hyde,en,EN,3.92,16032,2770
2772,Lilac Girls,Martha Hall Kelly,eng,ENG,4.31,42421,2771
2773,"7th Heaven (Women's Murder Club, #7)","James Patterson, Maxine Paetro",eng,ENG,4.06,38503,2772
2774,"Make Me (Jack Reacher, #20)",Lee Child,en-US,EN-US,3.95,20999,2773
2775,A Constellation of Vital Phenomena,Anthony Marra,eng,ENG,4.13,23374,2774
2776,"While It Lasts (Sea Breeze, #3)",Abbi Glines,eng,ENG,4.24,49620,2775
2777,The End of Your Life Book Club,Will Schwalbe,eng,ENG,3.81,35412,2776
2778,Two-Way Street,Lauren Barnholdt,unknown,UNKNOWN,3.8,42028,2777
2779,"All In (The Blackstone Affair, #2)",Raine Miller,eng,ENG,4.11,48278,2778
2780,"The Siege of Macindaw (Ranger's Apprentice, #6)",John Flanagan,eng,ENG,4.33,37607,2779
2781,A Grief Observed,C.S. Lewis,en-US,EN-US,4.26,35913,2780
2782,"Transmetropolitan, Vol. 1: Back on the Street (Transmetropolitan, #1)","Warren Ellis, Darick Robertston, Garth Ennis",eng,ENG,4.23,30790,2781
2783,"Emperor Mage (Immortals, #3)",Tamora Pierce,en-US,EN-US,4.3,44115,2782
2784,Decision Points,George W. Bush,eng,ENG,3.77,28943,2783
2785,"Witch & Wizard (Witch & Wizard, #1)","James Patterson, Gabrielle Charbonnet",eng,ENG,3.57,28291,2784
2786,"Julie of the Wolves (Julie of the Wolves, #1)","Jean Craighead George, John Schoenherr",eng,ENG,3.79,46442,2785
2787,Forever . . .,Judy Blume,eng,ENG,3.63,42164,2786
2788,The Wright Brothers,David McCullough,eng,ENG,4.16,35786,2787
2789,The Matarese Circle (Matarese #1),Robert Ludlum,unknown,UNKNOWN,4.03,32016,2788
2790,American Lion: Andrew Jackson in the White House,Jon Meacham,en-US,EN-US,3.76,32564,2789
2791,"The Forgotten (John Puller, #2)",David Baldacci,eng,ENG,4.07,27953,2790
2792,"Shadows of Self (Mistborn, #5)",Brandon Sanderson,eng,ENG,4.3,32170,2791
2793,"Mad About the Boy (Bridget Jones, #3)",Helen Fielding,eng,ENG,3.32,30713,2792
2794,The Four Loves,C.S. Lewis,en-US,EN-US,4.16,29684,2793
2795,Archer's Voice,Mia Sheridan,eng,ENG,4.45,53131,2794
2796,The Lost Wife,Alyson Richman,eng,ENG,4.2,33427,2795
2797,History of Beauty,"Umberto Eco, Girolamo De Michele, Alastair McEwen",eng,ENG,3.77,33893,2796
2798,"I, Claudius (Claudius, #1)",Robert Graves,eng,ENG,4.27,38484,2797
2799,"The Testing (The Testing, #1)",Joelle Charbonneau,eng,ENG,4.05,38142,2798
2800,"Takedown Twenty (Stephanie Plum, #20)",Janet Evanovich,en-US,EN-US,3.75,36002,2799
2801,The Boy Who Sneaks in My Bedroom Window,Kirsty Moseley,en-GB,EN-GB,3.95,50929,2800
2802,"Terrier (Beka Cooper, #1)",Tamora Pierce,eng,ENG,4.16,48028,2801
2803,"First Grave on the Right (Charley Davidson, #1)",Darynda Jones,en-US,EN-US,4.07,50689,2802
2804,A House in the Sky,"Amanda Lindhout, Sara Corbett",eng,ENG,4.2,29369,2803
2805,Anya's Ghost,Vera Brosgol,eng,ENG,3.88,39477,2804
2806,The Rules of Attraction,Bret Easton Ellis,eng,ENG,3.71,29456,2805
2807,"The Good, the Bad, and the Undead (The Hollows, #2)",Kim Harrison,en-US,EN-US,4.26,49321,2806
2808,"The Crystal Shard (Forgotten Realms: Icewind Dale, #1; Legend of Drizzt, #4)",R.A. Salvatore,eng,ENG,4.13,32300,2807
2809,Wide Sargasso Sea,Jean Rhys,eng,ENG,3.56,21053,2808
2810,The Magus,John Fowles,en-US,EN-US,4.04,32914,2809
2811,"King of the Murgos (The Malloreon, #2)",David Eddings,en-GB,EN-GB,4.1,40098,2810
2812,"On the Bright Side, I'm Now the Girlfriend of a Sex God (Confessions of Georgia Nicolson, #2)",Louise Rennison,unknown,UNKNOWN,3.96,39114,2811
2813,"You (You, #1)",Caroline Kepnes,eng,ENG,3.83,36383,2812
2814,"Dreams of Gods & Monsters (Daughter of Smoke & Bone, #3)",Laini Taylor,eng,ENG,4.23,47315,2813
2815,Playing for Pizza,John Grisham,en-US,EN-US,3.41,34577,2814
2816,"Tiger's Curse (The Tiger Saga, #1)",Colleen Houck,eng,ENG,4.07,46077,2815
2817,Chapterhouse: Dune (Dune Chronicles #6),Frank Herbert,eng,ENG,3.89,34822,2816
2818,Brown Girl Dreaming,Jacqueline Woodson,eng,ENG,4.11,33779,2817
2819,"Feed (Newsflesh Trilogy, #1)",Mira Grant,en-US,EN-US,3.86,38956,2818
2820,Icy Sparks,Gwyn Hyman Rubio,eng,ENG,3.68,34128,2819
2821,"Anne's House of Dreams (Anne of Green Gables, #5)",L.M. Montgomery,eng,ENG,4.12,57062,2820
2822,"The Templar Legacy (Cotton Malone, #1)",Steve Berry,en-US,EN-US,3.81,35804,2821
2823,"J is for Judgment (Kinsey Millhone, #10)",Sue Grafton,eng,ENG,4.01,39214,2822
2824,The Physick Book of Deliverance Dane,Katherine Howe,en-US,EN-US,3.7,41284,2823
2825,"Deadhouse Gates (The Malazan Book of the Fallen, #2)",Steven Erikson,eng,ENG,4.25,34042,2824
2826,"Lick (Stage Dive, #1)",Kylie Scott,eng,ENG,4.15,54585,2825
2827,"Not a Penny More, Not a Penny Less",Jeffrey Archer,unknown,UNKNOWN,4.0,28853,2826
2828,Best Served Cold,Joe Abercrombie,eng,ENG,4.16,36268,2827
2829,Elizabeth Is Missing,Emma Healey,eng,ENG,3.7,26931,2828
2830,"Consent to Kill (Mitch Rapp, #8)",Vince Flynn,en-US,EN-US,4.36,30675,2829
2831,The Warmth of Other Suns: The Epic Story of America's Great Migration,Isabel Wilkerson,eng,ENG,4.31,31308,2830
2832,The First Fifteen Lives of Harry August,Claire North,eng,ENG,4.04,22327,2831
2833,"The Prisoner of Heaven (The Cemetery of Forgotten Books, #3)",Carlos Ruiz Zafón,unknown,UNKNOWN,3.96,27987,2832
2834,The Guns of August,"Barbara W. Tuchman, Robert K. Massie",eng,ENG,4.18,35147,2833
2835,"Separation of Power (Mitch Rapp, #5)",Vince Flynn,en-US,EN-US,4.32,30081,2834
2836,"Tomorrow, When the War Began (Tomorrow, #1)",John Marsden,en-US,EN-US,4.05,36501,2835
2837,"The Monuments Men: Allied Heroes, Nazi Thieves, and the Greatest Treasure Hunt in History","Robert M. Edsel, Bret Witter",en-US,EN-US,3.75,30583,2836
2838,Love Letters to the Dead,Ava Dellaira,eng,ENG,3.82,38701,2837
2839,War Brides,Helen Bryan,en-CA,EN-CA,3.75,16565,2838
2840,Homegoing,Yaa Gyasi,eng,ENG,4.41,41524,2839
2841,Packing for Mars: The Curious Science of Life in the Void,Mary Roach,en-US,EN-US,3.93,35724,2840
2842,"Divine Justice (Camel Club, #4)",David Baldacci,en-US,EN-US,4.17,35071,2841
2843,"Kick-Ass (Kick-Ass, #1)","Mark Millar, John Romita Jr., Rob Liefeld",eng,ENG,4.04,30688,2842
2844,Left to Tell: Discovering God Amidst the Rwandan Holocaust,"Immaculée Ilibagiza, Steve Erwin",eng,ENG,4.43,30270,2843
2845,"Plague (Gone, #4)",Michael  Grant,en-US,EN-US,4.18,38819,2844
2846,Hard Times,Charles Dickens,eng,ENG,3.5,34675,2845
2847,La Vérité sur l'affaire Harry Quebert,Joël Dicker,fre,FRE,3.94,14610,2846
2848,A God in Ruins,Kate Atkinson,eng,ENG,3.92,26604,2847
2849,Caught,Harlan Coben,unknown,UNKNOWN,3.98,34168,2848
2850,"Magic Study (Study, #2)",Maria V. Snyder,eng,ENG,4.06,48234,2849
2851,"Chobits, Vol. 1","CLAMP, Shirley Kubo",eng,ENG,4.05,34149,2850
2852,Battle Royale,"Koushun Takami, Yuji Oniki",eng,ENG,4.24,35641,2851
2853,The Girl Who Chased the Moon,Sarah Addison Allen,en-US,EN-US,3.97,41049,2852
2854,A Town Like Alice,Nevil Shute,eng,ENG,4.12,36007,2853
2855,#GIRLBOSS,Sophia Amoruso,eng,ENG,3.71,40090,2854
2856,The Secret Life of CeeCee Wilkes,Diane Chamberlain,eng,ENG,4.09,32490,2855
2857,Crocodile on the Sandbank (Amelia Peabody #1),Elizabeth Peters,en-US,EN-US,4.02,44395,2856
2858,"Bed of Roses (Bride Quartet, #2)",Nora Roberts,eng,ENG,4.11,45089,2857
2859,"Debt of Honor (Jack Ryan Universe, #8)",Tom Clancy,en-US,EN-US,4.03,34952,2858
2860,Till We Have Faces,C.S. Lewis,en-US,EN-US,4.19,36758,2859
2861,"Point Blank (Alex Rider, #2)",Anthony Horowitz,en-US,EN-US,4.1,39296,2860
2862,Strangers,Dean Koontz,unknown,UNKNOWN,3.98,34661,2861
2863,"The Kill Artist (Gabriel Allon, #1)",Daniel Silva,eng,ENG,4.0,31579,2862
2864,"Knuffle Bunny: A Cautionary Tale (Knuffle Bunny, #1)",Mo Willems,eng,ENG,4.26,37886,2863
2865,"The Gashlycrumb Tinies (The Vinegar Works, #1)",Edward Gorey,eng,ENG,4.23,37054,2864
2866,"The Long Earth (The Long Earth, #1)","Terry Pratchett, Stephen Baxter",eng,ENG,3.74,32313,2865
2867,The War of Art: Break Through the Blocks & Win Your Inner Creative Battles,"Steven Pressfield, Robert McKee",en-US,EN-US,4.07,31399,2866
2868,"Existence (Existence Trilogy, #1)",Abbi Glines,eng,ENG,3.95,51368,2867
2869,What We Talk About When We Talk About Love,Raymond Carver,eng,ENG,4.22,29807,2868
2870,That Summer,Sarah Dessen,eng,ENG,3.49,43723,2869
2871,"Theft of Swords (The Riyria Revelations, #1-2)",Michael J. Sullivan,eng,ENG,4.21,33076,2870
2872,"Necessary Lies (Necessary Lies, #1)",Diane Chamberlain,eng,ENG,4.21,32761,2871
2873,Lucifer's Hammer,"Larry Niven, Jerry Pournelle",en-US,EN-US,3.98,33228,2872
2874,Montana Sky,Nora Roberts,eng,ENG,4.07,36576,2873
2875,Of Human Bondage,"W. Somerset Maugham, Benjamin DeMott, Maeve Binchy",eng,ENG,4.11,33028,2874
2876,I Was Here,Gayle Forman,eng,ENG,3.78,38196,2875
2877,"The Complete Tales and Poems of Winnie-the-Pooh (Winnie-the-Pooh, #1-4)","A.A. Milne, Ernest H. Shepard",en-US,EN-US,4.49,37312,2876
2878,"Alone (Detective D.D. Warren, #1)",Lisa Gardner,en-US,EN-US,3.97,36437,2877
2879,Mike Mulligan and His Steam Shovel,Virginia Lee Burton,unknown,UNKNOWN,4.2,42632,2878
2880,"Divergent Series Complete Box Set (Divergent, #1-3)",Veronica Roth,en-US,EN-US,4.32,19325,2879
2881,"Making Money (Discworld, #36; Moist Von Lipwig, #2)",Terry Pratchett,en-US,EN-US,4.23,39419,2880
2882,"Happy Ever After (Bride Quartet, #4)",Nora Roberts,eng,ENG,4.17,40323,2881
2883,Harvesting the Heart,Jodi Picoult,eng,ENG,3.59,35064,2882
2884,"Never Fade (The Darkest Minds, #2)",Alexandra Bracken,eng,ENG,4.33,46332,2883
2885,Dewey: The Small-Town Library Cat Who Touched the World,"Vicki Myron, Bret Witter",eng,ENG,3.85,40356,2884
2886,"The School for Good and Evil (The School for Good and Evil, #1)",Soman Chainani,eng,ENG,4.0,35890,2885
2887,"For a Few Demons More (The Hollows, #5)",Kim Harrison,en-US,EN-US,4.33,44879,2886
2888,"The Secret Place (Dublin Murder Squad, #5)",Tana French,eng,ENG,3.83,30834,2887
2889,"Mistborn Trilogy Boxed Set (Mistborn, #1-3)",Brandon Sanderson,en-US,EN-US,4.55,22917,2888
2890,"The Coffin Dancer (Lincoln Rhyme, #2)",Jeffery Deaver,en-US,EN-US,4.16,34121,2889
2891,"The Emperor's Code (The 39 Clues, #8)",Gordon Korman,eng,ENG,4.04,36068,2890
2892,The Complete Adventures of Curious George,"Margret Rey, H.A. Rey",unknown,UNKNOWN,4.23,39453,2891
2893,"The Drop (Harry Bosch, #17; Harry Bosch Universe, #21)",Michael Connelly,eng,ENG,4.14,32426,2892
2894,"Sailor Moon, #1 (Sailor Moon, #1)",Naoko Takeuchi,eng,ENG,4.29,34951,2893
2895,Think Like a Freak,"Steven D. Levitt, Stephen J. Dubner",eng,ENG,3.82,25990,2894
2896,Drama,"Raina Telgemeier, Gurihiru",eng,ENG,4.14,42759,2895
2897,Assassination Vacation,Sarah Vowell,en-US,EN-US,3.98,32176,2896
2898,Nine Princes in Amber (The Chronicles of Amber #1),Roger Zelazny,en-US,EN-US,4.1,37961,2897
2899,The Museum of Extraordinary Things,Alice Hoffman,eng,ENG,3.73,29805,2898
2900,"Ender in Exile (Ender's Saga, #1.2)",Orson Scott Card,en-US,EN-US,3.89,29389,2899
2901,"Undead and Unwed (Undead, #1)",MaryJanice Davidson,en-US,EN-US,3.81,45634,2900
2902,The Fifth Mountain,Paulo Coelho,eng,ENG,3.61,26060,2901
2903,The Power of Myth,"Joseph Campbell, Bill Moyers",en-GB,EN-GB,4.3,32337,2902
2904,"Lock In (Lock In, #1)",John Scalzi,eng,ENG,3.85,31073,2903
2905,Longbourn,Jo Baker,eng,ENG,3.62,32744,2904
2906,As You Wish: Inconceivable Tales from the Making of The Princess Bride,"Cary Elwes, Joe Layden, Various, Rob Reiner",eng,ENG,4.08,31886,2905
2907,"Good Night, Gorilla",Peggy Rathmann,unknown,UNKNOWN,4.2,37948,2906
2908,The Beginning of Everything,Robyn Schneider,eng,ENG,3.78,35150,2907
2909,"In Too Deep (The 39 Clues, #6)",Jude Watson,eng,ENG,4.02,35694,2908
2910,Catch Me If You Can: The True Story of a Real Fake,"Frank W. Abagnale, Stan Redding",eng,ENG,4.05,32048,2909
2911,"Narcissus in Chains (Anita Blake, Vampire Hunter, #10)",Laurell K. Hamilton,eng,ENG,3.89,46567,2910
2912,The Seat of the Soul,Gary Zukav,en-US,EN-US,3.97,29675,2911
2913,"Claim Me (Stark Trilogy, #2)",J. Kenner,eng,ENG,4.21,42238,2912
2914,Special Topics in Calamity Physics,Marisha Pessl,eng,ENG,3.7,29369,2913
2915,Bird Box,Josh Malerman,eng,ENG,3.98,31735,2914
2916,"Partials (Partials Sequence, #1)",Dan Wells,en-US,EN-US,3.94,42493,2915
2917,The Worst Hard Time: The Untold Story of Those Who Survived the Great American Dust Bowl,Timothy Egan,en-US,EN-US,4.04,32275,2916
2918,What She Left Behind,Ellen Marie Wiseman,eng,ENG,3.86,22933,2917
2919,"Wicked (Pretty Little Liars, #5)",Sara Shepard,eng,ENG,4.04,38461,2918
2920,"Transfer of Power (Mitch Rapp, #3)",Vince Flynn,eng,ENG,4.31,28647,2919
2921,Ariel,Sylvia Plath,eng,ENG,4.23,35566,2920
2922,"Batman, Volume 1: The Court of Owls","Scott Snyder, Greg Capullo, Jonathan Glapion",eng,ENG,4.3,30617,2921
2923,"Practical Demonkeeping (Pine Cove, #1)",Christopher Moore,en-US,EN-US,3.81,33593,2922
2924,"The Last Templar (Templar, #1)",Raymond Khoury,eng,ENG,3.57,33675,2923
2925,Official Book Club Selection: A Memoir According to Kathy Griffin,Kathy Griffin,en-US,EN-US,3.8,31685,2924
2926,The Book of Laughter and Forgetting,"Milan Kundera, Aaron Asher",eng,ENG,4.01,28159,2925
2927,The Horse Whisperer,Nicholas Evans,en-US,EN-US,3.77,38033,2926
2928,Why Men Love Bitches: From Doormat to Dreamgirl—A Woman's Guide to Holding Her Own in a Relationship,Sherry Argov,unknown,UNKNOWN,3.89,26662,2927
2929,"Wanted (Pretty Little Liars, #8)",Sara Shepard,en-US,EN-US,4.15,36207,2928
2930,"The Outlaw Demon Wails (The Hollows, #6)",Kim Harrison,en-US,EN-US,4.38,44119,2929
2931,Flatland: A Romance of Many Dimensions,"Edwin A. Abbott, Banesh Hoffmann",en-US,EN-US,3.81,31377,2930
2932,"The Diviners (The Diviners, #1)",Libba Bray,en-US,EN-US,3.96,44513,2931
2933,The Spectacular Now,Tim Tharp,eng,ENG,3.53,30125,2932
2934,The Art of Loving,"Erich Fromm, Peter D. Kramer, Rainer Funk",eng,ENG,4.01,29048,2933
2935,"Gregor and the Code of Claw (Underland Chronicles, #5)",Suzanne Collins,unknown,UNKNOWN,4.25,33286,2934
2936,"Eric (Discworld, #9; Rincewind #4)",Terry Pratchett,en-US,EN-US,3.72,37938,2935
2937,A Game of You (The Sandman #5),"Neil Gaiman, Shawn McManus, Colleen Doran, Bryan Talbot, George Pratt, Stan Woch, Dick Giordano, Todd Klein",eng,ENG,4.43,37211,2936
2938,The Other Side of the Story,Marian Keyes,unknown,UNKNOWN,3.77,32185,2937
2939,Beach Music,Pat Conroy,eng,ENG,4.13,33220,2938
2940,"An Echo in the Darkness (Mark of the Lion, #2)",Francine Rivers,en-US,EN-US,4.6,32386,2939
2941,"The Kiss of Deception (The Remnant Chronicles, #1)",Mary E. Pearson,eng,ENG,4.06,46096,2940
2942,"Tai-Pan (Asian Saga, #2)",James Clavell,eng,ENG,4.25,34158,2941
2943,The Weird Sisters,Eleanor Brown,en-US,EN-US,3.36,35752,2942
2944,"The Truth (Discworld, #25; Industrial Revolution, #2)",Terry Pratchett,eng,ENG,4.25,37045,2943
2945,The Leftovers,Tom Perrotta,en-US,EN-US,3.38,31583,2944
2946,Flow: The Psychology of Optimal Experience,Mihaly Csikszentmihalyi,eng,ENG,4.1,28619,2945
2947,"Dragons of Winter Night (Dragonlance: Chronicles, #2)","Margaret Weis, Tracy Hickman",eng,ENG,4.13,31341,2946
2948,Unbearable Lightness: A Story of Loss and Gain,Portia de Rossi,unknown,UNKNOWN,3.83,30676,2947
2949,"Mine Till Midnight (The Hathaways, #1)",Lisa Kleypas,eng,ENG,4.08,44104,2948
2950,All the President's Men,"Carl Bernstein, Bob Woodward",eng,ENG,4.17,30919,2949
2951,Wolfsbane (Nightshade #2; Nightshade World #5),Andrea Cremer,eng,ENG,4.12,41067,2950
2952,The Mill on the Floss,"George Eliot, A.S. Byatt",eng,ENG,3.77,36017,2951
2953,Super Sad True Love Story,Gary Shteyngart,eng,ENG,3.44,29946,2952
2954,"The Blue Sword (Damar, #1)",Robin McKinley,unknown,UNKNOWN,4.24,44806,2953
2955,"Lover at Last (Black Dagger Brotherhood, #11)",J.R. Ward,eng,ENG,4.3,45447,2954
2956,Vampire Academy: The Ultimate Guide (Vampire Academy),"Michelle Rowen, Richelle Mead",eng,ENG,4.45,32818,2955
2957,Surprised by Joy: The Shape of My Early Life,C.S. Lewis,eng,ENG,4.14,33698,2956
2958,"Gödel, Escher, Bach: An Eternal Golden Braid",Douglas R. Hofstadter,eng,ENG,4.3,31616,2957
2959,"Trickster's Queen (Daughter of the Lioness, #2)",Tamora Pierce,eng,ENG,4.28,45843,2958
2960,"The Poetry of Robert Frost (Collected Poems, Complete & Unabridged)","Robert Frost, Edward Connery Lathem",eng,ENG,4.23,33525,2959
2961,"Freak the Mighty (Freak The Mighty, #1)",Rodman Philbrick,eng,ENG,3.98,34587,2960
2962,"This Is What Happy Looks Like (This is What Happy Looks Like, #1)",Jennifer E. Smith,eng,ENG,3.69,40369,2961
2963,What's So Amazing About Grace?,Philip Yancey,en-US,EN-US,4.21,28501,2962
2964,"Kill Shot (Mitch Rapp, #2)",Vince Flynn,eng,ENG,4.3,28845,2963
2965,"The Plains of Passage (Earth's Children, #4)",Jean M. Auel,en-US,EN-US,3.77,36663,2964
2966,"Hard Luck (Diary of a Wimpy Kid, #8)",Jeff Kinney,eng,ENG,4.28,32069,2965
2967,The Bookseller of Kabul,"Åsne Seierstad, Ingrid Christopherson",en-US,EN-US,3.76,30531,2966
2968,"The Merchant of Death (Pendragon, #1)",D.J. MacHale,eng,ENG,3.93,38633,2967
2969,The City & the City,China Miéville,eng,ENG,3.91,29577,2968
2970,"Fatal Voyage (Temperance Brennan, #4)",Kathy Reichs,unknown,UNKNOWN,4.04,35970,2969
2971,"Magic Strikes (Kate Daniels, #3)",Ilona Andrews,eng,ENG,4.44,51165,2970
2972,"My Favorite Mistake (My Favorite Mistake, #1)",Chelsea M. Cameron,en-US,EN-US,4.01,30177,2971
2973,Airport,Arthur Hailey,eng,ENG,3.92,30040,2972
2974,"Angel (Maximum Ride, #7)",James Patterson,en-US,EN-US,4.02,39938,2973
2975,Kurt Vonnegut's Cat's Cradle (Modern Critical Interpretations),"Harold Bloom, Terry Southern, David H. Goldsmith, James Lundquist, Lawrence R. Broer, Peter J. Reed, Loree Rackstraw, William S. Doxey, Jerome Klinkowitz, Richard Giannone, John L. Simons, Leonard Mustazza, Zoltan Ab di-Nagy, Peter Freese, Wendy B. Faris",eng,ENG,4.35,27519,2974
2976,"Ramona the Brave (Ramona, #3)","Beverly Cleary, Alan Tiegreen",eng,ENG,4.09,42479,2975
2977,The Last Command,Timothy Zahn,eng,ENG,4.2,33145,2976
2978,The Emperor's Soul,Brandon Sanderson,eng,ENG,4.33,33634,2977
2979,Just After Sunset,Stephen King,eng,ENG,3.85,34722,2978
2980,Sold,Patricia McCormick,eng,ENG,4.19,36389,2979
2981,"Double Cross (Alex Cross, #13)",James Patterson,eng,ENG,3.99,34189,2980
2982,Eugene Onegin,"Alexander Pushkin, James E. Falen",eng,ENG,4.08,33240,2981
2983,"These Broken Stars (Starbound, #1)","Amie Kaufman, Meagan Spooner",eng,ENG,3.93,44488,2982
2984,"Eon: Dragoneye Reborn (Eon, #1)",Alison Goodman,en-US,EN-US,3.98,42802,2983
2985,The View from Saturday,E.L. Konigsburg,unknown,UNKNOWN,3.74,36803,2984
2986,"Hidden (House of Night, #10)","P.C. Cast, Kristin Cast",en-US,EN-US,3.98,38594,2985
2987,"Spell Bound (Hex Hall, #3)",Rachel Hawkins,eng,ENG,4.09,48116,2986
2988,"The Secret of the Old Clock (Nancy Drew, #1)","Carolyn Keene, Russell H. Tandy, Sara Paretsky",eng,ENG,3.98,44256,2987
2989,"Plum Island (John Corey, #1)",Nelson DeMille,eng,ENG,4.03,30595,2988
2990,"The Story of Doctor Dolittle (Doctor Dolittle, #1)","Hugh Lofting, Michael Hague",unknown,UNKNOWN,3.98,36867,2989
2991,Second Glance,Jodi Picoult,en-US,EN-US,3.79,33486,2990
2992,"Frog and Toad Together (Frog and Toad, #2)",Arnold Lobel,eng,ENG,4.21,34172,2991
2993,The Lottery,Shirley Jackson,eng,ENG,4.09,38448,2992
2994,"Big Stone Gap (Big Stone Gap, #1)",Adriana Trigiani,eng,ENG,3.86,34200,2993
2995,"The Alexandria Link (Cotton Malone, #2)",Steve Berry,eng,ENG,3.92,31070,2994
2996,"The Gathering (Darkness Rising, #1)",Kelley Armstrong,en-US,EN-US,4.03,48722,2995
2997,"The Fiery Heart (Bloodlines, #4)",Richelle Mead,eng,ENG,4.39,49513,2996
2998,"Magic Bleeds (Kate Daniels, #4)",Ilona Andrews,eng,ENG,4.46,50637,2997
2999,The Japanese Lover,"Isabel Allende, Nick Caistor, Amanda Hopkinson",eng,ENG,3.8,23737,2998
3000,"Jingo (Discworld, #21; City Watch, #4)",Terry Pratchett,eng,ENG,4.11,35961,2999
3001,"Kiss of Midnight (Midnight Breed,  #1)",Lara Adrian,eng,ENG,3.93,48695,3000
3002,Sons and Lovers,"D.H. Lawrence, Geoff Dyer",en-US,EN-US,3.61,33792,3001
3003,A Woman of Substance (Emma Harte Saga #1),Barbara Taylor Bradford,eng,ENG,4.16,31309,3002
3004,"Crash (Crash, #1)",Nicole  Williams,eng,ENG,4.02,49133,3003
3005,"The Hit (Will Robie, #2)",David Baldacci,eng,ENG,4.05,25123,3004
3006,"Count Zero (Sprawl, #2)",William Gibson,en-US,EN-US,4.0,32238,3005
3007,Peony in Love,Lisa See,eng,ENG,3.59,34044,3006
3008,Twenty Boy Summer,Sarah Ockler,en-US,EN-US,3.89,35435,3007
3009,Rich Dad's Cashflow Quadrant: Rich Dad's Guide to Financial Freedom,"Robert T. Kiyosaki, Sharon L. Lechter",vie,VIE,4.05,24907,3008
3010,"The Ice Princess (Patrik Hedström, #1)","Camilla Läckberg, Steven T. Murray",eng,ENG,3.69,29913,3009
3011,Bookends,Jane Green,eng,ENG,3.7,32755,3010
3012,Maude,Donna Mabry,unknown,UNKNOWN,4.05,28316,3011
3013,The Last Colony (Old Man's War #3),John Scalzi,en-US,EN-US,4.03,29154,3012
3014,If You Take a Mouse to School,"Laura Joffe Numeroff, Felicia Bond",en-US,EN-US,4.26,32340,3013
3015,"Finding Cinderella (Hopeless, #2.5)",Colleen Hoover,eng,ENG,4.3,42821,3014
3016,Last Chance Saloon,Marian Keyes,en-US,EN-US,3.78,32255,3015
3017,"Beauty from Pain (Beauty, #1)",Georgia Cates,eng,ENG,4.25,46668,3016
3018,Where Are the Children?,Mary Higgins Clark,unknown,UNKNOWN,4.0,34816,3017
3019,"The Hero and the Crown (Damar, #2)",Robin McKinley,eng,ENG,4.21,41796,3018
3020,The Metamorphosis and Other Stories,"Franz Kafka, Jason Baker, Donna Freed",eng,ENG,4.01,29817,3019
3021,The Space Between Us,Thrity Umrigar,en-US,EN-US,3.98,30326,3020
3022,Sir Gawain and the Green Knight ,"Unknown, Burton Raffel, Neil D. Isaacs",unknown,UNKNOWN,3.68,36477,3021
3023,"Three Men in a Boat (Three Men, #1)",Jerome K. Jerome,eng,ENG,3.9,30250,3022
3024,Desert Solitaire,Edward Abbey,en-US,EN-US,4.22,27723,3023
3025,"Plum Lovin' (Stephanie Plum, #12.5)",Janet Evanovich,en-US,EN-US,3.7,43643,3024
3026,Strengths Finder 2.0,Tom Rath,en-US,EN-US,3.92,30199,3025
3027,Another Roadside Attraction,Tom Robbins,en-US,EN-US,3.97,25777,3026
3028,Sarum: The Novel of England,Edward Rutherfurd,eng,ENG,4.07,28292,3027
3029,Rage of Angels,Sidney Sheldon,eng,ENG,3.91,27196,3028
3030,"Vampire Academy Box Set (Vampire Academy, #1-4)",Richelle Mead,en-US,EN-US,4.57,33015,3029
3031,"Everlasting (The Immortals, #6)",Alyson Noel,eng,ENG,3.92,38185,3030
3032,"A Shade of Vampire (A Shade of Vampire, #1)",Bella Forrest,eng,ENG,3.83,25526,3031
3033,The Right Stuff,Tom Wolfe,eng,ENG,4.23,30701,3032
3034,Cocktails for Three,Madeleine Wickham,en-US,EN-US,3.38,30415,3033
3035,"Vanish (Rizzoli & Isles, #5)",Tess Gerritsen,en-US,EN-US,4.13,37045,3034
3036,"Fluke: Or, I Know Why the Winged Whale Sings",Christopher Moore,eng,ENG,3.73,32675,3035
3037,The Tell-Tale Heart,"Edgar Allan Poe, Byron Glaser, Bill D. Fountain",eng,ENG,4.22,33704,3036
3038,Girl in Translation,Jean Kwok,eng,ENG,3.96,34823,3037
3039,"Panic (Panic, #1)",Lauren Oliver,eng,ENG,3.56,39875,3038
3040,"Because of Low (Sea Breeze, #2)",Abbi Glines,eng,ENG,4.14,48344,3039
3041,Leonardo's Notebooks,"Leonardo da Vinci, H. Anna Suh",unknown,UNKNOWN,3.97,26626,3040
3042,Between Sisters,Kristin Hannah,eng,ENG,4.0,28020,3041
3043,"Wayward (Wayward Pines, #2)",Blake Crouch,eng,ENG,4.12,19208,3042
3044,"Queste (Septimus Heap, #4)","Angie Sage, Mark Zug",unknown,UNKNOWN,4.04,40562,3043
3045,Finding Audrey,Sophie Kinsella,eng,ENG,3.82,38226,3044
3046,"The Moosewood Cookbook: Recipes from Moosewood Restaurant, Ithaca, New York",Mollie Katzen,eng,ENG,3.95,34502,3045
3047,Fox in Socks,Dr. Seuss,eng,ENG,4.04,40369,3046
3048,My Name is Red,"Orhan Pamuk, Erdağ M. Göknar",eng,ENG,3.83,27314,3047
3049,The Teachings of Don Juan: A Yaqui Way of Knowledge ,Carlos Castaneda,en-US,EN-US,3.94,27784,3048
3050,"The Sixth Man (Sean King & Michelle Maxwell, #5)",David Baldacci,en-US,EN-US,4.13,29257,3049
3051,Stone Soup,Marcia Brown,unknown,UNKNOWN,4.23,37313,3050
3052,"The Warrior Heir (The Heir Chronicles, #1)",Cinda Williams Chima,en-US,EN-US,3.95,40346,3051
3053,"Top Secret Twenty-One (Stephanie Plum, #21)",Janet Evanovich,eng,ENG,3.79,31294,3052
3054,Harry Potter and the Chamber of Secrets: Sheet Music for Flute with C.D,John   Williams,unknown,UNKNOWN,4.61,29409,3053
3055,Death: The High Cost of Living Collected,"Neil Gaiman, Chris Bachalo, Mark Buckingham, Tori Amos",eng,ENG,4.21,34252,3054
3056,Christy,Catherine Marshall,unknown,UNKNOWN,4.2,37963,3055
3057,"Destroy Me (Shatter Me, #1.5)",Tahereh Mafi,eng,ENG,4.27,46793,3056
3058,"Gone (Quincy & Rainie, #5)",Lisa Gardner,eng,ENG,4.18,32568,3057
3059,Mindset: The New Psychology of Success,Carol S. Dweck,en-US,EN-US,4.04,31174,3058
3060,Beyond the Grave (The 39 Clues #4),Jude Watson,eng,ENG,3.92,37475,3059
3061,The Problem of Pain,C.S. Lewis,eng,ENG,4.12,29179,3060
3062,"Nudge: Improving Decisions About Health, Wealth, and Happiness","Richard H. Thaler, Cass R. Sunstein",eng,ENG,3.8,29552,3061
3063,"The Dark Is Rising (The Dark is Rising, #2)",Susan Cooper,eng,ENG,4.07,39881,3062
3064,Purity,Jonathan Franzen,eng,ENG,3.59,24811,3063
3065,The Door to December,"Richard Paige, Dean Koontz",en-US,EN-US,3.94,30599,3064
3066,"Four Blind Mice (Alex Cross, #8)",James Patterson,en-US,EN-US,3.98,33668,3065
3067,True Colors,Kristin Hannah,unknown,UNKNOWN,3.89,31276,3066
3068,"Slapstick, or Lonesome No More!",Kurt Vonnegut Jr.,eng,ENG,3.87,27371,3067
3069,Fooled by Randomness: The Hidden Role of Chance in Life and in the Markets,Nassim Nicholas Taleb,eng,ENG,4.05,28674,3068
3070,"Labyrinth (Languedoc, #1)",Kate Mosse,eng,ENG,3.55,36237,3069
3071,Founding Brothers: The Revolutionary Generation,Joseph J. Ellis,en-GB,EN-GB,3.92,31610,3070
3072,Forward the Foundation (Foundation: Prequel #2),Isaac Asimov,eng,ENG,4.13,31686,3071
3073,"Saphirblau (Edelstein-Trilogie, #2)",Kerstin Gier,ger,GER,4.19,25767,3072
3074,"Going Clear: Scientology, Hollywood, and the Prison of Belief",Lawrence Wright,eng,ENG,4.02,26117,3073
3075,"Twilight: The Graphic Novel, Vol. 1 (Twilight: The Graphic Novel, #1)","Young Kim, Stephenie Meyer",en-US,EN-US,3.74,37292,3074
3076,The French Lieutenant's Woman,John Fowles,eng,ENG,3.85,34897,3075
3077,The Rime of the Ancient Mariner,"Samuel Taylor Coleridge, Gustave Doré",eng,ENG,3.93,37299,3076
3078,The Paper Bag Princess,"Robert Munsch, Michael Martchenko",en-GB,EN-GB,4.32,38040,3077
3079,Tortilla Flat,John Steinbeck,eng,ENG,3.82,30048,3078
3080,"King Solomon's Mines (Allan Quatermain, #1)",H. Rider Haggard,eng,ENG,3.8,31191,3079
3081,"Love Unrehearsed (Love, #2)",Tina Reber,eng,ENG,4.26,42280,3080
3082,Brief Lives (The Sandman #7),"Neil Gaiman, Jill Thompson, Vince Locke, Peter Straub",eng,ENG,4.55,36487,3081
3083,"Nightfall (The Vampire Diaries: The Return, #1)",L.J. Smith,en-US,EN-US,3.57,40213,3082
3084,"The People of Sparks (Book of Ember, #2)",Jeanne DuPrau,eng,ENG,3.65,40859,3083
3085,Narcissus and Goldmund,"Hermann Hesse, Ursule Molinaro",eng,ENG,4.19,25544,3084
3086,Fables and Reflections (The Sandman #6),"Neil Gaiman, Bryan Talbot, Stan Woch, P. Craig Russell, Shawn McManus, John Watkiss, Jill Thompson, Duncan Eagleson, Kent Williams, Todd Klein",eng,ENG,4.45,35930,3085
3087,"The Bone Season (The Bone Season, #1)",Samantha Shannon,eng,ENG,3.75,27652,3086
3088,Little Dorrit,"Charles Dickens, Helen Small, Stephen Wall",eng,ENG,3.97,33997,3087
3089,"Eagle Strike (Alex Rider, #4)",Anthony Horowitz,unknown,UNKNOWN,4.11,37051,3088
3090,Valley of the Dolls,Jacqueline Susann,en-US,EN-US,3.7,25210,3089
3091,The Source,James A. Michener,eng,ENG,4.3,31499,3090
3092,You Shall Know Our Velocity!,Dave Eggers,eng,ENG,3.62,23985,3091
3093,ثلاثية غرناطة,"Radwa Ashour, رضوى عاشور",ara,ARA,4.29,27568,3092
3094,We're Going on a Bear Hunt,"Michael Rosen, Helen Oxenbury",eng,ENG,4.27,32869,3093
3095,"Vampire Academy Collection (Vampire Academy, #1-3)",Richelle Mead,unknown,UNKNOWN,4.61,30166,3094
3096,"Guardians of the West (The Malloreon, #1)",David Eddings,en-US,EN-US,4.09,37943,3095
3097,The Search,Nora Roberts,eng,ENG,4.11,34973,3096
3098,"Honeymoon (Honeymoon, #1)","James Patterson, Howard Roughan",eng,ENG,3.81,30756,3097
3099,Pandora's Star,Peter F. Hamilton,eng,ENG,4.24,28386,3098
3100,How to Eat Fried Worms,Thomas Rockwell,eng,ENG,3.75,37888,3099
3101,The Raven and other poems,"Edgar Allan Poe, Philip Pullman",en-US,EN-US,4.3,34428,3100
3102,The Weight of Silence,Heather Gudenkauf,eng,ENG,3.93,33235,3101
3103,Trigger Warning: Short Fictions and Disturbances,Neil Gaiman,eng,ENG,3.92,29215,3102
3104,Lincoln,David Herbert Donald,eng,ENG,4.17,25995,3103
3105,"Magic Burns (Kate Daniels, #2)",Ilona Andrews,en-US,EN-US,4.33,50899,3104
3106,The Quiet American,"Graham Greene, Robert  Stone",eng,ENG,3.96,30395,3105
3107,"The Proposition (The Proposition, #1)",Katie Ashley,eng,ENG,4.05,43605,3106
3108,"Cause of Death (Kay Scarpetta, #7)",Patricia Cornwell,en-US,EN-US,3.93,35742,3107
3109,Master and Commander,Patrick O'Brian,eng,ENG,4.1,31215,3108
3110,"Dragon Ball, Vol. 1: The Monkey King (Dragon Ball, #1)",Akira Toriyama,eng,ENG,4.42,27382,3109
3111,Revelation Space,Alastair Reynolds,eng,ENG,3.97,30332,3110
3112,"Private (Private, #1)","James Patterson, Maxine Paetro",eng,ENG,3.88,31061,3111
3113,"Wicked Appetite (Lizzy & Diesel, #1)",Janet Evanovich,en-US,EN-US,3.77,38918,3112
3114,"Tales from a Not-So-Fabulous Life (Dork Diaries, #1)",Rachel Renée Russell,eng,ENG,4.16,31712,3113
3115,A Hunger Like No Other (Immortals After Dark #2),Kresley Cole,eng,ENG,4.21,49298,3114
3116,"A Million Suns (Across the Universe, #2)",Beth Revis,eng,ENG,4.04,42620,3115
3117,"The High Lord (Black Magician Trilogy, #3)",Trudi Canavan,eng,ENG,4.15,33784,3116
3118,The Valley of Amazement,Amy Tan,eng,ENG,3.6,27628,3117
3119,Three Weeks With My Brother,"Nicholas Sparks, Micah Sparks",eng,ENG,4.01,32208,3118
3120,The High King (The Chronicles of Prydain #5),Lloyd Alexander,eng,ENG,4.26,41448,3119
3121,"Die for Me (Revenants, #1)",Amy Plum,eng,ENG,4.0,45756,3120
3122,Gift from the Sea,Anne Morrow Lindbergh,unknown,UNKNOWN,4.18,30741,3121
3123,Confessions of an Economic Hit Man,John Perkins,en-US,EN-US,3.83,19726,3122
3124,Ficciones,"Jorge Luis Borges, Anthony Kerrigan, Anthony Bonner",en-US,EN-US,4.47,28657,3123
3125,"Winter Prey (Lucas Davenport, #5)",John Sandford,eng,ENG,4.24,31336,3124
3126,The Complete Short Stories,Ernest Hemingway,en-US,EN-US,4.28,28129,3125
3127,"Dandelion Wine (Green Town, #1)",Ray Bradbury,eng,ENG,4.08,32867,3126
3128,The Mummy (Ramses the Damned #1),Anne Rice,eng,ENG,3.81,34795,3127
3129,Switch: How to Change Things When Change Is Hard,"Chip Heath, Dan Heath",eng,ENG,4.02,26820,3128
3130,Trail of Broken Wings,Sejal Badani,eng,ENG,3.94,25413,3129
3131,The Collector,John Fowles,eng,ENG,3.99,32129,3130
3132,Fairest,Gail Carson Levine,eng,ENG,3.86,50719,3131
3133,Timequake,Kurt Vonnegut Jr.,eng,ENG,3.71,23562,3132
3134,The Orchardist,Amanda Coplin,unknown,UNKNOWN,3.75,30121,3133
3135,"One Summer: America, 1927",Bill Bryson,eng,ENG,4.06,27237,3134
3136,Evening Class,Maeve Binchy,en-GB,EN-GB,3.98,32639,3135
3137,"The Talismans of Shannara (Heritage of Shannara, #4)",Terry Brooks,eng,ENG,4.01,32139,3136
3138,"Anne of Windy Poplars (Anne of Green Gables, #4)",L.M. Montgomery,unknown,UNKNOWN,4.04,47657,3137
3139,A Hero of Our Time,"Mikhail Lermontov, Paul Foote",eng,ENG,4.11,29747,3138
3140,The Atonement Child,Francine Rivers,en-US,EN-US,4.26,29250,3139
3141,Amsterdam,Ian McEwan,unknown,UNKNOWN,3.41,30469,3140
3142,Theodore Rex,Edmund Morris,eng,ENG,4.16,29474,3141
3143,The Far Pavilions,M.M. Kaye,en-US,EN-US,4.2,33348,3142
3144,"Nothing to Lose (Jack Reacher, #12)",Lee Child,en-US,EN-US,3.9,31780,3143
3145,"Falling into You (Falling, #1)",Jasinda Wilder,eng,ENG,4.04,43246,3144
3146,Adultery,Paulo Coelho,eng,ENG,3.01,24797,3145
3147,"The Rithmatist (The Rithmatist, #1)",Brandon Sanderson,eng,ENG,4.25,15977,3146
3148,The Christmas Shoes (Christmas Hope #1),Donna VanLiere,en-US,EN-US,4.22,29216,3147
3149,Skinny Bitch,"Rory Freedman, Kim Barnouin",en-US,EN-US,3.34,26665,3148
3150,"Mystery Man (Dream Man, #1)",Kristen Ashley,eng,ENG,4.25,53263,3149
3151,Curious George Goes to the Hospital,"Margret Rey, H.A. Rey",eng,ENG,4.22,32218,3150
3152,The Snowball: Warren Buffett and the Business of Life,Alice Schroeder,eng,ENG,4.05,27007,3151
3153,"The Bride (Lairds' Fiancées, #1)",Julie Garwood,eng,ENG,4.26,39925,3152
3154,"Erak's Ransom (Ranger's Apprentice, #7)",John Flanagan,eng,ENG,4.31,34286,3153
3155,Missing You,Harlan Coben,eng,ENG,3.95,24925,3154
3156,Snow,"Orhan Pamuk, Maureen Freely",eng,ENG,3.55,27132,3155
3157,"Halt's Peril (Ranger's Apprentice, #9)",John Flanagan,eng,ENG,4.38,33782,3156
3158,"The Apprentice (Rizzoli & Isles, #2)",Tess Gerritsen,eng,ENG,4.14,32519,3157
3159,Betty Crocker's Cookbook,Betty Crocker,eng,ENG,4.25,27892,3158
3160,Elsewhere,Gabrielle Zevin,en-US,EN-US,3.91,40906,3159
3161,Stay Close,Harlan Coben,eng,ENG,3.87,29812,3160
3162,The Quickie,"James Patterson, Michael Ledwidge",eng,ENG,3.82,30608,3161
3163,"Step on a Crack (Michael Bennett, #1)","James Patterson, Michael Ledwidge",en-US,EN-US,4.0,31435,3162
3164,Counting by 7s,Holly Goldberg Sloan,eng,ENG,4.16,33097,3163
3165,"Hourglass (Evernight, #3)",Claudia Gray,eng,ENG,3.8,38662,3164
3166,"A Kiss of Shadows (Merry Gentry, #1)",Laurell K. Hamilton,eng,ENG,4.01,42358,3165
3167,"Executive Power (Mitch Rapp, #6)",Vince Flynn,en-US,EN-US,4.33,28205,3166
3168,"Savor the Moment (Bride Quartet, #3)","Nora Roberts, Angela Dawe",eng,ENG,4.13,37877,3167
3169,The Most Dangerous Game,Richard Connell,unknown,UNKNOWN,3.91,31944,3168
3170,Little Brother,Cory Doctorow,en-US,EN-US,3.94,36779,3169
3171,"Dearly Devoted Dexter (Dexter, #2)",Jeff Lindsay,eng,ENG,3.84,31937,3170
3172,The Essential Rumi,"Jalaluddin Rumi, Coleman Barks",unknown,UNKNOWN,4.44,26575,3171
3173,Inside the O'Briens,Lisa Genova,eng,ENG,3.98,27221,3172
3174,"Memories of Ice (The Malazan Book of the Fallen, #3)",Steven Erikson,eng,ENG,4.39,29796,3173
3175,"Odd Hours (Odd Thomas, #4)",Dean Koontz,eng,ENG,3.92,32880,3174
3176,"The Dead Girls' Dance (The Morganville Vampires, #2)",Rachel Caine,eng,ENG,4.06,46247,3175
3177,"The Realms of the Gods (Immortals, #4)",Tamora Pierce,en-US,EN-US,4.32,41233,3176
3178,"One Second After (After, #1)",William R. Forstchen,eng,ENG,3.92,26331,3177
3179,"Gregor and the Curse of the Warmbloods (Underland Chronicles, #3)",Suzanne Collins,eng,ENG,4.2,31854,3178
3180,The Lover's Dictionary,David Levithan,en-US,EN-US,3.89,34771,3179
3181,Art Through the Ages ,"Helen Gardner, Fred S. Kleiner, Christin J. Mamiya",eng,ENG,3.84,23738,3180
3182,"The Wishsong of Shannara (The Original Shannara Trilogy, #3)",Terry Brooks,eng,ENG,3.97,36303,3181
3183,The Darkest Kiss (Lords of the Underworld #2),Gena Showalter,eng,ENG,4.26,43594,3182
3184,The Sugar Queen,Sarah Addison Allen,en-US,EN-US,3.98,37734,3183
3185,"Pure (Covenant, #2)",Jennifer L. Armentrout,eng,ENG,4.34,44665,3184
3186,Purple Hibiscus,Chimamanda Ngozi Adichie,unknown,UNKNOWN,4.11,29416,3185
3187,No One Belongs Here More Than You,Miranda July,unknown,UNKNOWN,3.81,24717,3186
3188,"Hammered (The Iron Druid Chronicles, #3)",Kevin Hearne,eng,ENG,4.22,33950,3187
3189,No Rest for the Wicked (Immortals After Dark #3),Kresley Cole,en-CA,EN-CA,4.3,42026,3188
3190,"Extreme Measures (Mitch Rapp, #11)",Vince Flynn,eng,ENG,4.32,32211,3189
3191,"Saga, Vol. 4 (Saga, #4)","Brian K. Vaughan, Fiona Staples",eng,ENG,4.47,38069,3190
3192,"A Beautiful Wedding (Beautiful, #2.5)",Jamie McGuire,eng,ENG,4.08,41359,3191
3193,Bad Monkey,Carl Hiaasen,eng,ENG,3.66,27437,3192
3194,Sisterland,Curtis Sittenfeld,en-US,EN-US,3.35,29553,3193
3195,"Juliet, Naked",Nick Hornby,en-US,EN-US,3.48,30200,3194
3196,Chicken Soup for the Soul,"Jack Canfield, Mark Victor Hansen",eng,ENG,3.94,28664,3195
3197,"Tears of the Giraffe (No. 1 Ladies' Detective Agency, #2)",Alexander McCall Smith,en-GB,EN-GB,3.95,35205,3196
3198,"The Concrete Blonde (Harry Bosch, #3; Harry Bosch Universe, #3)",Michael Connelly,eng,ENG,4.12,30286,3197
3199,"Seduced in the Dark (The Dark Duet, #2)",C.J. Roberts,en-GB,EN-GB,4.32,45712,3198
3200,Carpe Jugulum (Discworld #23; Witches #6),Terry Pratchett,eng,ENG,4.12,35605,3199
3201,The Warlord Wants Forever (Immortals After Dark #1),Kresley Cole,eng,ENG,4.09,42767,3200
3202,Bluebeard,Kurt Vonnegut Jr.,en-US,EN-US,4.02,27011,3201
3203,Good Faeries/Bad Faeries,"Brian Froud, Terry Windling",en-US,EN-US,3.88,35068,3202
3204,The Island,Elin Hilderbrand,unknown,UNKNOWN,3.88,29029,3203
3205,Cycle of the Werewolf,"Stephen King, Bernie Wrightson",eng,ENG,3.62,30993,3204
3206,The Devil's Arithmetic,Jane Yolen,eng,ENG,4.04,39419,3205
3207,The World Without Us,Alan Weisman,eng,ENG,3.79,28549,3206
3208,"Isaac's Storm: A Man, a Time, and the Deadliest Hurricane in History",Erik Larson,en-US,EN-US,4.05,29695,3207
3209,The Rumor,Elin Hilderbrand,eng,ENG,3.69,22876,3208
3210,Orlando,Virginia Woolf,en-GB,EN-GB,3.86,32846,3209
3211,Thanks for the Memories,Cecelia Ahern,eng,ENG,3.69,31617,3210
3212,Agnes Grey,"Anne Brontë, Angeline Goreau",unknown,UNKNOWN,3.65,33926,3211
3213,Angels Fall,Nora Roberts,en-US,EN-US,3.98,34484,3212
3214,"Pursuit of Honor (Mitch Rapp, #12)",Vince Flynn,en-US,EN-US,4.35,27137,3213
3215,Acheron (Dark-Hunter #14),Sherrilyn Kenyon,en-US,EN-US,4.59,44623,3214
3216,South of Broad,Pat Conroy,eng,ENG,3.78,31640,3215
3217,The Birth House,Ami McKay,unknown,UNKNOWN,3.99,29721,3216
3218,"Fade (Wake, #2)",Lisa McMann,eng,ENG,3.95,42540,3217
3219,The Little Friend,Donna Tartt,eng,ENG,3.43,28978,3218
3220,"Percy Jackson and the Olympians (Percy Jackson and the Olympians, #1-3)",Rick Riordan,eng,ENG,4.58,32496,3219
3221,"Savvy (Savvy, #1)",Ingrid Law,en-US,EN-US,3.96,37593,3220
3222,The Book of Basketball: The NBA According to The Sports Guy,Bill Simmons,en-US,EN-US,4.16,24245,3221
3223,"London Bridges (Alex Cross, #10)",James Patterson,en-US,EN-US,3.92,32455,3222
3224,لا تحزن,عائض القرني,ara,ARA,4.15,18825,3223
3225,Wings of Fire: An Autobiography,"A.P.J. Abdul Kalam, Arun Tiwari",en-US,EN-US,4.19,24450,3224
3226,"The Ripper (The Vampire Diaries: Stefan's Diaries, #4)","L.J. Smith, Kevin Williamson, Julie Plec",unknown,UNKNOWN,4.22,27432,3225
3227,The Signal and the Noise: Why So Many Predictions Fail - But Some Don't,Nate Silver,eng,ENG,3.96,26888,3226
3228,Salt to the Sea,Ruta Sepetys,eng,ENG,4.36,39406,3227
3229,"The Body in the Library (Miss Marple, #3)",Agatha Christie,eng,ENG,3.85,36188,3228
3230,The Lord of the Rings: The Art of The Fellowship of the Ring,Gary Russell,en-US,EN-US,4.59,24340,3229
3231,"Backstage Pass (Sinners on Tour, #1)",Olivia Cunning,eng,ENG,4.05,50044,3230
3232,The Story About Ping,"Marjorie Flack, Kurt Wiese",en-US,EN-US,4.15,36193,3231
3233,"Tales from a Not-So-Popular Party Girl (Dork Diaries, #2)",Rachel Renée Russell,unknown,UNKNOWN,4.28,26210,3232
3234,"Farmer Boy (Little House, #3)","Laura Ingalls Wilder, Garth Williams",unknown,UNKNOWN,4.05,39863,3233
3235,Start with Why: How Great Leaders Inspire Everyone to Take Action,Simon Sinek,unknown,UNKNOWN,4.07,32899,3234
3236,The All-Girl Filling Station's Last Reunion,Fannie Flagg,eng,ENG,3.97,26878,3235
3237,Bastard Out of Carolina,Dorothy Allison,eng,ENG,4.09,27358,3236
3238,Beauty Queens,Libba Bray,eng,ENG,3.6,39455,3237
3239,"Daemon (Daemon, #1)",Daniel Suarez,en-US,EN-US,4.17,18104,3238
3240,The Burden of Proof,Scott Turow,eng,ENG,4.05,29103,3239
3241,"Crooked Kingdom (Six of Crows, #2)",Leigh Bardugo,eng,ENG,4.62,44289,3240
3242,"Born Free: A Lioness of Two Worlds (Story of Elsa, #1)",Joy Adamson,unknown,UNKNOWN,4.17,28820,3241
3243,The Stars My Destination,"Alfred Bester, Neil Gaiman",en-US,EN-US,4.13,29055,3242
3244,"Trickster's Choice (Daughter of the Lioness, #1)",Tamora Pierce,eng,ENG,4.27,42252,3243
3245,"Cruel Beauty (Cruel Beauty Universe, #1)",Rosamund Hodge,eng,ENG,3.74,45721,3244
3246,"The Rise of Endymion (Hyperion Cantos, #4)",Dan Simmons,eng,ENG,4.16,30135,3245
3247,"Endymion (Hyperion Cantos, #3)",Dan Simmons,eng,ENG,4.14,30664,3246
3248,The Arrival,Shaun Tan,eng,ENG,4.33,33764,3247
3249,"Calamity (The Reckoners, #3)",Brandon Sanderson,eng,ENG,4.2,27146,3248
3250,Shopgirl,Steve Martin,en-US,EN-US,3.42,28063,3249
3251,حوار مع صديقي الملحد,مصطفى محمود,ara,ARA,3.95,23898,3250
3252,The Adventures of Tom Sawyer & Adventures of Huckleberry Finn,Mark Twain,en-US,EN-US,4.07,30228,3251
3253,The Woman Upstairs,Claire Messud,eng,ENG,3.31,25135,3252
3254,"The Stupidest Angel: A Heartwarming Tale of Christmas Terror (Pine Cove, #3)",Christopher Moore,en-US,EN-US,3.82,32000,3253
3255,The Beautiful and Damned,F. Scott Fitzgerald,unknown,UNKNOWN,3.75,26597,3254
3256,Confessions,"Augustine of Hippo, Henry Chadwick, Albert Cook Outler",unknown,UNKNOWN,3.88,25674,3255
3257,Our Souls at Night,Kent Haruf,unknown,UNKNOWN,3.96,26249,3256
3258,Carolina Moon,Nora Roberts,eng,ENG,4.02,33719,3257
3259,The Painted Girls,Cathy Marie Buchanan,eng,ENG,3.61,26798,3258
3260,"UnEnchanted (An Unfortunate Fairy Tale, #1)",Chanda Hahn,eng,ENG,3.89,35287,3259
3261,"The Bedwetter: Stories of Courage, Redemption, and Pee",Sarah Silverman,eng,ENG,3.52,27706,3260
3262,"The Talented Mr. Ripley (Ripley, #1)",Patricia Highsmith,eng,ENG,3.93,16536,3261
3263,"Chain Reaction (Perfect Chemistry, #3)",Simone Elkeles,eng,ENG,4.12,47773,3262
3264,"Noble House (Asian Saga, #5)",James Clavell,en-US,EN-US,4.23,30367,3263
3265,"Dark Prince (Dark, #1)",Christine Feehan,eng,ENG,4.01,38879,3264
3266,NARUTO -ナルト- 巻ノ四十三,Masashi Kishimoto,jpn,JPN,4.57,26364,3265
3267,The Shining Girls,Lauren Beukes,eng,ENG,3.49,28006,3266
3268,The Zookeeper's Wife,Diane Ackerman,eng,ENG,3.44,20056,3267
3269,Slade House,David Mitchell,eng,ENG,3.82,24898,3268
3270,An Astronaut's Guide to Life on Earth,Chris Hadfield,eng,ENG,4.14,25474,3269
3271,"Ink Exchange (Wicked Lovely, #2)",Melissa Marr,eng,ENG,3.68,48264,3270
3272,com نسيان,"أحلام مستغانمي, Ahlam Mosteghanemi",ara,ARA,3.73,24884,3271
3273,Bleachers,John Grisham,eng,ENG,3.46,27719,3272
3274,Hop On Pop,Dr. Seuss,eng,ENG,3.95,37324,3273
3275,"Harry Potter Boxed Set, Books 1-5 (Harry Potter, #1-5)","J.K. Rowling, Mary GrandPré",eng,ENG,4.77,33220,3274
3276,"Skeleton Key (Alex Rider, #3)",Anthony Horowitz,en-US,EN-US,4.06,37232,3275
3277,Gone for Good,Harlan Coben,eng,ENG,4.1,29777,3276
3278,"The Mad Ship (Liveship Traders, #2)",Robin Hobb,en-GB,EN-GB,4.21,30724,3277
3279,"Inside the Human Body (The Magic School Bus, #3)","Joanna Cole, Bruce Degen",eng,ENG,4.26,30884,3278
3280,"Lost Light (Harry Bosch, #9; Harry Bosch Universe, #11)",Michael Connelly,eng,ENG,4.15,29745,3279
3281,"The Iron Trial (Magisterium, #1)","Holly Black, Cassandra Clare",eng,ENG,3.95,33510,3280
3282,"A Game of Thrones: The Graphic Novel, Vol. 1","Daniel Abraham, George R.R. Martin, Tommy Patterson",eng,ENG,4.48,25533,3281
3283,"The Carrie Diaries (The Carrie Diaries, #1)",Candace Bushnell,en-US,EN-US,3.57,30468,3282
3284,Jewel,Bret Lott,unknown,UNKNOWN,3.64,31851,3283
3285,"The World of Divergent: The Path to Allegiant (Divergent, #2.5)",Veronica Roth,eng,ENG,3.98,25327,3284
3286,"Tribulation Force (Left Behind, #2)","Tim LaHaye, Jerry B. Jenkins",eng,ENG,3.94,30592,3285
3287,Food Rules: An Eater's Manual,Michael Pollan,en-US,EN-US,3.99,30577,3286
3288,في قلبي أنثى عبرية,خولة حمدي,ara,ARA,4.04,22912,3287
3289,"Vampire Kisses (Vampire Kisses, #1)",Ellen Schreiber,en-US,EN-US,3.69,43323,3288
3290,"Fly Away (Firefly Lane, #2)",Kristin Hannah,eng,ENG,3.94,27109,3289
3291,"Stone of Farewell (Memory, Sorrow, and Thorn, #2)",Tad Williams,en-US,EN-US,4.09,32709,3290
3292,The Exploits of Sherlock Holmes,"Adrian Conan Doyle, John Dickson Carr",eng,ENG,4.4,26232,3291
3293,One True Thing,Anna Quindlen,unknown,UNKNOWN,4.01,30831,3292
3294,Those Who Leave and Those Who Stay (The Neapolitan Novels #3),"Elena Ferrante, Ann Goldstein",eng,ENG,4.29,24967,3293
3295,"The Novice (Black Magician Trilogy, #2)",Trudi Canavan,eng,ENG,4.07,32944,3294
3296,Then We Came to the End,Joshua Ferris,eng,ENG,3.45,23614,3295
3297,"One Week Girlfriend (One Week Girlfriend, #1)",Monica  Murphy,eng,ENG,3.94,44678,3296
3298,"Ship of Destiny (Liveship Traders, #3)",Robin Hobb,en-US,EN-US,4.21,34271,3297
3299,A Week in Winter,Maeve Binchy,en-GB,EN-GB,3.79,25371,3298
3300,Calico Joe,John Grisham,unknown,UNKNOWN,3.8,27244,3299
3301,"Hana-Kimi, Vol. 1 (Hana-Kimi, #1)","Hisaya Nakajo, David Ury",en-US,EN-US,4.16,30403,3300
3302,"Daughter of the Forest  (Sevenwaters, #1)",Juliet Marillier,eng,ENG,4.28,39792,3301
3303,The Very Busy Spider,Eric Carle,en-US,EN-US,4.19,31537,3302
3304,Freckle Juice,Judy Blume,eng,ENG,3.82,34579,3303
3305,Linchpin: Are You Indispensable?,Seth Godin,en-US,EN-US,3.87,26555,3304
3306,Just So Stories,Rudyard Kipling,unknown,UNKNOWN,4.09,35708,3305
3307,The River of Doubt: Theodore Roosevelt's Darkest Journey,Candice Millard,en-US,EN-US,4.16,30894,3306
3308,Complications: A Surgeon's Notes on an Imperfect Science,"Atul Gawande, Susanne Kuhlmann-Krieg",en-US,EN-US,4.23,26267,3307
3309,"Side Jobs: Stories from the Dresden Files (The Dresden Files, #12.5)",Jim Butcher,eng,ENG,4.23,33738,3308
3310,Camera Lucida: Reflections on Photography,"Roland Barthes, Richard Howard",unknown,UNKNOWN,3.92,26754,3309
3311,The Hundred Secret Senses,Amy Tan,en-US,EN-US,3.98,32002,3310
3312,Pretty Baby,Mary Kubica,eng,ENG,3.75,24685,3311
3313,The Gargoyle,Andrew Davidson,eng,ENG,3.96,32699,3312
3314,"Quicksilver (The Baroque Cycle, #1)",Neal Stephenson,en-US,EN-US,3.92,27675,3313
3315,My Story,"Elizabeth  Smart, Chris Stewart",eng,ENG,3.77,23294,3314
3316,"The Fairy-Tale Detectives (The Sisters Grimm, #1)","Michael Buckley, Peter Ferguson",en-US,EN-US,4.01,38655,3315
3317,Mort: The Play,"Terry Pratchett, Stephen Briggs",eng,ENG,4.29,27706,3316
3318,"Birthmarked (Birthmarked, #1)",Caragh M. O'Brien,en-US,EN-US,3.89,37656,3317
3319,"Skulduggery Pleasant (Skulduggery Pleasant, #1)","Derek Landy, Tom Percival",eng,ENG,4.21,32785,3318
3320,The Philosophy of Andy Warhol (From A to B and Back Again),Andy Warhol,unknown,UNKNOWN,3.77,24879,3319
3321,Pale Fire,Vladimir Nabokov,eng,ENG,4.19,26377,3320
3322,The Lady and the Unicorn,Tracy Chevalier,eng,ENG,3.67,32490,3321
3323,A Christmas Carol and Other Christmas Writings,"Charles Dickens, Michael Slater",eng,ENG,4.13,28675,3322
3324,One More Thing: Stories and Other Stories,B.J. Novak,eng,ENG,3.66,28922,3323
3325,Men at Arms: The Play,"Terry Pratchett, Stephen Briggs",eng,ENG,4.39,28503,3324
3326,"Carpe Corpus (The Morganville Vampires, #6)",Rachel Caine,eng,ENG,4.21,41536,3325
3327,The Shock of the Fall,Nathan Filer,eng,ENG,3.79,21798,3326
3328,"Asylum (Asylum, #1)",Madeleine Roux,eng,ENG,3.64,29687,3327
3329,The Heart Goes Last,Margaret Atwood,eng,ENG,3.37,26841,3328
3330,"A Fistful of Charms (The Hollows, #4)",Kim Harrison,eng,ENG,4.28,43181,3329
3331,Desiring God: Meditations of a Christian Hedonist,John Piper,unknown,UNKNOWN,4.19,25099,3330
3332,The Coldest Girl in Coldtown,Holly Black,eng,ENG,3.86,37682,3331
3333,Skinny Dip,Carl Hiaasen,eng,ENG,3.79,29862,3332
3334,The Marriage of Opposites,Alice Hoffman,eng,ENG,3.86,29179,3333
3335,Imagine: How Creativity Works,Jonah Lehrer,eng,ENG,3.75,24727,3334
3336,"Feast of Fools (The Morganville Vampires, #4)",Rachel Caine,eng,ENG,4.17,43435,3335
3337,"UnWholly (Unwind, #2)",Neal Shusterman,unknown,UNKNOWN,4.25,33679,3336
3338,Consider the Lobster and Other Essays,David Foster Wallace,eng,ENG,4.25,26551,3337
3339,"The Atlantis Complex (Artemis Fowl, #7)",Eoin Colfer,en-US,EN-US,3.97,39307,3338
3340,Merrick (The Vampire Chronicles #7),Anne Rice,eng,ENG,3.71,32734,3339
3341,"The Bands of Mourning (Mistborn, #6)",Brandon Sanderson,eng,ENG,4.45,28866,3340
3342,The Myth of Sisyphus and Other Essays,"Albert Camus, Justin O'Brien",eng,ENG,4.18,30221,3341
3343,"Someday, Someday, Maybe",Lauren Graham,eng,ENG,3.49,30829,3342
3344,The Road Not Taken and Other Poems,Robert Frost,unknown,UNKNOWN,4.27,30193,3343
3345,Simon vs. the Homo Sapiens Agenda,Becky Albertalli,eng,ENG,4.26,53570,3344
3346,Wives and Daughters,"Elizabeth Gaskell, Pam Morris",eng,ENG,4.07,32029,3345
3347,"Splintered (Splintered, #1)",A.G. Howard,eng,ENG,3.96,37225,3346
3348,The Little House,Virginia Lee Burton,eng,ENG,4.29,34002,3347
3349,Survival in Auschwitz,"Primo Levi, Stuart J. Woolf, Philip Roth",eng,ENG,4.28,25625,3348
3350,"The Wizard Heir (The Heir Chronicles, #2)",Cinda Williams Chima,en-US,EN-US,4.14,33653,3349
3351,"The Mysterious Island (Extraordinary Voyages, #12)","Jules Verne, Caleb Carr, Jordan Stump",eng,ENG,4.08,26440,3350
3352,Girl in Hyacinth Blue,Susan Vreeland,en-US,EN-US,3.72,31883,3351
3353,Sylvester and the Magic Pebble,William Steig,eng,ENG,4.14,36260,3352
3354,"The Lady of the Rivers (The Plantagenet and Tudor Novels, #1)",Philippa Gregory,eng,ENG,3.96,31744,3353
3355,Live Wire (Myron Bolitar #10),Harlan Coben,eng,ENG,4.07,28849,3354
3356,Escape,"Carolyn Jessop, Laura Palmer",en-US,EN-US,3.96,28581,3355
3357,"The Collectors (Camel Club, #2)",David Baldacci,en-US,EN-US,4.01,29596,3356
3358,The Hitchhiker's Guide to the Galaxy: A Trilogy in Four Parts,Douglas Adams,eng,ENG,4.51,27855,3357
3359,"Maskerade (Discworld, #18; Witches #5)",Terry Pratchett,eng,ENG,4.06,34094,3358
3360,"Lord Foul's Bane (The Chronicles of Thomas Covenant the Unbeliever, #1)",Stephen R. Donaldson,en-US,EN-US,3.71,31771,3359
3361,"First, Break All the Rules: What the World's Greatest Managers Do Differently","Marcus Buckingham, Curt Coffman",eng,ENG,3.92,27207,3360
3362,"The Last Continent (Discworld, #22; Rincewind #6)",Terry Pratchett,eng,ENG,3.99,32861,3361
3363,Dr. Seuss's ABC: An Amazing Alphabet Book! (Bright and Early Board Books),Dr. Seuss,eng,ENG,4.07,27116,3362
3364,Our Town,"Thornton Wilder, Donald Margulies, Tappan Wilder",eng,ENG,3.63,35296,3363
3365,"Heartless (Pretty Little Liars, #7)",Sara Shepard,eng,ENG,4.1,32754,3364
3366,"Echo Park (Harry Bosch, #12; Harry Bosch Universe, #14)",Michael Connelly,eng,ENG,4.07,30066,3365
3367,The Winner,David Baldacci,eng,ENG,4.06,27904,3366
3368,Through the Woods,Emily Carroll,eng,ENG,3.92,32781,3367
3369,"Ark Angel (Alex Rider, #6)",Anthony Horowitz,eng,ENG,4.11,33935,3368
3370,Momo,Michael Ende,ger,GER,4.29,28857,3369
3371,"The Last Town (Wayward Pines, #3)",Blake Crouch,eng,ENG,4.09,29258,3370
3372,Saint Anything,Sarah Dessen,eng,ENG,4.05,35111,3371
3373,The Twelve Tribes of Hattie,Ayana Mathis,eng,ENG,3.46,28058,3372
3374,The Taking,Dean Koontz,en-US,EN-US,3.78,29721,3373
3375,"If There Be Thorns (Dollanganger, #3)",V.C. Andrews,eng,ENG,3.75,33086,3374
3376,Owl Moon,"Jane Yolen, John Schoenherr",eng,ENG,4.2,33642,3375
3377,The Gambler,"Fyodor Dostoyevsky, Constance Garnett, Gary Saul Morson",eng,ENG,3.88,21358,3376
3378,"Frost Burned (Mercy Thompson, #7)",Patricia Briggs,eng,ENG,4.35,36759,3377
3379,Père Goriot,Honoré de Balzac,en-US,EN-US,3.82,26070,3378
3380,"Nemesis (Harry Hole, #4)","Jo Nesbø, Don Bartlett",eng,ENG,3.98,31265,3379
3381,The Collected Poems,"Sylvia Plath, Ted Hughes",unknown,UNKNOWN,4.2,26295,3380
3382,"Night Play (Dark-Hunter #5, Were-Hunter #1)",Sherrilyn Kenyon,eng,ENG,4.36,41837,3381
3383,Aleph,Paulo Coelho,por,POR,3.37,17563,3382
3384,"Perfection (Neighbor from Hell, #2)",R.L. Mathewson,eng,ENG,4.16,50146,3383
3385,Too Big to Fail: The Inside Story of How Wall Street and Washington Fought to Save the Financial System from Crisis — and Themselves,Andrew Ross Sorkin,en-US,EN-US,4.09,25493,3384
3386,Magic Hour,Kristin Hannah,eng,ENG,4.1,27778,3385
3387,The Winter of Our Discontent,"John Steinbeck, Susan Shillinglaw",eng,ENG,3.99,28050,3386
3388,"Absalom, Absalom!",William Faulkner,eng,ENG,3.96,30283,3387
3389,"Girl Online (Girl Online, #1)","Zoe Sugg, Siobhan Curham",eng,ENG,3.77,37177,3388
3390,Caddie Woodlawn  (Caddie Woodlawn #1),Carol Ryrie Brink,eng,ENG,3.99,37689,3389
3391,"Tricky Twenty-Two (Stephanie Plum, #22)",Janet Evanovich,eng,ENG,3.92,23408,3390
3392,Knowing God,J.I. Packer,eng,ENG,4.31,29848,3391
3393,"The Halfling's Gem (Forgotten Realms: Icewind Dale, #3; Legend of Drizzt, #6)",R.A. Salvatore,en-US,EN-US,4.15,27105,3392
3394,Hold Tight,Harlan Coben,en-US,EN-US,3.94,30180,3393
3395,The Kindly Ones (The Sandman #9),"Neil Gaiman, Marc Hempel, Richard Case, D'Israeli, Teddy Kristiansen, Glyn Dillon, Charles Vess, Dean Ormston, Kevin Nowlan, Todd Klein, Frank McConnell",eng,ENG,4.59,32544,3394
3396,Worlds' End (The Sandman #8),"Neil Gaiman, Mike Allred, Gary Amaro, Mark Buckingham, David Giordano, Tony Harris, Steve Leialoha, Vince Locke, Shea Anton Pensa, Alec Stevens, Bryan Talbot, John Watkiss, Todd Klein, Michael Zulli, Stephen King",eng,ENG,4.48,32362,3395
3397,The Chrysalids,John Wyndham,en-US,EN-US,3.92,29364,3396
3398,The Ugly Duckling,"Hans Christian Andersen, Jerry Pinkney",eng,ENG,4.1,25306,3397
3399,The Mastery of Love: A Practical Guide to the Art of Relationship --Toltec Wisdom Book,Miguel Ruiz,unknown,UNKNOWN,4.25,24162,3398
3400,The End of the Affair,"Graham Greene, Monica Ali",eng,ENG,3.96,29372,3399
3401,Who Do You Love,Jennifer Weiner,eng,ENG,3.74,22026,3400
3402,Bambi,"Felix Salten, Barbara Cooney",eng,ENG,4.1,28655,3401
3403,The Lathe of Heaven,Ursula K. Le Guin,en-US,EN-US,4.09,29562,3402
3404,The Histories,"Herodotus, Aubrey de Sélincourt, John M. Marincola",eng,ENG,3.97,28870,3403
3405,"Driven (Driven, #1)",K. Bromberg,eng,ENG,4.31,41454,3404
3406,The Dante Club,Matthew Pearl,en-US,EN-US,3.38,31035,3405
3407,"The Shelters of Stone (Earth's Children, #5)",Jean M. Auel,en-US,EN-US,3.8,31333,3406
3408,"Hunting Ground (Alpha & Omega, #2)",Patricia Briggs,eng,ENG,4.27,44487,3407
3409,The Winner Stands Alone,Paulo Coelho,en-US,EN-US,3.37,22229,3408
3410,Centennial,James A. Michener,en-US,EN-US,4.21,31235,3409
3411,"The Body Finder (The Body Finder, #1)",Kimberly Derting,en-US,EN-US,3.96,43203,3410
3412,Enduring Love,Ian McEwan,eng,ENG,3.62,26390,3411
3413,First Things First,"Stephen R. Covey, A. Roger Merrill, Rebecca R. Merrill",eng,ENG,4.06,26813,3412
3414,"Dragonsong (Harper Hall, #1)",Anne McCaffrey,eng,ENG,4.24,35694,3413
3415,Annie on My Mind,Nancy Garden,eng,ENG,3.97,29278,3414
3416,Pirate Latitudes,Michael Crichton,eng,ENG,3.41,27904,3415
3417,Motherless Brooklyn,Jonathan Lethem,en-GB,EN-GB,3.91,23614,3416
3418,"Noughts & Crosses (Noughts & Crosses, #1)",Malorie Blackman,en-GB,EN-GB,4.23,27725,3417
3419,Incidents in the Life of a Slave Girl,Harriet Jacobs,eng,ENG,4.08,24744,3418
3420,"The Enchantress (The Secrets of the Immortal Nicholas Flamel, #6)",Michael Scott,eng,ENG,4.24,30171,3419
3421,Washington: A Life,Ron Chernow,eng,ENG,4.09,28598,3420
3422,"Come Away with Me (With Me in Seattle, #1)",Kristen Proby,eng,ENG,3.94,52083,3421
3423,Secrets of the Millionaire Mind: Mastering the Inner Game of Wealth,T. Harv Eker,unknown,UNKNOWN,4.14,25389,3422
3424,"Taken at Dusk (Shadow Falls, #3)",C.C. Hunter,eng,ENG,4.33,36683,3423
3425,Wonder Boys,"Michael Chabon, Hans Hermann",ger,GER,3.93,24365,3424
3426,"Taking Chances (Taking Chances, #1)",Molly McAdams,eng,ENG,3.87,40827,3425
3427,The Buddha in the Attic,Julie Otsuka,eng,ENG,3.59,28149,3426
3428,Fierce Invalids Home from Hot Climates,Tom Robbins,en-US,EN-US,4.01,22847,3427
3429,The Winter People,Jennifer McMahon,eng,ENG,3.76,27234,3428
3430,"The Lying Game (The Lying Game, #1)",Sara Shepard,en-US,EN-US,3.96,32296,3429
3431,"Body Double (Rizzoli & Isles, #4)",Tess Gerritsen,en-US,EN-US,4.16,30834,3430
3432,The Opposite of Loneliness: Essays and Stories,Marina Keegan,eng,ENG,3.82,19771,3431
3433,The Solitude of Prime Numbers,"Paolo Giordano, Shaun Whiteside",eng,ENG,3.58,19734,3432
3434,"Clash (Crash, #2)",Nicole  Williams,eng,ENG,4.17,40519,3433
3435,"Fortunately, the Milk","Neil Gaiman, Skottie Young",eng,ENG,4.04,30500,3434
3436,"Ms. Marvel, Vol. 1: No Normal","G. Willow Wilson, Adrian Alphona",eng,ENG,4.13,53515,3435
3437,Slave to Sensation (Psy-Changeling #1),Nalini Singh,en-US,EN-US,4.12,44076,3436
3438,فلتغفري,أثير عبدالله النشمي,ara,ARA,3.5,23407,3437
3439,"Al Capone Does My Shirts (Al Capone at Alcatraz, #1)",Gennifer Choldenko,eng,ENG,3.83,33400,3438
3440,"The Fall (The Strain Trilogy, #2)","Guillermo del Toro, Chuck Hogan",eng,ENG,3.8,25774,3439
3441,"The Raven King (The Raven Cycle, #4)",Maggie Stiefvater,eng,ENG,4.32,42427,3440
3442,Bringing Up Bébé: One American Mother Discovers the Wisdom of French Parenting,"Pamela Druckerman, Abby Craden",eng,ENG,3.95,18276,3441
3443,Portrait of a Killer: Jack the Ripper - Case Closed,Patricia Cornwell,eng,ENG,3.44,28506,3442
3444,"The Thief (The Queen's Thief, #1)",Megan Whalen Turner,eng,ENG,3.92,40807,3443
3445,"Succubus Blues (Georgina Kincaid, #1)",Richelle Mead,en-GB,EN-GB,3.94,43289,3444
3446,When God Was a Rabbit,Sarah Winman,eng,ENG,3.67,24660,3445
3447,Love & Misadventure,Lang Leav,eng,ENG,4.05,28782,3446
3448,Forgotten God: Reversing Our Tragic Neglect of the Holy Spirit,"Francis Chan, Danae Yankoski",unknown,UNKNOWN,4.17,27044,3447
3449,Term Limits,Vince Flynn,eng,ENG,4.3,25200,3448
3450,"Crooked Letter, Crooked Letter",Tom Franklin,en-US,EN-US,3.82,28875,3449
3451,Letters to a Young Poet,"Rainer Maria Rilke, Reginald Snell, Franz Xaver Kappus",en-US,EN-US,4.34,25066,3450
3452,"Princess in the Spotlight (The Princess Diaries, #2)",Meg Cabot,eng,ENG,3.67,41713,3451
3453,"Of Poseidon (The Syrena Legacy, #1)",Anna Banks,eng,ENG,4.04,38535,3452
3454,Night Embrace (Dark-Hunter #2),Sherrilyn Kenyon,en-US,EN-US,4.25,29663,3453
3455,"The Lake House (When the Wind Blows, #2)",James Patterson,eng,ENG,3.79,30318,3454
3456,Run,Ann Patchett,eng,ENG,3.53,29231,3455
3457,Les Fleurs du Mal,"Charles Baudelaire, Richard Howard",eng,ENG,4.26,27124,3456
3458,"The Heist (Fox and O'Hare, #1)","Janet Evanovich, Lee Goldberg",eng,ENG,3.78,29834,3457
3459,Les Liaisons dangereuses,"Pierre-Ambroise Choderlos de Laclos, Douglas Parmée",eng,ENG,4.07,28428,3458
3460,The Railway Children,E. Nesbit,eng,ENG,3.99,35196,3459
3461,"The Last Mile (Amos Decker, #2)",David Baldacci,eng,ENG,4.22,17326,3460
3462,"Snuff (Discworld, #39; City Watch #8)",Terry Pratchett,en-GB,EN-GB,4.15,30570,3461
3463,"Magic Slays (Kate Daniels, #5)",Ilona Andrews,eng,ENG,4.43,44588,3462
3464,The Doors of Perception & Heaven and Hell,Aldous Huxley,eng,ENG,3.96,24213,3463
3465,"Rich Man, Poor Man",Irwin Shaw,unknown,UNKNOWN,4.15,28024,3464
3466,What She Knew,Gilly Macmillan,unknown,UNKNOWN,3.89,25865,3465
3467,"The Black Box (Harry Bosch, #18; Harry Bosch Universe, #22)",Michael Connelly,eng,ENG,4.09,25288,3466
3468,The Rapture of Canaan,Sheri Reynolds,eng,ENG,3.8,30267,3467
3469,"Alas, Babylon",Pat Frank,eng,ENG,4.07,28386,3468
3470,"The Third Option (Mitch Rapp, #4)",Vince Flynn,eng,ENG,4.26,24598,3469
3471,"The Stonekeeper (Amulet, #1)",Kazu Kibuishi,eng,ENG,4.15,32830,3470
3472,The Complete Stories,Flannery O'Connor,eng,ENG,4.44,27352,3471
3473,"Dark Visions (Dark Visions, #1-3)",L.J. Smith,eng,ENG,4.19,33023,3472
3474,"Tower Lord (Raven's Shadow, #2)",Anthony  Ryan,eng,ENG,4.19,23765,3473
3475,Look Again,Lisa Scottoline,en-US,EN-US,3.85,29598,3474
3476,Fever Pitch,Nick Hornby,eng,ENG,3.72,25374,3475
3477,"Pandora (New Tales of the Vampires, #1)",Anne Rice,spa,SPA,3.73,33383,3476
3478,"Tricked (The Iron Druid Chronicles, #4)",Kevin Hearne,eng,ENG,4.25,30578,3477
3479,The Coldest Winter Ever,Sister Souljah,en-US,EN-US,4.47,23737,3478
3480,"Zen Mind, Beginner's Mind: Informal Talks on Zen Meditation and Practice",Shunryu Suzuki,en-GB,EN-GB,4.23,24481,3479
3481,The Vegetarian,"Han Kang, Deborah     Smith",eng,ENG,3.59,27242,3480
3482,The Castle,"Franz Kafka, Mark Harman, Regaip Minareci, Şerif Yeşilbucak",eng,ENG,3.97,25043,3481
3483,"Emperor of Thorns (The Broken Empire, #3)",Mark  Lawrence,eng,ENG,4.27,21143,3482
3484,A Modest Proposal,Jonathan Swift,unknown,UNKNOWN,4.05,31485,3483
3485,Letter to a Christian Nation,Sam Harris,eng,ENG,4.04,25570,3484
3486,"Shadow Souls (The Vampire Diaries: The Return, #2)",L.J. Smith,en-US,EN-US,3.79,31445,3485
3487,When It Happens,Susane Colasanti,en-US,EN-US,3.74,32443,3486
3488,The Rise of Theodore Roosevelt,Edmund Morris,eng,ENG,4.25,26920,3487
3489,"Doomsday Book (Oxford Time Travel, #1)",Connie Willis,eng,ENG,4.03,33000,3488
3490,"The Escape (John Puller, #3)",David Baldacci,eng,ENG,4.14,18073,3489
3491,Just Mercy: A Story of Justice and Redemption,Bryan Stevenson,eng,ENG,4.58,27173,3490
3492,"The Seeress of Kell (The Malloreon, #5)",David Eddings,eng,ENG,4.12,32127,3491
3493,"Many Lives, Many Masters: The True Story of a Prominent Psychiatrist, His Young Patient, and the Past Life Therapy That Changed Both Their Lives",Brian L. Weiss,eng,ENG,4.17,18956,3492
3494,"The Burning Room (Harry Bosch, #19; Harry Bosch Universe, #24)",Michael Connelly,eng,ENG,4.05,18672,3493
3495,"Never Eat Alone: And Other Secrets to Success, One Relationship at a Time",Keith Ferrazzi,unknown,UNKNOWN,3.8,25826,3494
3496,"This Side of the Grave (Night Huntress, #5)",Jeaniene Frost,eng,ENG,4.28,45825,3495
3497,"First Test (Protector of the Small, #1)",Tamora Pierce,eng,ENG,4.24,40036,3496
3498,On the Jellicoe Road,Melina Marchetta,eng,ENG,4.15,33398,3497
3499,The Natural Way to Draw,"Kimon Nicolaides, Mamie Harmon",en-US,EN-US,3.88,30880,3498
3500,"Streams of Silver (Forgotten Realms: Icewind Dale, #2; Legend of Drizzt, #5)",R.A. Salvatore,eng,ENG,4.14,26237,3499
3501,Angry Housewives Eating Bon Bons,Lorna Landvik,eng,ENG,3.78,28453,3500
3502,Flora and Ulysses: The Illuminated Adventures,"Kate DiCamillo, K.G. Campbell",eng,ENG,3.87,27839,3501
3503,If You Could See Me Now,Cecelia Ahern,en-US,EN-US,3.84,28891,3502
3504,The Known World,Edward P. Jones,eng,ENG,3.82,26550,3503
3505,Giovanni's Room,James     Baldwin,eng,ENG,4.21,24202,3504
3506,"Absolute Boyfriend, Vol. 1",Yuu Watase,eng,ENG,4.01,29385,3505
3507,"The Gods of Guilt (Mickey Haller, #6; Harry Bosch Universe, #23)",Michael Connelly,eng,ENG,4.09,21903,3506
3508,"Swann's Way (In Search of Lost Time, #1)","Marcel Proust, Simon Vance, Lydia Davis",eng,ENG,4.14,24595,3507
3509,"The Little Mouse, the Red Ripe Strawberry, and the Big Hungry Bear","Don    Wood, Audrey Wood",en-US,EN-US,4.31,30926,3508
3510,"Cerulean Sins (Anita Blake, Vampire Hunter, #11)",Laurell K. Hamilton,en-US,EN-US,3.84,40737,3509
3511,Eva Luna,"Isabel Allende, Margaret Sayers Peden",unknown,UNKNOWN,3.95,27534,3510
3512,"Robopocalypse (Robopocalypse, #1)",Daniel H. Wilson,eng,ENG,3.67,25914,3511
3513,"Fear Nothing (Moonlight Bay, #1)",Dean Koontz,eng,ENG,3.99,28875,3512
3514,"First Drop of Crimson (Night Huntress World, #1)",Jeaniene Frost,eng,ENG,4.15,43188,3513
3515,"Plum Lucky (Stephanie Plum, #13.5)",Janet Evanovich,en-US,EN-US,3.72,39872,3514
3516,This Charming Man,Marian Keyes,eng,ENG,3.75,28095,3515
3517,"The 8th Confession (Women's Murder Club, #8)","James Patterson, Maxine Paetro",unknown,UNKNOWN,4.02,29973,3516
3518,"The Secret Diary of Adrian Mole, Aged 13 3/4  (Adrian Mole, #1)",Sue Townsend,eng,ENG,3.85,28952,3517
3519,The Razor's Edge,W. Somerset Maugham,eng,ENG,4.18,25267,3518
3520,"Amphigorey (Amphigorey, #1)",Edward Gorey,eng,ENG,4.08,28815,3519
3521,Neil Gaiman's Neverwhere,"Mike Carey, Glenn Fabry, Neil Gaiman",eng,ENG,4.21,29375,3520
3522,"Some Girls Bite (Chicagoland Vampires, #1)",Chloe Neill,eng,ENG,4.01,46825,3521
3523,Go Tell It on the Mountain,James     Baldwin,en-GB,EN-GB,4.0,27845,3522
3524,"Lost in a Good Book (Thursday Next, #2)",Jasper Fforde,eng,ENG,4.14,37873,3523
3525,The Reason I Jump: The Inner Voice of a Thirteen-Year-Old Boy with Autism,"Naoki Higashida, K.A. Yoshida, David Mitchell",eng,ENG,3.78,25504,3524
3526,"The Hidden Oracle (The Trials of Apollo, #1)",Rick Riordan,eng,ENG,4.33,45127,3525
3527,"Once Burned (Night Prince, #1)",Jeaniene Frost,en-US,EN-US,4.24,44106,3526
3528,Missoula: Rape and the Justice System in a College Town,Jon Krakauer,eng,ENG,4.06,24270,3527
3529,The End of Eternity,Isaac Asimov,eng,ENG,4.21,26560,3528
3530,"Sorceress of Darshiva (The Malloreon, #4)",David Eddings,eng,ENG,4.09,34086,3529
3531,"Love Comes Softly (Love Comes Softly, #1)",Janette Oke,eng,ENG,4.22,28690,3530
3532,"Half a King (Shattered Sea, #1)",Joe Abercrombie,eng,ENG,3.98,23911,3531
3533,"The Prodigal Daughter (Kane & Abel, #2)",Jeffrey Archer,en-US,EN-US,3.92,25523,3532
3534,"The Broken Eye (Lightbringer, #3)",Brent Weeks,eng,ENG,4.46,27754,3533
3535,The Collected Poems of W.B. Yeats,"W.B. Yeats, Richard J. Finneran",en-US,EN-US,4.25,28327,3534
3536,"Lady Knight (Protector of the Small, #4)",Tamora Pierce,unknown,UNKNOWN,4.3,37403,3535
3537,"Stone Cold (Camel Club, #3)",David Baldacci,eng,ENG,4.11,27510,3536
3538,ڤيرتيجو,أحمد مراد,ara,ARA,3.72,17001,3537
3539,Rudolph the Red-Nosed Reindeer,"Barbara Shook Hazen, Robert Lewis May, Richard Scarry",en-US,EN-US,4.3,33355,3538
3540,The Elephant Vanishes,"Haruki Murakami, Jay Rubin, Alfred Birnbaum",eng,ENG,3.88,23950,3539
3541,"Gateway (Heechee Saga, #1)",Frederik Pohl,eng,ENG,4.07,29685,3540
3542,Crucial Conversations: Tools for Talking When Stakes Are High,"Kerry Patterson, Joseph Grenny, Ron McMillan, Al Switzler, Stephen R. Covey",eng,ENG,4.0,26172,3541
3543,How the Irish Saved Civilization,Thomas Cahill,en-US,EN-US,3.81,29586,3542
3544,"The Walking Dead, Book One (The Walking Dead #1-12)","Robert Kirkman, Tony Moore, Charlie Adlard, Cliff Rathburn",eng,ENG,4.36,30691,3543
3545,Gulp: Adventures on the Alimentary Canal,Mary Roach,eng,ENG,3.92,27523,3544
3546,Tender at the Bone: Growing Up at the Table,Ruth Reichl,eng,ENG,4.05,27718,3545
3547,"Wintersmith (Discworld, #35; Tiffany Aching, #3)",Terry Pratchett,eng,ENG,4.22,33917,3546
3548,The Miracle Worker,William  Gibson,en-US,EN-US,4.21,28617,3547
3549,"Fever (Breathless, #2)",Maya Banks,en-GB,EN-GB,4.01,39102,3548
3550,The Almost Moon,Alice Sebold,eng,ENG,2.67,28299,3549
3551,The Children of Men,P.D. James,eng,ENG,3.69,28139,3550
3552,Leviathan,"Thomas Hobbes, C.B. Macpherson",eng,ENG,3.66,26284,3551
3553,Mean Streak,Sandra Brown,eng,ENG,4.04,24245,3552
3554,"Fueled (Driven, #2)",K. Bromberg,eng,ENG,4.51,37667,3553
3555,I Was Told There'd Be Cake,Sloane Crosley,eng,ENG,3.45,29695,3554
3556,Marie Antoinette: The Journey,Antonia Fraser,en-US,EN-US,3.91,24158,3555
3557,"Good Night, Mr. Tom",Michelle Magorian,eng,ENG,4.28,24828,3556
3558,Forbidden,Tabitha Suzuma,eng,ENG,4.06,37204,3557
3559,"The Thousand-Dollar Tan Line (Veronica Mars, #1)","Rob Thomas, Jennifer Graham",eng,ENG,3.99,28789,3558
3560,The Plot Against America,Philip Roth,eng,ENG,3.71,26262,3559
3561,The Tender Bar,J.R. Moehringer,eng,ENG,3.93,23055,3560
3562,"Martin the Warrior (Redwall, #6)",Brian Jacques,eng,ENG,4.13,34640,3561
3563,"The Exiled Queen (Seven Realms, #2)",Cinda Williams Chima,en-US,EN-US,4.34,33789,3562
3564,No One Here Gets Out Alive,"Danny Sugerman, Jerry Hopkins",unknown,UNKNOWN,3.92,28436,3563
3565,"Misty of Chincoteague (Misty, #1)","Marguerite Henry, Wesley Dennis",eng,ENG,4.04,35181,3564
3566,Black Swan Green,David Mitchell,unknown,UNKNOWN,3.97,25728,3565
3567,The Other Woman,Jane Green,eng,ENG,3.68,26584,3566
3568,A Girl Named Zippy,Haven Kimmel,unknown,UNKNOWN,3.79,27928,3567
3569,Nothing Lasts Forever,Sidney Sheldon,eng,ENG,3.82,23336,3568
3570,"Mayflower: A Story of Courage, Community, and War",Nathaniel Philbrick,eng,ENG,3.86,25752,3569
3571,Wicked Deeds on a Winter's Night (Immortals After Dark #4),Kresley Cole,en-CA,EN-CA,4.37,40001,3570
3572,His Excellency: George Washington,Joseph J. Ellis,eng,ENG,3.9,27178,3571
3573,"Burning Chrome (Sprawl, #0)","William Gibson, Bruce Sterling",eng,ENG,4.05,27359,3572
3574,Last Night at Chateau Marmont,Lauren Weisberger,en-GB,EN-GB,3.51,25002,3573
3575,"Sleeping Beauty (Disney Princess, 5)","A.L. Singer, Walt Disney Company",eng,ENG,4.32,27469,3574
3576,"Out of Breath (Breathing, #3)",Rebecca Donovan,en,EN,4.32,39310,3575
3577,"The Vampire's Assistant (Cirque Du Freak, #2)",Darren Shan,unknown,UNKNOWN,4.12,29943,3576
3578,Tigana,Guy Gavriel Kay,eng,ENG,4.12,30831,3577
3579,I Feel Bad about My Neck: And Other Thoughts on Being a Woman,Nora Ephron,en-US,EN-US,3.65,29749,3578
3580,"Little Men (Little Women, #2)",Louisa May Alcott,eng,ENG,3.84,36501,3579
3581,Gravity's Rainbow,Thomas Pynchon,eng,ENG,4.03,24990,3580
3582,"The Ragamuffin Gospel: Good News for the Bedraggled, Beat-Up, and Burnt Out","Brennan Manning, Michael W. Smith, Rich Mullins",eng,ENG,4.23,24568,3581
3583,"Princess in Love (The Princess Diaries, #3)",Meg Cabot,eng,ENG,3.76,39306,3582
3584,"River God (Ancient Egypt, #1)",Wilbur Smith,eng,ENG,4.2,24920,3583
3585,O Pioneers!,Willa Cather,eng,ENG,3.84,30973,3584
3586,The Shock Doctrine: The Rise of Disaster Capitalism,Naomi Klein,en-US,EN-US,4.22,24111,3585
3587,The Girl Who Saved the King of Sweden,"Jonas Jonasson, Rachel Willson-Broyles",eng,ENG,3.74,18072,3586
3588,Truth and Beauty,Ann Patchett,eng,ENG,3.94,26344,3587
3589,"The Vincent Brothers (The Vincent Boys, #2)",Abbi Glines,eng,ENG,4.13,40788,3588
3590,The Tin Drum,Günter Grass,eng,ENG,3.96,25332,3589
3591,The Case for Faith: A Journalist Investigates the Toughest Objections to Christianity,Lee Strobel,en-US,EN-US,4.17,24007,3590
3592,"Smaragdgrün (Edelstein-Trilogie, #3)",Kerstin Gier,ger,GER,4.2,22620,3591
3593,Book of a Thousand Days,"Shannon Hale, James Noel Smith",en-US,EN-US,3.95,40060,3592
3594,The Return of Sherlock Holmes,Arthur Conan Doyle,eng,ENG,4.3,31572,3593
3595,Mythology: Timeless Tales of Gods and Heroes,"Edith Hamilton, Steele Savage",en-US,EN-US,3.98,30804,3594
3596,Llama Llama Red Pajama,Anna Dewdney,unknown,UNKNOWN,4.27,31129,3595
3597,Lies & the Lying Liars Who Tell Them: A Fair & Balanced Look at the Right,Al Franken,en-US,EN-US,3.81,24071,3596
3598,Killing Yourself to Live: 85% of a True Story,Chuck Klosterman,en-US,EN-US,3.85,23015,3597
3599,Troublemaker: Surviving Hollywood and Scientology,"Leah Remini, Rebecca Paley",eng,ENG,3.98,25172,3598
3600,Hocus Pocus,Kurt Vonnegut Jr.,unknown,UNKNOWN,3.81,23046,3599
3601,"House of Chains (The Malazan Book of the Fallen, #4)",Steven Erikson,eng,ENG,4.32,25023,3600
3602,Oz: The Wonderful Wizard of Oz,"Eric Shanower, Skottie Young, L. Frank Baum",eng,ENG,4.08,24529,3601
3603,The Checklist Manifesto: How to Get Things Right,Atul Gawande,unknown,UNKNOWN,4.02,23778,3602
3604,The Nazi Officer's Wife: How One Jewish Woman Survived the Holocaust,"Edith Hahn Beer, Susan Dworkin, Susan Sarandon, Julia Ormond, Rory Kennedy",eng,ENG,4.14,22207,3603
3605,Northern Lights,Nora Roberts,eng,ENG,3.98,32670,3604
3606,The Pioneer Woman Cooks: Recipes from an Accidental Country Girl,Ree Drummond,unknown,UNKNOWN,4.18,28720,3605
3607,"Opposition (Lux, #5)",Jennifer L. Armentrout,eng,ENG,4.43,40399,3606
3608,"Incubus Dreams (Anita Blake, Vampire Hunter, #12)",Laurell K. Hamilton,eng,ENG,3.78,39200,3607
3609,"The Fabric of the Cosmos: Space, Time, and the Texture of Reality",Brian Greene,eng,ENG,4.11,24060,3608
3610,Babyville,Jane Green,en-US,EN-US,3.61,27650,3609
3611,"A Touch of Dead (Sookie Stackhouse, #4.1, #4.3, #5.1, #7.1, #8.1)",Charlaine Harris,eng,ENG,3.82,36102,3610
3612,"K is for Killer (Kinsey Millhone, #11)",Sue Grafton,unknown,UNKNOWN,3.98,30752,3611
3613,My Name Is Asher Lev,Chaim Potok,eng,ENG,4.19,29273,3612
3614,"Nicolae (Left Behind, #3)","Tim LaHaye, Jerry B. Jenkins",en-US,EN-US,3.95,27152,3613
3615,Calling Me Home,Julie Kibler,eng,ENG,4.21,24070,3614
3616,"Covet (Fallen Angels, #1)",J.R. Ward,eng,ENG,3.89,38911,3615
3617,"Captivate (Need, #2)",Carrie Jones,eng,ENG,3.94,36772,3616
3618,Wishful Drinking,Carrie Fisher,eng,ENG,3.71,29934,3617
3619,"Triptych (Will Trent, #1)",Karin Slaughter,en-US,EN-US,4.14,29406,3618
3620,Bloodline,Sidney Sheldon,unknown,UNKNOWN,3.79,23726,3619
3621,"A Fatal Grace (Chief Inspector Armand Gamache, #2)",Louise Penny,en-US,EN-US,4.11,27437,3620
3622,"The 9th Judgment  (Women's Murder Club, #9)","James Patterson, Maxine Paetro",eng,ENG,4.08,28593,3621
3623,Zoo,"James Patterson, Michael Ledwidge",en-GB,EN-GB,3.43,24768,3622
3624,"Vespers Rising (The 39 Clues, #11)","Rick Riordan, Gordon Korman, Peter Lerangis, Jude Watson",eng,ENG,4.12,28203,3623
3625,"The End of Faith: Religion, Terror, and the Future of Reason",Sam Harris,en-US,EN-US,3.93,24578,3624
3626,"The Adoration of Jenna Fox (Jenna Fox Chronicles, #1)",Mary E. Pearson,eng,ENG,3.7,36754,3625
3627,"The Emperor of Nihon-Ja (Ranger's Apprentice, #10)",John Flanagan,eng,ENG,4.42,29397,3626
3628,The Complete Calvin and Hobbes,Bill Watterson,eng,ENG,4.82,28900,3627
3629,"Ranma ½, Vol. 1 (Ranma ½ (US 2nd), #1)",Rumiko Takahashi,eng,ENG,4.15,26303,3628
3630,Serena,Ron Rash,eng,ENG,3.52,25082,3629
3631,Ghost Soldiers: The Epic Account of World War II's Greatest Rescue Mission,Hampton Sides,unknown,UNKNOWN,4.17,23873,3630
3632,"Use of Weapons (Culture, #3)",Iain M. Banks,en-GB,EN-GB,4.18,26350,3631
3633,"Pulse (Collide, #2)",Gail McHugh,eng,ENG,4.29,32128,3632
3634,Love Walked In,Marisa de los Santos,eng,ENG,3.69,28712,3633
3635,Bone: The Complete Edition,Jeff Smith,eng,ENG,4.42,27721,3634
3636,"Eragon, Eldest & Brisingr (Inheritance, #1-3)",Christopher Paolini,eng,ENG,4.2,25623,3635
3637,"Thirst No. 1: The Last Vampire, Black Blood, and Red Dice (Thirst, #1)",Christopher Pike,en-US,EN-US,3.82,30154,3636
3638,Housekeeping,Marilynne Robinson,en-US,EN-US,3.82,28416,3637
3639,"The 101 Dalmatians (The Hundred and One Dalmatians, #1)","Dodie Smith, Michael Dooling",eng,ENG,4.11,27717,3638
3640,Windmills of the Gods,Sidney Sheldon,en-GB,EN-GB,3.82,23333,3639
3641,The Curious Case of Benjamin Button,F. Scott Fitzgerald,en-GB,EN-GB,3.53,30313,3640
3642,Moll Flanders,Daniel Defoe,eng,ENG,3.5,30379,3641
3643,Ragtime,E.L. Doctorow,eng,ENG,3.88,26815,3642
3644,"On Basilisk Station (Honor Harrington, #1)",David Weber,eng,ENG,4.11,28970,3643
3645,Bad Science,Ben Goldacre,eng,ENG,4.07,22692,3644
3646,Garlic and Sapphires: The Secret Life of a Critic in Disguise,Ruth Reichl,eng,ENG,3.92,26542,3645
3647,"Panserhjerte (Harry Hole, #8)",Jo Nesbø,nor,NOR,4.08,10991,3646
3648,"Wolf-Speaker (Immortals, #2)",Tamora Pierce,eng,ENG,4.21,37448,3647
3649,"Rock Me (Ross Siblings, #2)",Cherrie Lynn,en-US,EN-US,4.09,43448,3648
3650,A Supposedly Fun Thing I'll Never Do Again:  Essays and Arguments,David Foster Wallace,en-GB,EN-GB,4.28,23272,3649
3651,"Nana, Vol. 1 (Nana, #1)",Ai Yazawa,en-US,EN-US,4.21,28627,3650
3652,"Revenge of the Witch (The Last Apprentice / Wardstone Chronicles, #1)","Joseph Delaney, Patrick  Arrasmith",eng,ENG,3.97,27305,3651
3653,"The Sinner (Rizzoli & Isles, #3)",Tess Gerritsen,eng,ENG,4.12,28283,3652
3654,"Unseen Academicals (Discworld, #37; Rincewind #8)",Terry Pratchett,eng,ENG,3.97,30330,3653
3655,Second Chance Summer,Morgan Matson,eng,ENG,4.16,31983,3654
3656,Bergdorf Blondes,Plum Sykes,en-US,EN-US,3.26,23795,3655
3657,"The Chocolate War (Chocolate War, #1)",Robert Cormier,eng,ENG,3.48,31633,3656
3658,Beauty and the Beast (Disney),"Teddy Slater, Ron Dias, Ric González",unknown,UNKNOWN,4.4,26454,3657
3659,The Revenant,Michael Punke,unknown,UNKNOWN,3.92,19289,3658
3660,The Wake (The Sandman #10),"Neil Gaiman, Michael Zulli, Jon J. Muth, Charles Vess, Mikal Gilmore",eng,ENG,4.53,32360,3659
3661,The Innovator's Dilemma: The Revolutionary Book that Will Change the Way You Do Business (Collins Business Essentials),Clayton M. Christensen,unknown,UNKNOWN,4.0,21997,3660
3662,Lady and the Tramp,"Teddy Slater, Bill Langley, Ron Dias, Walt Disney Company",eng,ENG,4.36,28011,3661
3663,"Squire (Protector of the Small, #3)",Tamora Pierce,eng,ENG,4.27,37110,3662
3664,"Snakehead (Alex Rider, #7)",Anthony Horowitz,eng,ENG,4.15,32743,3663
3665,"Out of Sight, Out of Time (Gallagher Girls, #5)",Ally Carter,eng,ENG,4.35,39918,3664
3666,"Just for Now (Sea Breeze, #4)",Abbi Glines,eng,ENG,4.25,39625,3665
3667,Killing Jesus: A History,"Bill O'Reilly, Martin Dugard",eng,ENG,3.89,18107,3666
3668,"Sandstorm (Sigma Force, #1)",James Rollins,eng,ENG,3.94,29665,3667
3669,A Course in Miracles,Foundation for Inner Peace,unknown,UNKNOWN,4.17,17015,3668
3670,"Cibola Burn (The Expanse, #4)",James S.A. Corey,eng,ENG,4.12,21551,3669
3671,The Charm School,Nelson DeMille,en-GB,EN-GB,4.26,25706,3670
3672,"Y: The Last Man, Vol. 2: Cycles (Y: The Last Man, #2)","Brian K. Vaughan, Pia Guerra, José Marzán Jr.",eng,ENG,4.23,30504,3671
3673,"White Witch, Black Curse (The Hollows, #7)",Kim Harrison,en-US,EN-US,4.35,38315,3672
3674,The Power of Intention: Learning to Co-create Your World Your Way,Wayne W. Dyer,unknown,UNKNOWN,4.18,22361,3673
3675,Genghis Khan and the Making of the Modern World,Jack Weatherford,eng,ENG,4.01,25452,3674
3676,Sister Carrie,Theodore Dreiser,eng,ENG,3.72,27401,3675
3677,"The Gray Wolf Throne (Seven Realms, #3)",Cinda Williams Chima,eng,ENG,4.39,31763,3676
3678,"Laskar Pelangi (Tetralogi Laskar Pelangi, #1)",Andrea Hirata,ind,IND,4.15,18311,3677
3679,"Scott Pilgrim, Volume 6: Scott Pilgrim's Finest Hour",Bryan Lee O'Malley,eng,ENG,4.41,29308,3678
3680,"Blow Fly (Kay Scarpetta, #12)",Patricia Cornwell,en-US,EN-US,3.74,29283,3679
3681,"Chocolate Chip Cookie Murder (Hannah Swensen, #1)",Joanne Fluke,eng,ENG,3.72,31242,3680
3682,"Lost in Shangri-la: A True Story of Survival, Adventure, and the Most Incredible Rescue Mission of World War II",Mitchell Zuckoff,eng,ENG,3.82,27776,3681
3683,"The Disappearing Spoon: And Other True Tales of Madness, Love, and the History of the World from the Periodic Table of the Elements",Sam Kean,eng,ENG,3.9,26820,3682
3684,The Hellbound Heart,Clive Barker,eng,ENG,4.02,25074,3683
3685,Empty Mansions: The Mysterious Life of Huguette Clark and the Spending of a Great American Fortune,"Bill Dedman, Paul Clark Newell Jr.",eng,ENG,3.76,22819,3684
3686,Remarkable Creatures ,Tracy Chevalier,eng,ENG,3.81,29667,3685
3687,"Lord of Misrule (The Morganville Vampires, #5)",Rachel Caine,en-US,EN-US,4.18,38874,3686
3688,"The Cabinet of Curiosities (Pendergast, #3)","Douglas Preston, Lincoln Child",eng,ENG,4.26,29003,3687
3689,The Practice of the Presence of God,Brother Lawrence,unknown,UNKNOWN,4.32,23889,3688
3690,"Second Son (Jack Reacher, #15.5)",Lee Child,unknown,UNKNOWN,3.95,24230,3689
3691,Take Me with You,Catherine Ryan Hyde,en-US,EN-US,4.12,14164,3690
3692,Crossing to Safety,Wallace Stegner,eng,ENG,4.16,25578,3691
3693,"Buried Prey (Lucas Davenport, #21)",John Sandford,eng,ENG,4.23,24695,3692
3694,Love Does: Discover a Secretly Incredible Life in an Ordinary World,Bob Goff,en-US,EN-US,4.25,25791,3693
3695,The Intelligent Investor (Collins Business Essentials),"Benjamin Graham, Jason Zweig, Warren Buffett",eng,ENG,4.27,29825,3694
3696,The Universe in a Nutshell,Stephen Hawking,en-US,EN-US,4.13,23596,3695
3697,"The Heroes (First Law World, #5)",Joe Abercrombie,eng,ENG,4.26,24964,3696
3698,The Real Mother Goose,Blanche Fisher Wright,unknown,UNKNOWN,4.33,31643,3697
3699,An Ideal Husband,Oscar Wilde,en-US,EN-US,4.03,29952,3698
3700,Richard III,"William Shakespeare, John Jowett",unknown,UNKNOWN,3.92,29182,3699
3701,"After (After, #1)",Anna Todd,eng,ENG,3.74,32027,3700
3702,"Fire Study (Study, #3)",Maria V. Snyder,en-US,EN-US,3.95,40523,3701
3703,"The Human Stain (The American Trilogy, #3)",Philip Roth,eng,ENG,3.84,21724,3702
3704,The Bane Chronicles,"Cassandra Clare, Sarah Rees Brennan, Maureen Johnson, Cassandra Jean",eng,ENG,4.2,36885,3703
3705,"The Narrows (Harry Bosch, #10; Harry Bosch Universe, #12)",Michael Connelly,eng,ENG,4.09,26274,3704
3706,"The Opportunist (Love Me with Lies, #1)",Tarryn Fisher,eng,ENG,4.22,38511,3705
3707,"Wherever You Go, There You Are: Mindfulness Meditation in Everyday Life",Jon Kabat-Zinn,en-US,EN-US,4.11,24259,3706
3708,Kitchen,"Banana Yoshimoto, Megan Backus",eng,ENG,3.83,25797,3707
3709,"The Bourne Legacy (Jason Bourne, #4)",Eric Van Lustbader,eng,ENG,3.86,23352,3708
3710,"A Kingdom of Dreams (Westmoreland, #1)",Judith McNaught,eng,ENG,4.25,34308,3709
3711,"Ship Breaker (Ship Breaker, #1)",Paolo Bacigalupi,eng,ENG,3.74,31911,3710
3712,"Gregor and the Prophecy of Bane (Underland Chronicles, #2)",Suzanne Collins,eng,ENG,4.17,29586,3711
3713,Beach Road,"James Patterson, Peter de Jonge",eng,ENG,3.81,27240,3712
3714,"The Name of the Star (Shades of London, #1)",Maureen Johnson,unknown,UNKNOWN,3.9,22842,3713
3715,Nicholas Nickleby,"Charles Dickens, Mark Ford",eng,ENG,3.89,30272,3714
3716,"Dean Koontz's Frankenstein, Volume 1: Prodigal Son","Dean Koontz, Kevin J. Anderson, Chuck Dixon, Brett Booth",eng,ENG,4.09,25349,3715
3717,The Social Contract,"Jean-Jacques Rousseau, Maurice Cranston",eng,ENG,3.75,24397,3716
3718,"Chains (Seeds of America, #1)",Laurie Halse Anderson,eng,ENG,4.09,32493,3717
3719,El túnel,Ernesto Sabato,spa,SPA,4.04,23161,3718
3720,The Federalist Papers,"Alexander Hamilton, James Madison, John Jay, Philo-Publius, Clinton Rossiter, Charles R. Kessler",eng,ENG,4.05,24648,3719
3721,Keeping You a Secret,Julie Anne Peters,unknown,UNKNOWN,3.98,25864,3720
3722,"The Story of the Lost Child (The Neapolitan Novels, #4)","Elena Ferrante, Ann Goldstein",eng,ENG,4.39,21358,3721
3723,The Disreputable History of Frankie Landau-Banks,E. Lockhart,en-US,EN-US,3.82,35300,3722
3724,The Postmistress,"Sarah Blake, Orlagh Cassidy",eng,ENG,3.3,30320,3723
3725,"Rise of Empire (The Riyria Revelations, #3-4)",Michael J. Sullivan,eng,ENG,4.35,25757,3724
3726,Tweak: Growing Up On Methamphetamines,Nic Sheff,en-US,EN-US,3.93,23544,3725
3727,"The Rook (The Checquy Files, #1)",Daniel O'Malley,eng,ENG,4.12,27569,3726
3728,"The Looking Glass Wars (The Looking Glass Wars, #1)",Frank Beddor,en-US,EN-US,3.93,34581,3727
3729,"The Other Queen (The Plantagenet and Tudor Novels, #15)",Philippa Gregory,eng,ENG,3.62,32105,3728
3730,Labor Day,Joyce Maynard,en-GB,EN-GB,3.55,23043,3729
3731,"I Shall Wear Midnight (Discworld, #38; Tiffany Aching, #4)",Terry Pratchett,eng,ENG,4.35,30945,3730
3732,"Beautiful Player (Beautiful Bastard, #3)",Christina Lauren,eng,ENG,4.38,42635,3731
3733,"Creativity, Inc.: Overcoming the Unseen Forces That Stand in the Way of True Inspiration","Ed Catmull, Amy Wallace",eng,ENG,4.24,25488,3732
3734,The Diary of Frida Kahlo: An Intimate Self-Portrait,"Frida Kahlo, Carlos Fuentes, Sarah M. Lowe",eng,ENG,3.88,25038,3733
3735,Creepshow,"Stephen King, Bernie Wrightson, Michele Wrightson",en-US,EN-US,4.06,27690,3734
3736,Harry Potter Page to Screen: The Complete Filmmaking Journey,Bob McCabe,unknown,UNKNOWN,4.56,27361,3735
3737,"Gods and Generals (The Civil War Trilogy, #1)",Jeff Shaara,eng,ENG,4.05,25515,3736
3738,The Darkest Pleasure (Lords of the Underworld #3),Gena Showalter,eng,ENG,4.28,38040,3737
3739,"Many Waters (A Wrinkle in Time Quintet, #4)",Madeleine L'Engle,en-US,EN-US,4.01,33049,3738
3740,"Panda Bear, Panda Bear, What Do You See?","Bill Martin Jr., Eric Carle",en-US,EN-US,4.21,27402,3739
3741,"Love You More (Tessa Leoni, #1; Detective D.D. Warren, #5)",Lisa Gardner,eng,ENG,4.15,27629,3740
3742,"War Horse (War Horse, #1)",Michael Morpurgo,eng,ENG,4.13,24952,3741
3743,The Grouchy Ladybug,Eric Carle,unknown,UNKNOWN,4.09,26716,3742
3744,"A Drink Before the War (Kenzie & Gennaro, #1)",Dennis Lehane,en-US,EN-US,3.96,25800,3743
3745,"Heartsick (Archie Sheridan & Gretchen Lowell, #1)",Chelsea Cain,eng,ENG,3.92,27974,3744
3746,"Edenbrooke (Edenbrooke, #1)",Julianne Donaldson,eng,ENG,4.34,28536,3745
3747,The Perfume Collector,Kathleen Tessaro,eng,ENG,3.97,22544,3746
3748,"Seduction and Snacks (Chocolate Lovers, #1)",Tara Sivec,eng,ENG,4.14,32972,3747
3749,"Sweet Peril (Sweet, #2)",Wendy Higgins,eng,ENG,4.28,38229,3748
3750,"Reliquary (Pendergast, #2)","Douglas Preston, Lincoln Child",en-US,EN-US,4.0,27362,3749
3751,"Blood, Bones, and Butter: The Inadvertent Education of a Reluctant Chef",Gabrielle Hamilton,en-US,EN-US,3.71,24531,3750
3752,"Poirot Investiga (Hércules Poirot, #3)",Agatha Christie,spa,SPA,4.07,15476,3751
3753,"Harry Potter Collection (Harry Potter, #1-6)",J.K. Rowling,eng,ENG,4.73,24618,3752
3754,The Naked Sun (Robot #2),Isaac Asimov,en-US,EN-US,4.12,26532,3753
3755,Bartleby the Scrivener,Herman Melville,eng,ENG,3.9,26265,3754
3756,The Bazaar of Bad Dreams,Stephen King,eng,ENG,3.92,22054,3755
3757,"The Hypnotist (Joona Linna, #1)","Lars Kepler, Ann Long",eng,ENG,3.63,23690,3756
3758,"On a Pale Horse (Incarnations of Immortality, #1)",Piers Anthony,en-US,EN-US,4.13,29492,3757
3759,"Sookie Stackhouse 7-copy Boxed Set (Sookie Stackhouse, #1-7)",Charlaine Harris,unknown,UNKNOWN,4.43,25359,3758
3760,Are You Afraid of the Dark?,Sidney Sheldon,eng,ENG,3.64,21443,3759
3761,The Dirt: Confessions of the World's Most Notorious Rock Band,"Tommy Lee, Vince Neil, Nikki Sixx, Neil Strauss, Mick Mars, Tommy Lee",en-GB,EN-GB,4.16,22482,3760
3762,Ten Apples Up On Top!,"Theo LeSieg, Roy McKie",eng,ENG,4.11,28034,3761
3763,An American Tragedy,"Theodore Dreiser, Richard R. Lingeman",eng,ENG,3.94,25665,3762
3764,The Snows of Kilimanjaro and Other Stories,Ernest Hemingway,eng,ENG,3.88,21365,3763
3765,Anne McCaffrey's Dragonflight #1,"Brynne Stephens, Lela Dowling, Cynthia Martin, Anne McCaffrey",eng,ENG,4.44,29556,3764
3766,Silver Girl,Elin Hilderbrand,en-US,EN-US,3.87,24819,3765
3767,Practical Magic,Alice Hoffman,eng,ENG,3.8,32994,3766
3768,"Trapped (The Iron Druid Chronicles, #5)",Kevin Hearne,eng,ENG,4.28,27544,3767
3769,"Midnight for Charlie Bone (The Children of the Red King, #1)",Jenny Nimmo,en-US,EN-US,3.79,32917,3768
3770,"Illuminae (The Illuminae Files, #1)","Amie Kaufman, Jay Kristoff",eng,ENG,4.32,44500,3769
3771,"The Black Company (The Chronicles of the Black Company, #1)",Glen Cook,eng,ENG,3.96,27392,3770
3772,"War and Remembrance (The Henry Family, #2)",Herman Wouk,eng,ENG,4.38,26633,3771
3773,The Woman in Black,"Susan Hill, John Lawrence",eng,ENG,3.68,24200,3772
3774,The Best Christmas Pageant Ever (The Herdmans #1),Barbara Robinson,en-US,EN-US,4.18,32516,3773
3775,"A Game of Thrones / A Clash of Kings (A Song of Ice and Fire, #1-2)",George R.R. Martin,unknown,UNKNOWN,4.53,22259,3774
3776,"King Rat (Asian Saga, #4)",James Clavell,eng,ENG,4.1,25071,3775
3777,"Fear (Gone, #5)",Michael  Grant,en-US,EN-US,4.25,33178,3776
3778,"Never Never: Part Two (Never Never, #2)","Colleen Hoover, Tarryn Fisher",eng,ENG,4.12,31325,3777
3779,The Fourth Protocol,Frederick Forsyth,en-GB,EN-GB,3.99,24896,3778
3780,"Lord John and the Private Matter (Lord John Grey, #1)",Diana Gabaldon,eng,ENG,3.66,28653,3779
3781,"The Goddess Test (Goddess Test, #1)",Aimee Carter,eng,ENG,3.83,44328,3780
3782,"The Ghost Map: The Story of London's Most Terrifying Epidemic - and How It Changed Science, Cities, and the Modern World",Steven Johnson,eng,ENG,3.91,24895,3781
3783,"Eve (Eve, #1)",Anna Carey,en-US,EN-US,3.69,34746,3782
3784,"The Target (Will Robie, #3)",David Baldacci,eng,ENG,4.04,18115,3783
3785,On Photography,Susan Sontag,eng,ENG,3.84,22611,3784
3786,"Protect and Defend (Mitch Rapp, #10)",Vince Flynn,en-US,EN-US,4.34,23952,3785
3787,Songs in Ordinary Time,Mary McGarry Morris,eng,ENG,3.68,27034,3786
3788,Thunderstruck,Erik Larson,en-US,EN-US,3.67,24760,3787
3789,"Physics of the Impossible: A Scientific Exploration into the World of Phasers, Force Fields, Teleportation, and Time Travel",Michio Kaku,eng,ENG,4.07,22251,3788
3790,The Midwife's Apprentice,Karen Cushman,eng,ENG,3.71,33217,3789
3791,The Crimson Petal and the White,Michel Faber,eng,ENG,3.87,24932,3790
3792,A Spot of Bother,Mark Haddon,eng,ENG,3.46,23676,3791
3793,"Silver Shadows (Bloodlines, #5)",Richelle Mead,en-US,EN-US,4.37,38152,3792
3794,"Tales of the City (Tales of the City, #1)",Armistead Maupin,eng,ENG,4.06,23666,3793
3795,"Perelandra (Space Trilogy, #2)",C.S. Lewis,en-US,EN-US,3.97,26791,3794
3796,"Tricks (Tricks, #1)",Ellen Hopkins,eng,ENG,4.29,28687,3795
3797,Eaters of the Dead,Michael Crichton,unknown,UNKNOWN,3.64,24885,3796
3798,"Heir of Novron (The Riyria Revelations, #5-6)",Michael J. Sullivan,eng,ENG,4.46,25185,3797
3799,The Legend of Sleepy Hollow,Washington Irving,eng,ENG,3.74,25433,3798
3800,Just the Sexiest Man Alive,Julie James,en-US,EN-US,3.94,36473,3799
3801,"10th Anniversary (Women's Murder Club, #10)","James Patterson, Maxine Paetro",eng,ENG,4.05,27052,3800
3802,The Island,Victoria Hislop,en-GB,EN-GB,3.99,23415,3801
3803,The Good Guy,Dean Koontz,eng,ENG,3.81,27061,3802
3804,Whispers,Dean Koontz,en-US,EN-US,3.9,26304,3803
3805,"The Weed That Strings the Hangman's Bag (Flavia de Luce, #2)",Alan Bradley,eng,ENG,3.99,33519,3804
3806,Hideaway,Dean Koontz,eng,ENG,3.82,27511,3805
3807,"Knots and Crosses (Inspector Rebus, #1)","Ian Rankin, Mircea Pricăjan",eng,ENG,3.83,26055,3806
3808,A Good Man is Hard to Find and Other Stories,Flannery O'Connor,unknown,UNKNOWN,4.24,25504,3807
3809,"The Walking Dead, Vol. 02: Miles Behind Us","Robert Kirkman, Charlie Adlard",en-GB,EN-GB,4.25,26082,3808
3810,Tribes: We Need You to Lead Us,Seth Godin,en-US,EN-US,3.84,23803,3809
3811,Wasted: A Memoir of Anorexia and Bulimia,Marya Hornbacher,eng,ENG,3.99,25452,3810
3812,Every Last One,Anna Quindlen,eng,ENG,3.83,26623,3811
3813,Alice's Adventures in Wonderland & Other Stories,"Lewis Carroll, John Tenniel",eng,ENG,4.22,24607,3812
3814,"Black Magic Sanction (The Hollows, #8)",Kim Harrison,eng,ENG,4.39,36216,3813
3815,"Wheat Belly: Lose the Wheat, Lose the Weight, and Find Your Path Back to Health",William  Davis,eng,ENG,3.71,21263,3814
3816,"End of Days (Penryn & the End of Days, #3)",Susan Ee,eng,ENG,4.1,27238,3815
3817,The Best of H.P. Lovecraft: Bloodcurdling Tales of Horror and the Macabre,"H.P. Lovecraft, August Derleth, Robert Bloch",eng,ENG,4.31,25841,3816
3818,"The Crystal Cave (Arthurian Saga, #1)",Mary  Stewart,en-US,EN-US,4.12,34643,3817
3819,"Pale Demon (The Hollows, #9)",Kim Harrison,en-US,EN-US,4.45,35141,3818
3820,The Call of Cthulhu and Other Weird Stories,"H.P. Lovecraft, S.T. Joshi",en-US,EN-US,4.25,25663,3819
3821,"Conversations with God: An Uncommon Dialogue, Book 1",Neale Donald Walsch,eng,ENG,4.15,21977,3820
3822,You're Never Weird on the Internet (Almost),"Felicia Day, Joss Whedon",eng,ENG,4.14,28276,3821
3823,Now You See Her,"James Patterson, Michael Ledwidge",en-US,EN-US,3.98,23426,3822
3824,"Glory in Death (In Death, #2)",J.D. Robb,eng,ENG,4.25,35158,3823
3825,"Hawkeye, Volume 1: My Life as a Weapon","Matt Fraction, David Aja, Javier Pulido, Matt Hollingsworth, Chris Eliopoulos, Alan Davis",eng,ENG,4.17,31993,3824
3826,"Over Sea, Under Stone (The Dark Is Rising, #1)",Susan Cooper,unknown,UNKNOWN,3.85,34020,3825
3827,Batman: Hush,"Jeph Loeb, Jim Lee, Scott Williams, Alex Sinclair, Richard Starkings",eng,ENG,4.29,24125,3826
3828,After the Quake,"Haruki Murakami, Jay Rubin",eng,ENG,3.78,22682,3827
3829,"I, Alex Cross (Alex Cross, #16)",James Patterson,eng,ENG,3.98,27046,3828
3830,"Love That Dog (Jack, #1)",Sharon Creech,en-US,EN-US,4.01,30254,3829
3831,A Man Named Dave (Dave Pelzer #3),Dave Pelzer,en-US,EN-US,3.87,23605,3830
3832,"Danse Macabre (Anita Blake, Vampire Hunter, #14)",Laurell K. Hamilton,eng,ENG,3.81,36848,3831
3833,"Tarzan of the Apes (Tarzan, #1)",Edgar Rice Burroughs,eng,ENG,3.88,27529,3832
3834,"The White Dragon (Pern, #3)",Anne McCaffrey,unknown,UNKNOWN,4.17,33172,3833
3835,"Bright Lights, Big Ass: A Self-Indulgent, Surly, Ex-Sorority Girl's Guide to Why It Often Sucks in the City, or Who Are These Idiots and Why Do They All Live Next Door to Me?",Jen Lancaster,eng,ENG,4.07,26690,3834
3836,"The Magic Faraway Tree (The Faraway Tree, #2)",Enid Blyton,eng,ENG,4.29,26364,3835
3837,The Robber Bride,Margaret Atwood,eng,ENG,3.82,29797,3836
3838,"Pleasure Unbound (Demonica, #1)",Larissa Ione,eng,ENG,4.07,40836,3837
3839,"Midnight Awakening (Midnight Breed, #3)",Lara Adrian,eng,ENG,4.25,34491,3838
3840,The Shock of the New,Robert Hughes,unknown,UNKNOWN,3.73,21410,3839
3841,A Prisoner of Birth,Jeffrey Archer,en-US,EN-US,4.09,21932,3840
3842,"Thirst No. 2: Phantom, Evil Thirst, and Creatures of Forever (Thirst, #2)",Christopher Pike,en-US,EN-US,4.06,26045,3841
3843,Thr3e,Ted Dekker,unknown,UNKNOWN,4.08,24907,3842
3844,King Leopold's Ghost,Adam Hochschild,en-US,EN-US,4.15,25021,3843
3845,Guilty Wives,"James Patterson, David Ellis",eng,ENG,3.82,22665,3844
3846,"Between the Lines (Between the Lines, #1)","Jodi Picoult, Samantha van Leer",eng,ENG,3.58,29791,3845
3847,The Midwife's Confession,Diane Chamberlain,eng,ENG,4.05,24283,3846
3848,"Tales from a Not-So-Talented Pop Star (Dork Diaries, #3)",Rachel Renée Russell,eng,ENG,4.31,22337,3847
3849,Habibi,Craig Thompson,eng,ENG,4.04,27673,3848
3850,"The House of Silk (Sherlock Holmes, #1)",Anthony Horowitz,eng,ENG,3.95,23541,3849
3851,"The Lion's Game (John Corey, #2)",Nelson DeMille,unknown,UNKNOWN,4.17,23780,3850
3852,"Deity (Covenant, #3)",Jennifer L. Armentrout,eng,ENG,4.41,39069,3851
3853,Walden & Civil Disobedience,"Henry David Thoreau, W.S. Merwin",eng,ENG,3.96,26412,3852
3854,"Black Bird, Vol. 01 (Black Bird, #1)","Kanoko Sakurakouji, JN Productions, Pancha Diaz",eng,ENG,4.08,27196,3853
3855,"Paper Princess (The Royals, #1)","Erin Watt, Elle Kennedy, Jen Frederick",eng,ENG,4.08,34831,3854
3856,Little Children,Tom Perrotta,unknown,UNKNOWN,3.61,24109,3855
3857,The Boys from Brazil,Ira Levin,eng,ENG,4.05,25448,3856
3858,"Interesting Times (Discworld, #17; Rincewind #5)",Terry Pratchett,en-US,EN-US,4.17,26733,3857
3859,Dark Desires After Dusk (Immortals After Dark #6),Kresley Cole,en-CA,EN-CA,4.38,35300,3858
3860,"Searching for Dragons (Enchanted Forest Chronicles, #2)","Patricia C. Wrede, Peter de Sève",en-US,EN-US,4.25,35016,3859
3861,The Sandcastle Girls,Chris Bohjalian,unknown,UNKNOWN,3.86,26623,3860
3862,"Kiss of Death (The Morganville Vampires, #8)","Rachel Caine, Cynthia Holloway",eng,ENG,4.22,33464,3861
3863,"Fixed on You (Fixed, #1)",Laurelin Paige,eng,ENG,4.16,37797,3862
3864,"Maximum Ride, Vol. 1 (Maximum Ride: The Manga, #1)","James Patterson, NaRae Lee",eng,ENG,4.24,26254,3863
3865,"The Last Boyfriend (Inn BoonsBoro, #2)","Nora Roberts, MacLeod Andrews",eng,ENG,4.06,26861,3864
3866,"The Boy in the Suitcase (Nina Borg, #1)","Lene Kaaberbøl, Agnete Friis",eng,ENG,3.6,21666,3865
3867,So You've Been Publicly Shamed,Jon Ronson,eng,ENG,3.91,22484,3866
3868,The Symposium,"Plato, Christopher Gill",eng,ENG,4.01,22413,3867
3869,Vernon God Little,D.B.C. Pierre,eng,ENG,3.58,22284,3868
3870,"A Darkness More Than Night (Harry Bosch, #7; Terry McCaleb, #2; Harry Bosch Universe, #9)",Michael Connelly,eng,ENG,4.12,25552,3869
3871,Otherwise Known as Sheila the Great (Fudge #2),Judy Blume,unknown,UNKNOWN,3.94,31847,3870
3872,for colored girls who have considered suicide/when the rainbow is enuf,Ntozake Shange,en-US,EN-US,4.27,24288,3871
3873,The Obsession,Nora Roberts,eng,ENG,4.18,25318,3872
3874,"Micah (Anita Blake, Vampire Hunter, #13)",Laurell K. Hamilton,en-US,EN-US,3.62,37410,3873
3875,"Twice Bitten (Chicagoland Vampires, #3)",Chloe Neill,eng,ENG,4.23,38287,3874
3876,"The Last Precinct (Kay Scarpetta, #11)",Patricia Cornwell,eng,ENG,3.83,26250,3875
3877,Girls in White Dresses,Jennifer Close,eng,ENG,3.12,25167,3876
3878,Cold Comfort Farm,"Stella Gibbons, Lynne Truss, Roz Chast",eng,ENG,3.92,28260,3877
3879,"Just One Year (Just One Day, #2)",Gayle Forman,eng,ENG,3.9,31517,3878
3880,"One with You (Crossfire, #5)",Sylvia Day,eng,ENG,4.04,29564,3879
3881,Vincent Van Gogh: The Complete Paintings,"Rainer Metzger, Ingo F. Walther",eng,ENG,4.14,24000,3880
3882,"The $100 Startup: Reinvent the Way You Make a Living, Do What You Love, and Create a New Future",Chris Guillebeau,eng,ENG,3.85,26097,3881
3883,"The Lust Lizard of Melancholy Cove (Pine Cove, #2)",Christopher Moore,en-US,EN-US,3.85,26312,3882
3884,"Mona Lisa Overdrive (Sprawl, #3)",William Gibson,eng,ENG,3.97,26410,3883
3885,Born a Crime: Stories From a South African Childhood,Trevor Noah,eng,ENG,4.49,42573,3884
3886,"The Cay (The Cay, #1)",Theodore Taylor,en-US,EN-US,3.74,25832,3885
3887,The Secret (Highlands' Lairds #1),Julie Garwood,eng,ENG,4.26,32089,3886
3888,North of Beautiful,Justina Chen,en-US,EN-US,3.92,32034,3887
3889,The Stone Diaries,Carol Shields,eng,ENG,3.84,27989,3888
3890,The Power of a Praying Woman,Stormie Omartian,unknown,UNKNOWN,4.38,10970,3889
3891,"Shoe Addicts Anonymous (Shoe Addict, #1)",Beth Harbison,eng,ENG,3.57,24029,3890
3892,Smilla's Sense of Snow,"Peter Høeg, Tiina Nunnally",eng,ENG,3.73,25868,3891
3893,Shakespeare: The World as Stage,Bill Bryson,en-US,EN-US,3.79,25343,3892
3894,The Smoke Jumper,Nicholas Evans,eng,ENG,4.05,25668,3893
3895,Willow,Julia Hoban,en-US,EN-US,3.94,28342,3894
3896,Living History,Hillary Rodham Clinton,en-US,EN-US,3.75,23870,3895
3897,Batman: Dark Victory,"Jeph Loeb, Tim Sale",eng,ENG,4.11,22838,3896
3898,The Hare With Amber Eyes: A Family's Century of Art and Loss,Edmund de Waal,eng,ENG,3.85,21885,3897
3899,A Spell for Chameleon (Xanth #1),Piers Anthony,unknown,UNKNOWN,3.93,29962,3898
3900,"Hand, Hand, Fingers, Thumb","Al Perkins, Eric Gurney",unknown,UNKNOWN,4.22,24029,3899
3901,"Starters (Starters, #1)",Lissa Price,eng,ENG,3.91,32143,3900
3902,Dark Needs at Night's Edge (Immortals After Dark #5),Kresley Cole,eng,ENG,4.32,36250,3901
3903,Pedro Páramo,"Juan Rulfo, Margaret Sayers Peden, Susan Sontag",eng,ENG,4.04,20450,3902
3904,"Anne of Ingleside (Anne of Green Gables, #6)",L.M. Montgomery,en-US,EN-US,4.05,36641,3903
3905,The Middle Place,Kelly Corrigan,unknown,UNKNOWN,3.85,24282,3904
3906,Deal Breaker (Myron Bolitar #1),Harlan Coben,eng,ENG,3.94,28921,3905
3907,The Waste Land,"T.S. Eliot, Michael North",eng,ENG,4.11,29008,3906
3908,The Royal We,"Heather Cocks, Jessica  Morgan",eng,ENG,3.8,25312,3907
3909,"The Viscount Who Loved Me (Bridgertons, #2)",Julia Quinn,eng,ENG,4.19,35591,3908
3910,"Peter and the Shadow Thieves (Peter and the Starcatchers, #2)","Dave Barry, Ridley Pearson, Greg Call",en-US,EN-US,4.15,29555,3909
3911,Drown,Junot Díaz,unknown,UNKNOWN,4.05,23295,3910
3912,The Beach House,Jane Green,en-US,EN-US,3.62,25412,3911
3913,Immortality,Milan Kundera,en-US,EN-US,4.12,18574,3912
3914,"Best Kept Secret (The Clifton Chronicles, #3)",Jeffrey Archer,eng,ENG,3.94,18673,3913
3915,"Spin (Spin, #1)",Robert Charles Wilson,en-US,EN-US,4.01,26015,3914
3916,Long Day's Journey Into Night,Eugene O'Neill,eng,ENG,4.07,27215,3915
3917,"Hellsing, Vol. 01 (Hellsing, #1)","Kohta Hirano, Duane Johnson",eng,ENG,4.28,23895,3916
3918,"Soul Harvest: The World Takes Sides (Left Behind, #4)","Tim LaHaye, Jerry B. Jenkins",en-US,EN-US,3.95,25675,3917
3919,Twisted,Laurie Halse Anderson,eng,ENG,3.83,29573,3918
3920,"The Physician (Cole Family Trilogy, #1)",Noah Gordon,eng,ENG,4.35,19310,3919
3921,"Prodigal Son (Dean Koontz's Frankenstein, #1)","Dean Koontz, Kevin J. Anderson, Scott Brick",eng,ENG,4.01,25871,3920
3922,How Do Dinosaurs Say Good Night?,"Jane Yolen, Mark Teague",eng,ENG,4.13,27968,3921
3923,A Book of Five Rings: The Classic Guide to Strategy,"Miyamoto Musashi, Victor Harris",unknown,UNKNOWN,4.09,19246,3922
3924,Tick Tock,Dean Koontz,unknown,UNKNOWN,3.71,25679,3923
3925,The Icarus Agenda,Robert Ludlum,en-US,EN-US,3.93,24170,3924
3926,Demon from the Dark (Immortals After Dark #10),Kresley Cole,eng,ENG,4.47,34257,3925
3927,"The King (Black Dagger Brotherhood, #12)",J.R. Ward,eng,ENG,4.37,17398,3926
3928,When Nietzsche Wept,Irvin D. Yalom,eng,ENG,4.25,18054,3927
3929,"The Crossing (The Border Trilogy, #2)",Cormac McCarthy,eng,ENG,4.11,21586,3928
3930,The Nicomachean Ethics,"Aristotle, J.A.K. Thomson, Jonathan Barnes, Hugh Tredennick",eng,ENG,3.91,19380,3929
3931,Not a Fan: Becoming a Completely Committed Follower of Jesus,Kyle Idleman,eng,ENG,4.23,22613,3930
3932,"Scott Pilgrim, Volume 3: Scott Pilgrim & The Infinite Sadness",Bryan Lee O'Malley,unknown,UNKNOWN,4.29,28569,3931
3933,Spook: Science Tackles the Afterlife,Mary Roach,en-US,EN-US,3.57,26306,3932
3934,Songs of Innocence and of Experience,William Blake,en-US,EN-US,4.11,26608,3933
3935,"Sugar Daddy (Travises, #1)",Lisa Kleypas,en-US,EN-US,4.0,31604,3934
3936,The Berenstain Bears and the Messy Room,"Stan Berenstain, Jan Berenstain",en-US,EN-US,4.16,27997,3935
3937,Blaze,"Richard Bachman, Stephen King",en-US,EN-US,3.65,27673,3936
3938,"Demon Lord of Karanda (The Malloreon, #3)",David Eddings,en-US,EN-US,4.05,30618,3937
3939,History of Art,"H.W. Janson, Anthony F. Janson",eng,ENG,3.8,22146,3938
3940,"Ice Cold (Rizzoli & Isles, #8)",Tess Gerritsen,en-US,EN-US,4.14,24651,3939
3941,"The Winter King (The Warlord Chronicles, #1)",Bernard Cornwell,eng,ENG,4.27,23540,3940
3942,"Sin City, Vol. 2: A Dame to Kill For (Sin City, #2)",Frank Miller,eng,ENG,4.16,23170,3941
3943,"Leaving Paradise (Leaving Paradise, #1)",Simone Elkeles,eng,ENG,4.02,37323,3942
3944,"D.N.Angel, Vol. 1 (D.N.Angel, #1)",Yukiru Sugisaki,en-US,EN-US,4.01,25247,3943
3945,Total Control,David Baldacci,en-US,EN-US,4.06,24438,3944
3946,Matterhorn,Karl Marlantes,eng,ENG,4.25,22525,3945
3947,"The Mysterious Benedict Society and the Perilous Journey (The Mysterious Benedict Society, #2)","Trenton Lee Stewart, Diana Sudyka",en-US,EN-US,4.19,31395,3946
3948,Henry V,"William Shakespeare, Barbara A. Mowat, Paul Werstine",eng,ENG,3.87,29341,3947
3949,Politics,Aristotle,eng,ENG,3.91,22128,3948
3950,The Wolf of Wall Street,Jordan Belfort,eng,ENG,3.67,18289,3949
3951,The Cost of Discipleship,Dietrich Bonhoeffer,eng,ENG,4.35,23544,3950
3952,A Gentleman in Moscow,Amor Towles,eng,ENG,4.37,33394,3951
3953,The New Jim Crow: Mass Incarceration in the Age of Colorblindness,Michelle Alexander,eng,ENG,4.49,23205,3952
3954,Hunger,"Knut Hamsun, George Egerton",eng,ENG,4.09,21394,3953
3955,The Book of Unknown Americans,Cristina Henriquez,eng,ENG,3.85,22461,3954
3956,"Fever (The Chemical Garden, #2)",Lauren DeStefano,eng,ENG,3.79,37188,3955
3957,"B is for Burglar  (Kinsey Millhone, #2)",Sue Grafton,eng,ENG,3.83,32733,3956
3958,"When Will There Be Good News? (Jackson Brodie, #3)",Kate Atkinson,en-US,EN-US,3.97,25366,3957
3959,The Joker,"Brian Azzarello, Lee Bermejo",eng,ENG,4.04,23033,3958
3960,Night Watch (Watch #1),"Sergei Lukyanenko, Andrew Bromfield",eng,ENG,3.97,25574,3959
3961,Dept. of Speculation,Jenny Offill,eng,ENG,3.72,20253,3960
3962,Secrets of a Charmed Life,Susan Meissner,eng,ENG,4.17,21375,3961
3963,The Great Santini,Pat Conroy,eng,ENG,4.13,22921,3962
3964,Johnny Got His Gun,Dalton Trumbo,eng,ENG,4.16,24871,3963
3965,"Angels Flight (Harry Bosch, #6; Harry Bosch Universe, #7)",Michael Connelly,eng,ENG,4.13,25469,3964
3966,"Teacher Man (Frank McCourt, #3)",Frank McCourt,en-CA,EN-CA,3.73,23736,3965
3967,"Vampire Kisses: The Beginning (Vampire Kisses, #1-3)",Ellen Schreiber,en-US,EN-US,4.12,25698,3966
3968,"The Last Guardian (Artemis Fowl, #8)",Eoin Colfer,eng,ENG,4.15,34459,3967
3969,Planet of the Apes,"Pierre Boulle, Xan Fielding",eng,ENG,3.91,22742,3968
3970,"Ghost Town (The Morganville Vampires, #9)",Rachel Caine,en-US,EN-US,4.27,31362,3969
3971,Evergreen,Belva Plain,eng,ENG,3.98,23790,3970
3972,"Experiencing God: Knowing and Doing the Will of God, Workbook","Henry T. Blackaby, Claude V. King, Richard Blackaby",unknown,UNKNOWN,4.32,21778,3971
3973,Deliverance,James Dickey,eng,ENG,3.86,24522,3972
3974,"Dragonsinger (Harper Hall, #2)",Anne McCaffrey,eng,ENG,4.26,31874,3973
3975,"Boundless (Unearthly, #3)",Cynthia Hand,eng,ENG,4.15,36433,3974
3976,The Whistler,John Grisham,en-GB,EN-GB,3.87,34797,3975
3977,"D.Gray-man, Volume 01","Katsura Hoshino, Mayumi Kobayashi",eng,ENG,4.21,23910,3976
3978,The Robots of Dawn (Robot #3),Isaac Asimov,eng,ENG,4.13,26075,3977
3979,The Rule of Four,"Ian Caldwell, Dustin Thomason",eng,ENG,3.22,22724,3978
3980,"The Redemption of Callie & Kayden (The Coincidence, #2)",Jessica Sorensen,eng,ENG,4.11,38452,3979
3981,"Avatar: The Last Airbender (The Search, #1)","Gene Luen Yang, Bryan Konietzko, Michael Dante DiMartino, Dave Marshall, Gurihiru",eng,ENG,4.29,19675,3980
3982,"The Closers (Harry Bosch, #11; Harry Bosch Universe, #13)",Michael Connelly,eng,ENG,4.08,24688,3981
3983,"Fire and Ice (Warriors, #2)",Erin Hunter,eng,ENG,4.36,30745,3982
3984,The Darkest Whisper (Lords of the Underworld #4),Gena Showalter,eng,ENG,4.33,35144,3983
3985,Love Is a Mix Tape,Rob Sheffield,en-US,EN-US,3.83,21971,3984
3986,Please Kill Me: The Uncensored Oral History of Punk,"Legs McNeil, Gillian McCain",en-US,EN-US,4.16,20652,3985
3987,The Things We Wish Were True,Marybeth Mayhew Whalen,eng,ENG,3.83,20868,3986
3988,"Frog and Toad All Year (Frog and Toad, #3)",Arnold Lobel,en-US,EN-US,4.34,28930,3987
3989,"The Dark Elf Trilogy Collector's Edition (Forgotten Realms: Dark Elf Trilogy, #1-3; Legend of Drizzt, #1-3)",R.A. Salvatore,eng,ENG,4.33,20722,3988
3990,"The Harlequin (Anita Blake, Vampire Hunter #15)",Laurell K. Hamilton,en-US,EN-US,3.9,35620,3989
3991,So B. It,Sarah Weeks,eng,ENG,4.1,26658,3990
3992,"Found (The Missing, #1)",Margaret Peterson Haddix,eng,ENG,3.97,30807,3991
3993,First Comes Love,Emily Giffin,eng,ENG,3.6,22055,3992
3994,The Basketball Diaries,Jim Carroll,eng,ENG,3.98,23739,3993
3995,"Sin City, Vol. 4: That Yellow Bastard (Sin City, #4)",Frank Miller,eng,ENG,4.22,22932,3994
3996,"Krew elfów (Saga o Wiedźminie, #3)",Andrzej Sapkowski,pol,POL,4.23,11981,3995
3997,Little Altars Everywhere,Rebecca Wells,unknown,UNKNOWN,3.55,25045,3996
3998," Angels (Walsh Family, #3)",Marian Keyes,en-US,EN-US,3.73,25680,3997
3999,"A World Without Heroes (Beyonders, #1)",Brandon Mull,en-US,EN-US,4.07,27160,3998
4000,"The Kings of Clonmel (Ranger's Apprentice, #8)",John Flanagan,eng,ENG,4.29,30299,3999
4001,The Fireman,Joe Hill,eng,ENG,3.92,17052,4000
4002,"The Revenge of Seven (Lorien Legacies, #5)",Pittacus Lore,eng,ENG,4.28,26075,4001
4003,Ben-Hur: A Tale of the Christ,Lew Wallace,eng,ENG,4.02,25280,4002
4004,Homage to Catalonia,"George Orwell, Lionel Trilling",eng,ENG,4.14,22227,4003
4005,Good Grief,Lolly Winston,en-US,EN-US,3.72,24273,4004
4006,"A Knight of the Seven Kingdoms (The Tales of Dunk and Egg, #1-3)","George R.R. Martin, Gary Gianni",eng,ENG,4.19,20009,4005
4007,"Misguided Angel (Blue Bloods, #5)",Melissa de la Cruz,en-US,EN-US,3.93,33454,4006
4008,"Undeniable (Undeniable, #1)",Madeline Sheehan,eng,ENG,4.08,38501,4007
4009,Four Blondes,Candace Bushnell,unknown,UNKNOWN,2.8,22278,4008
4010,There Was An Old Lady Who Swallowed A Fly (Classic Books),Pam Adams,unknown,UNKNOWN,4.2,26360,4009
4011,"The Girl In The Ice (Detective Erika Foster, #1)",Robert Bryndza,eng,ENG,3.95,33739,4010
4012,"Buffy the Vampire Slayer: The Long Way Home (Season 8, #1)","Joss Whedon, Georges Jeanty",en-CA,EN-CA,3.96,26561,4011
4013,Medium Raw: A Bloody Valentine to the World of Food and the People Who Cook,Anthony Bourdain,en-US,EN-US,3.73,21973,4012
4014,"Emily of New Moon (Emily, #1)",L.M. Montgomery,eng,ENG,4.09,33317,4013
4015,Heart of a Dog,"Mikhail Bulgakov, Mirra Ginsburg, Mikhail Bulgakov",eng,ENG,4.14,20086,4014
4016,Grendel,John Gardner,en-US,EN-US,3.69,25787,4015
4017,"The Pale Horseman (The Saxon Stories, #2)",Bernard Cornwell,en-US,EN-US,4.27,21686,4016
4018,Chaos: Making a New Science,James Gleick,eng,ENG,3.98,21703,4017
4019,Marvels,"Kurt Busiek, Alex Ross",eng,ENG,4.21,21636,4018
4020,A Hologram for the King,Dave Eggers,eng,ENG,3.29,20094,4019
4021,The Future of Us,"Jay Asher, Carolyn Mackler",en-US,EN-US,3.58,32986,4020
4022,"Cross Country (Alex Cross, #14)",James Patterson,eng,ENG,3.83,26068,4021
4023,"Rock Chick (Rock Chick, #1)",Kristen Ashley,en-GB,EN-GB,4.2,41292,4022
4024,"The Program (The Program, #1)",Suzanne Young,eng,ENG,4.07,30517,4023
4025,"City of Bones (Harry Bosch, #8; Harry Bosch Universe, #10)",Michael Connelly,eng,ENG,4.04,25096,4024
4026,Judas Unchained,Peter F. Hamilton,eng,ENG,4.3,20850,4025
4027,"Morality for Beautiful Girls (No. 1 Ladies' Detective Agency, #3)",Alexander McCall Smith,eng,ENG,3.97,29574,4026
4028,Going Too Far,Jennifer Echols,en-US,EN-US,3.93,35071,4027
4029,The Son,Philipp Meyer,eng,ENG,3.98,19821,4028
4030,"The Dream Hunter (Dark-Hunter #10, Dream-Hunter #1)",Sherrilyn Kenyon,en-US,EN-US,4.06,34888,4029
4031,Island of the Sequined Love Nun,"Christopher Moore, Oliver Wyman",en-GB,EN-GB,3.78,25166,4030
4032,All the Ugly and Wonderful Things,Bryn Greenwood,eng,ENG,4.12,30089,4031
4033,The Moon and More,Sarah Dessen,eng,ENG,3.63,29896,4032
4034,Time Enough for Love,Robert A. Heinlein,eng,ENG,3.96,25603,4033
4035,The Barefoot Contessa Cookbook,"Ina Garten, Melanie Acevedo",en-GB,EN-GB,4.21,22497,4034
4036,"Virals (Virals, #1)","Kathy Reichs, Brendan Reichs",en-US,EN-US,3.94,30226,4035
4037,"An Invisible Thread: The True Story of an 11-Year-Old Panhandler, a Busy Sales Executive, and an Unlikely Meeting with Destiny","Laura Schroff, Alex Tresniowski, Valerie Salembier",eng,ENG,4.0,22781,4036
4038,"Marked / Betrayed / Chosen / Untamed (House of Night, #1-4)","P.C. Cast, Kristin Cast",eng,ENG,4.37,22276,4037
4039,Mennonite in a Little Black Dress: A Memoir of Going Home,Rhoda Janzen,en-US,EN-US,3.17,23096,4038
4040,The Simple Truth,David Baldacci,en-US,EN-US,4.03,23615,4039
4041,"The City of Mirrors (The Passage, #3)",Justin Cronin,eng,ENG,4.2,16352,4040
4042,"Ramona Forever (Ramona, #7)",Beverly Cleary,unknown,UNKNOWN,4.05,26685,4041
4043,Anne Frank: Beyond the Diary - A Photographic Remembrance,"Ruud van der Rol, Rian Verhoeven, Anna Quindlen, Anne Frank, Tony Langham, Plym Peters",unknown,UNKNOWN,4.25,22725,4042
4044,"Kushiel's Chosen (Phèdre's Trilogy, #2)",Jacqueline Carey,en-US,EN-US,4.31,28621,4043
4045,Half Girlfriend,Chetan Bhagat,en-CA,EN-CA,3.16,22082,4044
4046,The Far Side Gallery 3,Gary Larson,unknown,UNKNOWN,4.45,24199,4045
4047,"Parable of the Sower (Earthseed, #1)",Octavia E. Butler,eng,ENG,4.14,25577,4046
4048,"11th Hour (Women's Murder Club, #11)","James Patterson, Maxine Paetro",eng,ENG,4.02,22697,4047
4049,"Earth Unaware (The First Formic War, #1)","Orson Scott Card, Aaron Johnston",en-US,EN-US,3.91,27961,4048
4050,When Things Fall Apart: Heart Advice for Difficult Times,Pema Chödrön,unknown,UNKNOWN,4.29,20761,4049
4051,The American Heiress,Daisy Goodwin,eng,ENG,3.41,23992,4050
4052,"Seeds of Yesterday (Dollanganger, #4)",V.C. Andrews,en-US,EN-US,3.81,27307,4051
4053,The Three Little Pigs (Disney Classic),"Al Dempster, Milt Banta, Golden Books, Walt Disney Company",unknown,UNKNOWN,4.19,25466,4052
4054,Andy Goldsworthy: A Collaboration with Nature,Andy Goldsworthy,unknown,UNKNOWN,3.95,20745,4053
4055,Jesus' Son,Denis Johnson,eng,ENG,4.15,20120,4054
4056,"The Last Man (Mitch Rapp, #13)",Vince Flynn,en-US,EN-US,4.34,21240,4055
4057,Saving Fish from Drowning,Amy Tan,eng,ENG,3.41,24579,4056
4058,Love Anthony,Lisa Genova,eng,ENG,3.94,22838,4057
4059,Purple Cow: Transform Your Business by Being Remarkable,Seth Godin,eng,ENG,3.78,25230,4058
4060,"The Last Star (The 5th Wave, #3)",Rick Yancey,eng,ENG,3.64,30324,4059
4061,"Scott Pilgrim, Volume 4: Scott Pilgrim Gets It Together","Bryan Lee O'Malley, Steve Buccellato",unknown,UNKNOWN,4.32,27532,4060
4062,QB VII,Leon Uris,eng,ENG,4.17,24396,4061
4063,"The Aeronaut's Windlass (The Cinder Spires, #1)",Jim Butcher,eng,ENG,4.18,20845,4062
4064,From Hell,"Alan Moore, Eddie Campbell, Pete Mullins",eng,ENG,4.16,23971,4063
4065,"Black Rose (In the Garden, #2)",Nora Roberts,eng,ENG,4.03,29058,4064
4066,"The Perfect Husband (Quincy & Rainie, #1)",Lisa Gardner,eng,ENG,4.01,26578,4065
4067,The Eight (The Eight #1),Katherine Neville,eng,ENG,3.92,22928,4066
4068,"Daddy-Long-Legs (Daddy-Long-Legs, #1)",Jean Webster,eng,ENG,4.09,20889,4067
4069,East,Edith Pattou,en-US,EN-US,4.14,30596,4068
4070,"Dragonquest (Pern, #2)",Anne McCaffrey,en-US,EN-US,4.09,31971,4069
4071,Civilization and Its Discontents,"Sigmund Freud, James Strachey, Peter Gay",en-US,EN-US,3.76,21447,4070
4072,A Street Cat Named Bob: How One Man and His Cat Found Hope on the Streets,James Bowen,eng,ENG,3.96,17971,4071
4073,"Complete Me (Stark Trilogy, #3)",J. Kenner,eng,ENG,4.23,32212,4072
4074,"Fool's Assassin (The Fitz and the Fool, #1)",Robin Hobb,eng,ENG,4.35,15601,4073
4075,"Astonishing X-Men, Volume 1: Gifted","Joss Whedon, John Cassaday",eng,ENG,4.17,22373,4074
4076,"Fragile Eternity (Wicked Lovely, #3)",Melissa Marr,en-US,EN-US,3.83,37303,4075
4077,"The Gamble (Colorado Mountain, #1)",Kristen Ashley,en-GB,EN-GB,4.29,42242,4076
4078,The Great and Secret Show (Book of the Art #1),Clive Barker,eng,ENG,4.05,23328,4077
4079,The Mother Tongue: English and How It Got That Way,Bill Bryson,en-US,EN-US,3.95,24133,4078
4080,The Geography of Bliss: One Grump's Search for the Happiest Places in the World,Eric    Weiner,en-US,EN-US,3.83,23023,4079
4081,I am Charlotte Simmons,Tom Wolfe,en-US,EN-US,3.4,19293,4080
4082,"The Mistake (Off-Campus, #2)",Elle Kennedy,eng,ENG,4.15,37148,4081
4083,"Match Me If You Can (Chicago Stars, #6)",Susan Elizabeth Phillips,eng,ENG,4.13,33805,4082
4084,"Heaven and Earth (Three Sisters Island, #2)",Nora Roberts,eng,ENG,4.13,28103,4083
4085,The Bad Place,Dean Koontz,en-US,EN-US,3.86,26848,4084
4086,"Crazy Little Thing (Bell Harbor, #1)",Tracy Brogan,en-US,EN-US,3.8,23854,4085
4087,Avalon High,Meg Cabot,unknown,UNKNOWN,3.8,37402,4086
4088,"The Twilight Saga: The Official Illustrated Guide (Twilight, #4.5)",Stephenie Meyer,en-US,EN-US,4.23,24065,4087
4089,Summer Island,Kristin Hannah,unknown,UNKNOWN,3.97,22598,4088
4090,Celebration of Discipline: The Path to Spiritual Growth,Richard J. Foster,en-US,EN-US,4.18,23026,4089
4091,The Prime of Miss Jean Brodie,Muriel Spark,eng,ENG,3.76,26538,4090
4092,"Sloppy Firsts (Jessica Darling, #1)",Megan McCafferty,eng,ENG,3.94,31757,4091
4093,"Forgive Me, Leonard Peacock",Matthew Quick,eng,ENG,3.93,27647,4092
4094,"A Long Way from Chicago (A Long Way from Chicago, #1)",Richard Peck,eng,ENG,3.92,27642,4093
4095,Cradle and All,James Patterson,eng,ENG,3.87,25426,4094
4096,Bringing Down the House: The Inside Story of Six M.I.T. Students Who Took Vegas for Millions,Ben Mezrich,unknown,UNKNOWN,3.87,16455,4095
4097,This One Summer,"Mariko Tamaki, Jillian Tamaki",eng,ENG,3.67,29592,4096
4098,The Next Best Thing,Jennifer Weiner,unknown,UNKNOWN,3.46,24098,4097
4099,The Heroin Diaries: A Year In The Life Of A Shattered Rock Star,Nikki Sixx,en-GB,EN-GB,4.12,20531,4098
4100,Tinkers,Paul Harding,eng,ENG,3.37,21665,4099
4101,"The Druid of Shannara (Heritage of Shannara, #2)",Terry Brooks,eng,ENG,4.0,24815,4100
4102,Stepbrother Dearest,Penelope Ward,eng,ENG,4.14,34347,4101
4103,Einstein's Dreams,Alan Lightman,eng,ENG,4.08,21241,4102
4104,Demons,"Fyodor Dostoyevsky, Richard Pevear, Larissa Volokhonsky",eng,ENG,4.26,20615,4103
4105,Seize the Night (Dark-Hunter #6),Sherrilyn Kenyon,eng,ENG,4.36,29053,4104
4106,Notes from Underground,"Fyodor Dostoyevsky, Christian Redl, Philip Dossick, Emanuela Guercetti, Michelle-Irène Brudny, Richard Pevear, Norman Dietz, Donald Fanger, coderati, Boris de Schlœzer, Larissa Volokhonsky",eng,ENG,4.15,15297,4105
4107,Harry Potter: A Pop-Up Book: Based on the Film Phenomenon,"Andrew Williamson, Andrew Williamson",unknown,UNKNOWN,4.55,22847,4106
4108,Portrait in Sepia,"Isabel Allende, Margaret Sayers Peden",unknown,UNKNOWN,3.93,21649,4107
4109,Making Faces,Amy Harmon,eng,ENG,4.36,25941,4108
4110,Q & A,Vikas Swarup,eng,ENG,3.98,13986,4109
4111,The Trespasser (Dublin Murder Squad #6),Tana French,eng,ENG,3.98,18805,4110
4112,"Encyclopedia Brown, Boy Detective (Encyclopedia Brown, #1)",Donald J. Sobol,eng,ENG,4.03,30283,4111
4113,"Dissolution (Matthew Shardlake, #1)",C.J. Sansom,eng,ENG,4.08,22863,4112
4114,"The Clique (The Clique, #1)",Lisi Harrison,en-GB,EN-GB,3.6,27783,4113
4115,The Sixth Extinction: An Unnatural History,Elizabeth Kolbert,eng,ENG,4.09,21113,4114
4116,Billy Lynn's Long Halftime Walk,Ben Fountain,eng,ENG,3.81,20778,4115
4117,A Whole New Mind: Why Right-Brainers Will Rule the Future,Daniel H. Pink,eng,ENG,3.95,20852,4116
4118,"Across the Nightingale Floor (Tales of the Otori, #1)",Lian Hearn,eng,ENG,4.06,23597,4117
4119,A Briefer History of Time,"Stephen Hawking, Leonard Mlodinow",eng,ENG,4.19,19838,4118
4120,The Blind Watchmaker: Why the Evidence of Evolution Reveals a Universe Without Design,Richard Dawkins,eng,ENG,4.08,21141,4119
4121,"Face the Fire (Three Sisters Island, #3)",Nora Roberts,eng,ENG,4.15,27206,4120
4122,Once We Were Brothers,Ronald H. Balson,en-GB,EN-GB,4.28,13856,4121
4123,When I'm Gone,"Emily Bleeker, Dan John Miller",eng,ENG,3.94,33348,4122
4124,Life Expectancy,Dean Koontz,eng,ENG,3.98,24584,4123
4125,"The Dragon Heir (The Heir Chronicles, #3)",Cinda Williams Chima,eng,ENG,4.14,28845,4124
4126,"Fallout (Crank, #3)",Ellen Hopkins,eng,ENG,4.29,25592,4125
4127,"Black Notice (Kay Scarpetta, #10)",Patricia Cornwell,en-US,EN-US,3.85,27472,4126
4128,The Wonder,Emma Donoghue,eng,ENG,3.65,26981,4127
4129,Innocent Traitor,Alison Weir,eng,ENG,3.94,24976,4128
4130,The Fourth Hand,John Irving,eng,ENG,3.3,23277,4129
4131,"Gone, Baby, Gone (Kenzie & Gennaro, #4)",Dennis Lehane,eng,ENG,4.14,23899,4130
4132,"Tunnels of Blood (Cirque Du Freak, #3)",Darren Shan,unknown,UNKNOWN,4.14,26287,4131
4133,On Mystic Lake,Kristin Hannah,eng,ENG,3.95,23050,4132
4134,"The Killing Game (Eve Duncan, #2)",Iris Johansen,eng,ENG,4.18,24790,4133
4135,"The Retribution of Mara Dyer (Mara Dyer, #3)",Michelle Hodkin,eng,ENG,4.14,35910,4134
4136,Rachael Ray 365: No Repeats: A Year of Deliciously Different Dinners,Rachael Ray,unknown,UNKNOWN,3.68,21573,4135
4137,A Wolf at the Table,Augusten Burroughs,eng,ENG,3.7,22175,4136
4138,"Seventh Son (Tales of Alvin Maker, #1)",Orson Scott Card,eng,ENG,3.86,26621,4137
4139,The Mysteries of Pittsburgh,Michael Chabon,eng,ENG,3.63,19778,4138
4140,Manhunt: The 12-Day Chase for Lincoln's Killer,James L. Swanson,en-US,EN-US,4.12,21927,4139
4141,The Book of Tomorrow,Cecelia Ahern,eng,ENG,3.66,24885,4140
4142,"Uncommon Criminals (Heist Society, #2)",Ally Carter,unknown,UNKNOWN,4.15,35104,4141
4143,On the Fence,Kasie West,eng,ENG,4.04,30934,4142
4144,Follow You Home,Mark  Edwards,en-CA,EN-CA,3.86,15871,4143
4145,"Love, Stargirl (Stargirl, #2)",Jerry Spinelli,unknown,UNKNOWN,3.8,30515,4144
4146,Nefertiti,Michelle Moran,en-US,EN-US,4.07,24959,4145
4147,"You Are Not So Smart: Why You Have Too Many Friends on Facebook, Why Your Memory Is Mostly Fiction, and 46 Other Ways You're Deluding Yourself",David McRaney,en-US,EN-US,3.85,20583,4146
4148,"Into the Wilderness (Wilderness, #1)",Sara Donati,eng,ENG,4.1,25293,4147
4149,"The Oresteia  (Ορέστεια, #1-3)","Aeschylus, Robert Fagles, William Bedell Stanford",eng,ENG,3.99,24588,4148
4150,"How the Light Gets In (Chief Inspector Armand Gamache, #9)",Louise Penny,eng,ENG,4.41,24325,4149
4151,Don't Waste Your Life,John Piper,unknown,UNKNOWN,4.11,20095,4150
4152,La catedral del mar,Ildefonso Falcones,spa,SPA,4.05,18906,4151
4153,The Life of Elizabeth I,Alison Weir,en-US,EN-US,4.05,23628,4152
4154,"Book of Mormon, Doctrine and Covenants, Pearl of Great Price",The Church of Jesus Christ of Latter-day Saints,unknown,UNKNOWN,4.36,21692,4153
4155,Earth (The Book): A Visitor's Guide to the Human Race,"Jon Stewart, Rory Albanese, Kevin Bleyer, Rich Bloomquist, Steve Bodow, Tim Carvell, Wyatt Cenac, Hallie Haglund, J.R. Havlan, David Javerbaum, Elliott Kalan, Josh Lieb, Sam Means, Jo Miller, John Oliver, Daniel Radosh, Jason Ross",eng,ENG,3.91,23240,4154
4156,"My Soul to Take (Soul Screamers, #1)",Rachel Vincent,eng,ENG,3.88,35680,4155
4157,"Conversations With God: An Uncommon Dialogue, Book 2",Neale Donald Walsch,eng,ENG,4.1,19444,4156
4158,"Everneath (Everneath, #1)",Brodi Ashton,en-US,EN-US,3.76,36153,4157
4159,"Plum Spooky (Stephanie Plum, #14.5)",Janet Evanovich,eng,ENG,3.77,32890,4158
4160,Warrior of the Light,Paulo Coelho,en-US,EN-US,3.69,19063,4159
4161,"James Potter and the Hall of Elders' Crossing (James Potter, #1)",G. Norman Lippert,eng,ENG,3.78,21310,4160
4162,Where Men Win Glory: The Odyssey of Pat Tillman,Jon Krakauer,en-US,EN-US,4.03,21302,4161
4163,God's Smuggler,"Brother Andrew, Elizabeth Sherrill, John Sherrill",eng,ENG,4.32,22970,4162
4164,Maine,J. Courtney Sullivan,unknown,UNKNOWN,3.34,23979,4163
4165,The Fill-In Boyfriend,Kasie West,eng,ENG,3.92,31656,4164
4166,How I Live Now,Meg Rosoff,eng,ENG,3.58,28896,4165
4167,"Mister Monday (The Keys to the Kingdom, #1)",Garth Nix,eng,ENG,3.77,28430,4166
4168,These Things Hidden,Heather Gudenkauf,unknown,UNKNOWN,3.85,27030,4167
4169,Fix-It and Forget-It Cookbook: Feasting with Your Slow Cooker,"Dawn J. Ranck, Phyllis Pellman Good",unknown,UNKNOWN,3.85,22697,4168
4170,"Strange Angels (Strange Angels, #1)","Lili St. Crow, Lilith Saintcrow",eng,ENG,3.78,35169,4169
4171,Stolen Lives: Twenty Years in a Desert Jail,"Malika Oufkir, Michèle Fitoussi",eng,ENG,4.08,16134,4170
4172,Black Hills,Nora Roberts,en-US,EN-US,4.08,26676,4171
4173,Civil War: A Marvel Comics Event,"Mark Millar, Steve McNiven, Dexter Vines, Morry Hollowell",eng,ENG,4.05,23851,4172
4174,The Vow: The Kim & Krickitt Carpenter Story,"Kim Carpenter, John R. Perry, Krickitt Carpenter",eng,ENG,3.77,16705,4173
4175,The Puppet Masters,Robert A. Heinlein,eng,ENG,3.86,24641,4174
4176,All the Missing Girls,Megan Miranda,eng,ENG,3.79,36522,4175
4177,Just Go to Bed,Mercer Mayer,en-US,EN-US,4.22,24452,4176
4178,Today Will Be Different,Maria Semple,unknown,UNKNOWN,3.19,26774,4177
4179,"xxxHolic, Vol. 1 (xxxHOLiC, #1)","CLAMP, William Flanagan",en-US,EN-US,4.17,23323,4178
4180,"Miss Nelson Is Back (Miss Nelson, #2)","Harry Allard, James  Marshall",en-US,EN-US,4.33,26289,4179
4181,"Green Mars (Mars Trilogy, #2)",Kim Stanley Robinson,en-GB,EN-GB,3.91,24627,4180
4182,"To Green Angel Tower (Memory, Sorrow, and Thorn, #3)",Tad Williams,eng,ENG,4.16,25997,4181
4183,The Canterville Ghost,"Oscar Wilde, Inga Moore",eng,ENG,3.89,22152,4182
4184,Seconds,"Bryan Lee O'Malley, Nathan Fairbairn",eng,ENG,4.07,20595,4183
4185,"Fallen Crest High (Fallen Crest High, #1)",Tijan,en-GB,EN-GB,4.13,37150,4184
4186,Anatomy for the Artist,Jenő Barcsay,unknown,UNKNOWN,3.97,21640,4185
4187,Suffer the Children,John Saul,en-US,EN-US,3.9,24533,4186
4188,"Catherine, Called Birdy",Karen Cushman,eng,ENG,3.7,31185,4187
4189,Princess: A True Story of Life Behind the Veil in Saudi Arabia,Jean Sasson,en-US,EN-US,4.0,20019,4188
4190,"Magic Kingdom For Sale/Sold (Magic Kingdom of Landover, #1)",Terry Brooks,eng,ENG,3.86,26995,4189
4191,The Power of Your Subconscious Mind,"Joseph Murphy, Ian McMahan",en-US,EN-US,4.12,16951,4190
4192,"Blood And Gold (The Vampire Chronicles, #8)",Anne Rice,en-US,EN-US,3.88,25780,4191
4193,"The Crown of Embers (Fire and Thorns, #2)",Rae Carson,eng,ENG,4.2,32885,4192
4194,"Page (Protector of the Small, #2)",Tamora Pierce,eng,ENG,4.22,33405,4193
4195,"The Guard (The Selection, #2.5)",Kiera Cass,eng,ENG,3.75,32401,4194
4196,Johnny Tremain,"Esther Forbes, Lynd Ward",en-US,EN-US,3.62,30157,4195
4197,The Motorcycle Diaries: Notes on a Latin American Journey,"Ernesto Che Guevara, Aleida Guevara March",eng,ENG,3.79,18964,4196
4198,"Fight with Me (With Me in Seattle, #2)",Kristen Proby,eng,ENG,4.25,39673,4197
4199,"Black: The Birth of Evil (The Circle, #1)",Ted Dekker,eng,ENG,4.21,23496,4198
4200,"The Hundred Thousand Kingdoms (Inheritance Trilogy, #1)",N.K. Jemisin,eng,ENG,3.8,28989,4199
4201,Officer Buckle & Gloria,Peggy Rathmann,eng,ENG,4.16,24578,4200
4202,The Savage Detectives,"Roberto Bolaño, Natasha Wimmer",en-US,EN-US,4.09,17946,4201
4203,"Alice in Zombieland (White Rabbit Chronicles, #1)",Gena Showalter,eng,ENG,4.05,30537,4202
4204,"Spells (Wings, #2)",Aprilynne Pike,en-US,EN-US,3.99,34331,4203
4205,Chess Story,"Stefan Zweig, Joel Rotenberg, Hans Hausmann, Dirk Muller, Peter Gay, Willy Trenk-Trebitsch, Mario Adorf, Gert Westphal",eng,ENG,4.28,16716,4204
4206,The Lion King: A little Golden Book,"Justine Korman Fontes, Don Williams, Walt Disney Company",unknown,UNKNOWN,4.46,23098,4205
4207,"The Medusa Plot (39 Clues: Cahills vs. Vespers, #1)",Gordon Korman,eng,ENG,4.07,24489,4206
4208,"The Penderwicks: A Summer Tale of Four Sisters, Two Rabbits, and a Very Interesting Boy (The Penderwicks #1)",Jeanne Birdsall,eng,ENG,4.12,32251,4207
4209,"The Lion (John Corey, #5)",Nelson DeMille,en-US,EN-US,4.22,21564,4208
4210,"Kiss of the Highlander (Highlander, #4)",Karen Marie Moning,eng,ENG,4.31,32793,4209
4211,Elizabeth the Queen: The Life of a Modern Monarch,Sally Bedell Smith,eng,ENG,3.85,20063,4210
4212,The Son,"Jo Nesbø, Charlotte Barslund",eng,ENG,4.07,19393,4211
4213,"Chew, Vol. 1: Taster's Choice","John Layman, Rob Guillory",eng,ENG,4.0,27570,4212
4214,A Single Shard,Linda Sue Park,eng,ENG,3.87,27345,4213
4215,"Time of the Twins (Dragonlance: Legends, #1)","Margaret Weis, Tracy Hickman",eng,ENG,4.13,24671,4214
4216,Sacré Bleu: A Comedy d'Art,Christopher Moore,en-CA,EN-CA,3.77,22559,4215
4217,Roadside Picnic,"Arkady Strugatsky, Boris Strugatsky, Antonina W. Bouis, Antonina W. Bouis, Theodore Sturgeon",eng,ENG,4.21,17689,4216
4218,"Queen of Babble Gets Hitched (Queen of Babble, #3)",Meg Cabot,en-US,EN-US,3.82,28734,4217
4219,Cranford,Elizabeth Gaskell,eng,ENG,3.85,25805,4218
4220,Underworld,Don DeLillo,eng,ENG,3.92,19152,4219
4221,Big Sur,"Jack Kerouac, Aram Saroyan",eng,ENG,3.86,21875,4220
4222,"My Man Jeeves (Jeeves, #1)",P.G. Wodehouse,eng,ENG,4.13,23020,4221
4223,"Radiant Shadows (Wicked Lovely, #4)",Melissa Marr,en-US,EN-US,3.97,33385,4222
4224,"Motorcycle Man (Dream Man, #4)",Kristen Ashley,eng,ENG,4.43,41818,4223
4225,"The Art of Asking; or, How I Learned to Stop Worrying and Let People Help",Amanda Palmer,eng,ENG,3.97,20075,4224
4226,"Into the Still Blue (Under the Never Sky, #3)",Veronica Rossi,eng,ENG,4.17,33983,4225
4227,The Last Summer (of You and Me),Ann Brashares,en-US,EN-US,3.58,26094,4226
4228,"Preacher, Volume 2: Until the End of the World","Garth Ennis, Steve Dillon",eng,ENG,4.28,24086,4227
4229,The Lord of the Rings: Weapons and Warfare,"Chris   Smith, Christopher Lee, Richard Taylor",eng,ENG,4.53,18788,4228
4230,"The Lost City of Faar (Pendragon, #2)",D.J. MacHale,eng,ENG,4.16,25401,4229
4231,"A Great Deliverance (Inspector Lynley, #1)",Elizabeth  George,en-US,EN-US,4.06,28027,4230
4232,The Club Dumas,"Arturo Pérez-Reverte, Sonia Soto",eng,ENG,3.82,24090,4231
4233,"Enna Burning (The Books of Bayern, #2)",Shannon Hale,eng,ENG,3.97,31710,4232
4234,"Twilight (The Mediator, #6)",Meg Cabot,eng,ENG,4.26,32489,4233
4235,1919,أحمد مراد,ara,ARA,3.65,17330,4234
4236,"Dear Mr. Henshaw (Leigh Botts, #1)","Beverly Cleary, Paul O. Zelinsky",eng,ENG,3.7,28979,4235
4237,The Magician's Assistant,Ann Patchett,eng,ENG,3.64,21507,4236
4238,Generation X: Tales for an Accelerated Culture,Douglas Coupland,eng,ENG,3.73,20030,4237
4239,The Sympathizer,Viet Thanh Nguyen,eng,ENG,4.0,20972,4238
4240,"Evil Under the Sun (Hercule Poirot, #23)",Agatha Christie,eng,ENG,3.94,28776,4239
4241,"Reaper's Property (Reapers MC, #1)",Joanna Wylde,eng,ENG,4.13,38499,4240
4242,"My Friend Flicka (Flicka, #1)","Mary O'Hara, Dave Blossom",en-US,EN-US,4.15,25180,4241
4243,"The Kingmaker's Daughter (The Plantagenet and Tudor Novels, #4)","Philippa Gregory, Mirjana Valent",eng,ENG,3.95,24258,4242
4244,Hedda Gabler,"Henrik Ibsen, William Archer",eng,ENG,3.79,24567,4243
4245,Dumbo: A Little Golden Book,Walt Disney Company,unknown,UNKNOWN,4.29,23338,4244
4246,"The Invasion of the Tearling (The Queen of the Tearling, #2)",Erika Johansen,eng,ENG,4.15,24341,4245
4247,"Phantom (Harry Hole, #9)","Jo Nesbø, Don Bartlett",unknown,UNKNOWN,4.11,19526,4246
4248,Marked / Betrayed / Chosen / Untamed / Hunted (House of Night #1-5),"P.C. Cast, Kristin Cast",eng,ENG,4.43,20578,4247
4249,A Place Called Here,Cecelia Ahern,eng,ENG,3.66,22074,4248
4250,The Painted Veil,W. Somerset Maugham,eng,ENG,3.9,24113,4249
4251,"Blackwood Farm (The Vampire Chronicles, #9)",Anne Rice,eng,ENG,3.85,24567,4250
4252,Anatomy of the Spirit: The Seven Stages of Power and Healing,Caroline Myss,en-US,EN-US,4.12,20720,4251
4253,"The Kalahari Typing School for Men (No. 1 Ladies' Detective Agency, #4)",Alexander McCall Smith,eng,ENG,3.99,26837,4252
4254,A Hundred Summers,Beatriz Williams,eng,ENG,3.9,22006,4253
4255,"A Torch Against the Night (An Ember in the Ashes, #2)",Sabaa Tahir,eng,ENG,4.34,30535,4254
4256,The Wednesday Wars,Gary D. Schmidt,eng,ENG,4.06,26847,4255
4257,"The Legacy (Forgotten Realms: Legacy of the Drow, #1; Legend of Drizzt, #7)",R.A. Salvatore,eng,ENG,4.18,20882,4256
4258,Skippyjon Jones,Judy Schachner,eng,ENG,4.25,26421,4257
4259,Chasing Fire,Nora Roberts,eng,ENG,4.09,26687,4258
4260,Eat That Frog!: 21 Great Ways to Stop Procrastinating and Get More Done in Less Time,Brian Tracy,en-US,EN-US,3.84,18288,4259
4261,"Moo, Baa, La La La!",Sandra Boynton,eng,ENG,4.19,26065,4260
4262,The Science of Getting Rich,Wallace D. Wattles,eng,ENG,4.18,19433,4261
4263,"The Last Oracle (Sigma Force, #5)",James Rollins,eng,ENG,4.15,23103,4262
4264,ذاكرة الجسد,"أحلام مستغانمي, Ahlam Mosteghanemi",ara,ARA,3.87,17717,4263
4265,Vinegar Hill,A. Manette Ansay,en-US,EN-US,3.36,23966,4264
4266,"Startide Rising (The Uplift Saga, #2)",David Brin,en-US,EN-US,4.04,24179,4265
4267,"Significance (Significance, #1)",Shelly Crane,eng,ENG,4.13,18579,4266
4268,Pompeii,Robert   Harris,eng,ENG,3.79,22734,4267
4269,"The Guilty (Will Robie, #4)",David Baldacci,eng,ENG,4.12,12597,4268
4270,A History of Western Philosophy,Bertrand Russell,en-US,EN-US,4.05,20895,4269
4271,The Complete Stories and Poems,Lewis Carroll,unknown,UNKNOWN,4.34,23390,4270
4272,How to Be a Domestic Goddess: Baking and the Art of Comfort Cooking,Nigella Lawson,unknown,UNKNOWN,4.0,22647,4271
4273,Le Morte d'Arthur: King Arthur and the Legends of the Round Table,"Thomas Malory, Keith Baines, Robert Graves",eng,ENG,3.92,25879,4272
4274,A Piece of Cake,Cupcake Brown,eng,ENG,4.15,20083,4273
4275,Taran Wanderer (The Chronicles of Prydain #4),Lloyd Alexander,eng,ENG,4.14,29544,4274
4276,"Brimstone (Pendergast, #5; Diogenes, #1)","Douglas Preston, Lincoln Child",en-GB,EN-GB,4.12,24949,4275
4277,Rebecca of Sunnybrook Farm,Kate Douglas Wiggin,unknown,UNKNOWN,3.85,27831,4276
4278,"Devil in Winter (Wallflowers, #3)",Lisa Kleypas,en-US,EN-US,4.26,38100,4277
4279,"The Dead and the Gone (Last Survivors, #2)",Susan Beth Pfeffer,en-US,EN-US,3.84,28910,4278
4280,"White: The Great Pursuit (The Circle, #3)",Ted Dekker,unknown,UNKNOWN,4.3,23201,4279
4281,The Darkest Passion (Lords of the Underworld #5),Gena Showalter,eng,ENG,4.37,32610,4280
4282,Pygmy,Chuck Palahniuk,eng,ENG,2.96,21242,4281
4283,"Revenge Wears Prada: The Devil Returns (The Devil Wears Prada, #2)",Lauren Weisberger,en-US,EN-US,2.84,19210,4282
4284,Selected Stories,"Anton Chekhov, Richard Pevear, Larissa Volokhonsky",eng,ENG,4.36,23027,4283
4285,"Empire of the Summer Moon: Quanah Parker and the Rise and Fall of the Comanches, the Most Powerful Indian Tribe in American History",S.C. Gwynne,unknown,UNKNOWN,4.13,19423,4284
4286,Smiley's People,John le Carré,unknown,UNKNOWN,4.24,22691,4285
4287,"Redemption (Redemption, #1)","Karen Kingsbury, Gary Smalley",eng,ENG,4.36,22101,4286
4288,A Northern Light,Jennifer Donnelly,en-US,EN-US,3.83,29018,4287
4289,"Apollyon (Left Behind, #5)","Tim LaHaye, Jerry B. Jenkins",en-US,EN-US,3.97,23202,4288
4290,"Whose Body?  (Lord Peter Wimsey, #1)",Dorothy L. Sayers,eng,ENG,3.91,28214,4289
4291,Alice's Adventures in Wonderland: A Pop-Up Adaptation,"Robert Sabuda, Lewis Carroll",en-US,EN-US,4.33,21160,4290
4292,Michelangelo and the Pope's Ceiling,Ross King,eng,ENG,3.82,20718,4291
4293,"Stolen (Women of the Otherworld, #2)",Kelley Armstrong,eng,ENG,4.16,34373,4292
4294,"Hour Game (Sean King & Michelle Maxwell, #2)",David Baldacci,en-US,EN-US,3.94,23124,4293
4295,"The Cruelest Month (Chief Inspector Armand Gamache, #3)",Louise Penny,en-GB,EN-GB,4.15,23121,4294
4296,"Ballet Shoes (Shoes, #1)","Noel Streatfeild, Diane Goode",en-US,EN-US,4.06,26211,4295
4297,"Piano/Vocal/Guitar Sheet Music: The Chronicles of Narnia: The Lion, the Witch and The Wardrobe",Harry Gregson-Williams,unknown,UNKNOWN,4.32,17866,4296
4298,We the Living,"Ayn Rand, Leonard Peikoff",eng,ENG,3.89,20994,4297
4299,"The Winner's Crime (The Winner's Trilogy, #2)",Marie Rutkoski,eng,ENG,4.17,31721,4298
4300,The Ladies' Room,Carolyn Brown,eng,ENG,3.9,25204,4299
4301,100 Selected Poems,E.E. Cummings,en-US,EN-US,4.32,22346,4300
4302,"Such a Pretty Fat: One Narcissist's Quest to Discover If Her Life Makes Her Ass Look Big, or Why Pie Is Not the Answer",Jen Lancaster,eng,ENG,4.06,24631,4301
4303,"Forest of Secrets (Warriors, #3)",Erin Hunter,eng,ENG,4.4,28913,4302
4304,The Little Stranger,Sarah Waters,en-US,EN-US,3.51,21077,4303
4305,"Night Broken (Mercy Thompson, #8)",Patricia Briggs,eng,ENG,4.42,31278,4304
4306,"Snow Like Ashes (Snow Like Ashes, #1)",Sara Raasch,eng,ENG,3.98,34993,4305
4307,We Are Not Ourselves,Matthew  Thomas,eng,ENG,3.7,18488,4306
4308,"Red Lily (In the Garden, #3)",Nora Roberts,en-US,EN-US,4.07,29200,4307
4309,Reviving Ophelia: Saving the Selves of Adolescent Girls,Mary Pipher,unknown,UNKNOWN,3.86,22687,4308
4310,"Lords of the North (The Saxon Stories, #3)",Bernard Cornwell,en-US,EN-US,4.32,20296,4309
4311,"Just Ella (The Palace Chronicles, #1)",Margaret Peterson Haddix,eng,ENG,3.75,27884,4310
4312,"Eyes Wide Open (The Blackstone Affair, #3)",Raine Miller,eng,ENG,4.14,36054,4311
4313,China Dolls,Lisa See,eng,ENG,3.58,20563,4312
4314,Megan Meade's Guide to the McGowan Boys,Kate Brian,en-US,EN-US,3.93,29726,4313
4315,Bread and Jam for Frances,"Russell Hoban, Lillian Hoban",eng,ENG,4.2,27933,4314
4316,Half Asleep in Frog Pajamas,Tom Robbins,unknown,UNKNOWN,3.73,17053,4315
4317,Mirror Mirror,Gregory Maguire,eng,ENG,3.27,26307,4316
4318,More Than This,Patrick Ness,eng,ENG,4.03,21512,4317
4319,Child of God,Cormac McCarthy,unknown,UNKNOWN,3.86,20313,4318
4320,"As Sure as the Dawn (Mark of the Lion, #3)",Francine Rivers,eng,ENG,4.39,23509,4319
4321,Lexicon,Max Barry,eng,ENG,3.9,20524,4320
4322,One Fifth Avenue,"Candace Bushnell, Donna Murphy",unknown,UNKNOWN,3.33,20962,4321
4323,El Deafo,"Cece Bell, David Lasky",eng,ENG,4.13,27630,4322
4324,"Down London Road (On Dublin Street, #2)",Samantha Young,eng,ENG,4.24,38186,4323
4325,"The Walking Dead, Vol. 03: Safety Behind Bars","Robert Kirkman, Charlie Adlard",eng,ENG,4.31,23167,4324
4326,"Flow My Tears, the Policeman Said",Philip K. Dick,eng,ENG,3.93,22063,4325
4327,The Last Sin Eater,Francine Rivers,unknown,UNKNOWN,4.06,20985,4326
4328,A Knight in Shining Armor,Jude Deveraux,eng,ENG,4.23,26636,4327
4329,"Rot & Ruin (Rot & Ruin, #1)",Jonathan Maberry,eng,ENG,4.1,25526,4328
4330,The Trial and Death of Socrates,"Plato, G.M.A. Grube, John M. Cooper",en-US,EN-US,4.06,21829,4329
4331,Heavier Than Heaven: A Biography of Kurt Cobain,Charles R. Cross,unknown,UNKNOWN,4.09,18496,4330
4332,History of the Peloponnesian War,"Thucydides, Rex Warner, Moses I. Finley",en-US,EN-US,3.87,21500,4331
4333,The Red Badge of Courage and Selected Short Fiction  ,"Stephen Crane, George Stade, Richard Fusco",en-US,EN-US,3.64,25090,4332
4334,"Sandman Slim (Sandman Slim, #1)",Richard Kadrey,en-US,EN-US,3.93,22779,4333
4335,The Last Child,John Hart,en-US,EN-US,4.09,22293,4334
4336,Labyrinths:  Selected Stories and Other Writings,"Jorge Luis Borges, Donald A. Yates, James E. Irby, André Maurois",eng,ENG,4.46,20237,4335
4337,Fortune's Rocks,Anita Shreve,unknown,UNKNOWN,3.86,22908,4336
4338,The Price of Salt,Patricia Highsmith,eng,ENG,3.93,16348,4337
4339,"Tiger's Quest (The Tiger Saga, #2)",Colleen Houck,en-US,EN-US,4.34,28303,4338
4340,"Friday Night Bites (Chicagoland Vampires, #2)",Chloe Neill,en-US,EN-US,4.15,36503,4339
4341,The Undercover Economist,Tim Harford,unknown,UNKNOWN,3.79,17310,4340
4342,The Oath,Frank E. Peretti,eng,ENG,4.06,21092,4341
4343,"Rumors (Luxe, #2)",Anna Godbersen,en-US,EN-US,3.85,31018,4342
4344,The Day the Crayons Quit,"Drew Daywalt, Oliver Jeffers",eng,ENG,4.41,29759,4343
4345,"Princess in Waiting (The Princess Diaries, #4)",Meg Cabot,eng,ENG,3.66,33327,4344
4346,Kisses from Katie: A Story of Relentless Love and Redemption,"Katie J. Davis, Beth Clark",en-US,EN-US,4.4,20500,4345
4347,The Heretic's Daughter,Kathleen Kent,unknown,UNKNOWN,3.77,23815,4346
4348,The Magic Mountain,"Thomas Mann, John E. Woods",eng,ENG,4.14,21078,4347
4349,Chasing the Dime,Michael Connelly,eng,ENG,3.96,23771,4348
4350,"A Thousand Pieces of You (Firebird, #1)",Claudia Gray,eng,ENG,3.94,28422,4349
4351,Pictures of Hollis Woods,Patricia Reilly Giff,eng,ENG,4.0,23708,4350
4352,"The Reality Dysfunction (Night's Dawn, #1)",Peter F. Hamilton,eng,ENG,4.14,22492,4351
4353,The Sands of Time,Sidney Sheldon,eng,ENG,3.73,18499,4352
4354,NW,Zadie Smith,eng,ENG,3.41,20062,4353
4355,"Eighth Grade Bites (The Chronicles of Vladimir Tod, #1)",Heather Brewer,en-US,EN-US,3.92,28119,4354
4356,The Paradox of Choice: Why More Is Less,Barry Schwartz,eng,ENG,3.84,20990,4355
4357,Blood and Chocolate,Annette Curtis Klause,en-US,EN-US,3.77,33500,4356
4358,"Nine Dragons (Harry Bosch, #15; Mickey Haller, #3; Harry Bosch Universe, #18)",Michael Connelly,eng,ENG,3.97,22102,4357
4359,"Women in Love (Brangwen Family, #2)",D.H. Lawrence,eng,ENG,3.66,22372,4358
4360,Second Chance,Jane Green,en-US,EN-US,3.53,22795,4359
4361,The Postman,David Brin,en-US,EN-US,3.87,24778,4360
4362,Summerland,Elin Hilderbrand,eng,ENG,3.85,22497,4361
4363,The Patron Saint of Liars,Ann Patchett,eng,ENG,3.76,20722,4362
4364,The Success Principles: How to Get from Where You Are to Where You Want to Be,"Jack Canfield, Janet Switzer",en-US,EN-US,4.26,19634,4363
4365,"Knight (Unfinished Hero, #1)",Kristen Ashley,en-GB,EN-GB,3.94,44570,4364
4366,Business Model Generation,"Alexander Osterwalder, Yves Pigneur",eng,ENG,4.16,20389,4365
4367,The Swerve: How the World Became Modern,Stephen Greenblatt,eng,ENG,3.83,13405,4366
4368,"The Autobiography of Henry VIII: With Notes by His Fool, Will Somers",Margaret George,en-US,EN-US,4.25,22571,4367
4369,Stranger than Fiction,Chuck Palahniuk,eng,ENG,3.56,18091,4368
4370,The Brain That Changes Itself: Stories of Personal Triumph from the Frontiers of Brain Science,Norman Doidge,en-US,EN-US,4.2,19319,4369
4371,The Ringworld Engineers (Ringworld #2),Larry Niven,eng,ENG,3.86,22047,4370
4372,"I Hunt Killers (Jasper Dent, #1)",Barry Lyga,en-CA,EN-CA,4.02,25487,4371
4373,"Crashed (Driven, #3)",K. Bromberg,eng,ENG,4.56,32520,4372
4374,Kitchens of the Great Midwest,J. Ryan Stradal,eng,ENG,3.77,21071,4373
4375,Stone Soup,"Ann McGovern, Winslow Pinney Pels, Winslow Pinn, Ey Pels",en-US,EN-US,4.28,25518,4374
4376,شيكاجو,"Alaa Al Aswany, علاء الأسواني",ara,ARA,3.41,17325,4375
4377,"12th of Never (Women's Murder Club, #12)","James Patterson, Maxine Paetro",en-US,EN-US,3.99,19998,4376
4378,"Promise of Blood (Powder Mage, #1)",Brian  McClellan,eng,ENG,4.16,21192,4377
4379,"Black Order (Sigma Force, #3)",James Rollins,eng,ENG,4.14,22321,4378
4380,"Fractured (Will Trent, #2)",Karin Slaughter,en-US,EN-US,4.18,23256,4379
4381,The Sun Is Also a Star,Nicola Yoon,eng,ENG,4.14,42363,4380
4382,The Murder House,"James Patterson, David Ellis",eng,ENG,4.05,13837,4381
4383,On the Beach,Nevil Shute,eng,ENG,3.92,24401,4382
4384,Funny Girl,Nick Hornby,eng,ENG,3.37,17151,4383
4385,New York,Edward Rutherfurd,eng,ENG,4.1,16106,4384
4386,"A Gathering of Shadows (Shades of Magic, #2)","V.E. Schwab, Victoria Schwab",eng,ENG,4.33,29389,4385
4387,From the Corner of His Eye,Dean Koontz,en-US,EN-US,4.0,23641,4386
4388,"Blind Willow, Sleeping Woman","Haruki Murakami, Philip Gabriel, Jay Rubin",eng,ENG,3.83,19216,4387
4389,Barefoot Contessa Back to Basics,"Ina Garten, Quentin Bacon",eng,ENG,4.23,22228,4388
4390,To Have and to Hold,Jane Green,eng,ENG,3.61,21001,4389
4391,Smashed: Story of a Drunken Girlhood,Koren Zailckas,en-US,EN-US,3.5,20658,4390
4392,Until I Find You,John Irving,eng,ENG,3.61,20784,4391
4393,"The Dark Divine (The Dark Divine, #1)",Bree Despain,eng,ENG,3.81,33209,4392
4394,"Heat: An Amateur's Adventures as Kitchen Slave, Line Cook, Pasta-Maker, and Apprentice to a Dante-Quoting Butcher in Tuscany",Bill Buford,unknown,UNKNOWN,3.89,18583,4393
4395,Women Who Run With the Wolves: Myths and Stories of the Wild Woman Archetype,Clarissa Pinkola Estés,eng,ENG,4.15,21127,4394
4396,"Calling on Dragons (Enchanted Forest Chronicles, #3)","Patricia C. Wrede, Peter de Sève",en-US,EN-US,4.2,33925,4395
4397,"Now, Discover Your Strengths","Marcus Buckingham, Donald O. Clifton",unknown,UNKNOWN,3.95,19767,4396
4398,The Long Tail: Why the Future of Business is Selling Less of More,Chris Anderson,en-US,EN-US,3.83,14932,4397
4399,Mein Kampf,Adolf Hitler,en-US,EN-US,3.13,16285,4398
4400,Swapping Lives,Jane Green,eng,ENG,3.56,22521,4399
4401,"A Rule Against Murder (Chief Inspector Armand Gamache, #4)",Louise Penny,en-US,EN-US,4.21,22817,4400
4402,"The Perfect Hope (Inn Boonsboro, #3)",Nora Roberts,eng,ENG,4.14,23185,4401
4403,"Consequences (Consequences, #1)",Aleatha Romig,eng,ENG,3.97,29809,4402
4404,The 7 Habits of Highly Effective Teens: The Ultimate Teenage Success Guide,Sean Covey,eng,ENG,4.01,19240,4403
4405,"The Strange Case of Origami Yoda (Origami Yoda, #1)",Tom Angleberger,eng,ENG,3.9,23322,4404
4406,"Welcome to Temptation (Dempseys, #1)",Jennifer Crusie,eng,ENG,3.94,27123,4405
4407,Inside Out & Back Again,Thanhha Lai,eng,ENG,4.09,22972,4406
4408,"Dreamless (Starcrossed, #2)",Josephine Angelini,eng,ENG,4.2,30424,4407
4409,"Predestined (Existence Trilogy, #2)",Abbi Glines,en-GB,EN-GB,4.09,33711,4408
4410,The Lord of the Rings: The Return of the King: Visual Companion,Jude Fisher,eng,ENG,4.59,17526,4409
4411,"The Art of the Start: The Time-Tested, Battle-Hardened Guide for Anyone Starting Anything",Guy Kawasaki,en-US,EN-US,3.82,18466,4410
4412,"The Other Wes Moore: One Name, Two Fates","Wes  Moore, Tavis Smiley",en-GB,EN-GB,3.77,19964,4411
4413,"Mistress of the Art of Death (Mistress of the Art of Death, #1)",Ariana Franklin,en-US,EN-US,3.95,27332,4412
4414,"Assholes Finish First (Tucker Max, #2)",Tucker Max,en-US,EN-US,3.64,19838,4413
4415,美少女戦士セーラームーン新装版 1 [Bishōjo Senshi Sailor Moon Shinsōban 1],"Naoko Takeuchi, 武内 直子",jpn,JPN,4.28,18035,4414
4416,Kiss an Angel,Susan Elizabeth Phillips,eng,ENG,4.21,32191,4415
4417,The Upside of Irrationality: The Unexpected Benefits of Defying Logic at Work and at Home,Dan Ariely,en-US,EN-US,4.0,22422,4416
4418,The Partly Cloudy Patriot,"Sarah Vowell, Katherine Streeter",eng,ENG,3.9,22819,4417
4419,"My Father's Dragon (My Father's Dragon, #1)",Ruth Stiles Gannett,eng,ENG,4.09,25905,4418
4420,Natchez Burning,Greg Iles,eng,ENG,4.12,18722,4419
4421,Pulp,Charles Bukowski,unknown,UNKNOWN,3.68,18216,4420
4422,"Hannibal Rising (Hannibal Lecter, #4)",Thomas Harris,en-US,EN-US,3.44,22767,4421
4423,"Immortal in Death (In Death, #3)",J.D. Robb,eng,ENG,4.26,29315,4422
4424,"Infinity (Chronicles of Nick, #1)",Sherrilyn Kenyon,en-US,EN-US,4.04,31598,4423
4425,"Blood Noir (Anita Blake, Vampire Hunter #16)",Laurell K. Hamilton,en-US,EN-US,3.85,32159,4424
4426,Inherent Vice,Thomas Pynchon,eng,ENG,3.71,18109,4425
4427,Songs of the Humpback Whale,Jodi Picoult,en-US,EN-US,3.19,24756,4426
4428,"The Night Eternal (The Strain Trilogy, #3)","Guillermo del Toro, Chuck Hogan",en-US,EN-US,3.67,18773,4427
4429,"Bright Lights, Big City",Jay McInerney,eng,ENG,3.74,21227,4428
4430,Whiskey Beach,Nora Roberts,eng,ENG,3.96,19769,4429
4431,The Guy Not Taken: Stories,Jennifer Weiner,en-US,EN-US,3.46,20420,4430
4432,"The Walking Dead, Vol. 08: Made to Suffer",Robert Kirkman,eng,ENG,4.47,22017,4431
4433,Pleasure of a Dark Prince (Immortals After Dark #9),Kresley Cole,eng,ENG,4.41,32358,4432
4434,Danny and the Dinosaur (An I Can Read Book),Syd Hoff,en-US,EN-US,4.0,24985,4433
4435,The Decameron,"Giovanni Boccaccio, G.H. McWilliam",eng,ENG,3.86,22800,4434
4436,"Twisted (Pretty Little Liars, #9)",Sara Shepard,en-US,EN-US,4.05,24251,4435
4437,"The Crossing (Harry Bosch, #20; Mickey Haller, #7; Harry Bosch Universe, #25)",Michael Connelly,eng,ENG,4.21,17428,4436
4438,Dear Life: Stories,Alice Munro,unknown,UNKNOWN,3.75,19278,4437
4439,Five Little Monkeys Jumping on the Bed,Eileen Christelow,unknown,UNKNOWN,4.09,24781,4438
4440,"Kushiel's Avatar (Phèdre's Trilogy, #3)",Jacqueline Carey,eng,ENG,4.37,25782,4439
4441,The Aleph and Other Stories ,"Jorge Luis Borges, Andrew Hurley",eng,ENG,4.39,16590,4440
4442,"Ruin (Ruin, #1)",Rachel Van Dyken,eng,ENG,4.19,35844,4441
4443,"The Long Goodbye (Philip Marlowe, #6)",Raymond Chandler,eng,ENG,4.23,22503,4442
4444,"Farewell, My Lovely (Philip Marlowe, #2)",Raymond Chandler,eng,ENG,4.17,21864,4443
4445,The Castle of Llyr (The Chronicles of Prydain #3),Lloyd Alexander,eng,ENG,4.07,27425,4444
4446,"Fade Out (The Morganville Vampires, #7)",Rachel Caine,en-US,EN-US,4.2,32918,4445
4447,"The Cat Who Could Read Backwards (Cat Who..., #1)",Lilian Jackson Braun,eng,ENG,3.84,23114,4446
4448,"Charade (Games, #1)",Nyrae Dawn,eng,ENG,3.98,35216,4447
4449,The Demigod Diaries,"Rick Riordan, Haley Riordan",eng,ENG,4.19,28461,4448
4450,"If You Stay (Beautifully Broken, #1)",Courtney Cole,eng,ENG,3.94,31388,4449
4451,Neil Patrick Harris: Choose Your Own Autobiography,"Neil Patrick Harris, David Javerbaum, Antony Hare",eng,ENG,3.86,21596,4450
4452,"Death du Jour (Temperance Brennan, #2)",Kathy Reichs,en-US,EN-US,3.96,27715,4451
4453,More Than a Carpenter,Josh McDowell,eng,ENG,4.19,19269,4452
4454,"Boneshaker (The Clockwork Century, #1)",Cherie Priest,eng,ENG,3.5,26202,4453
4455,Rubyfruit Jungle,Rita Mae Brown,eng,ENG,3.88,22583,4454
4456,"Fallen in Love (Fallen, #3.5)",Lauren Kate,eng,ENG,3.77,30759,4455
4457,Sisters,Raina Telgemeier,eng,ENG,4.29,23347,4456
4458,"The Never War (Pendragon, #3)",D.J. MacHale,eng,ENG,4.12,24219,4457
4459,"The Elf Queen of Shannara (Heritage of Shannara, #3)",Terry Brooks,eng,ENG,4.02,23895,4458
4460,"Mattimeo (Redwall, #3)",Brian Jacques,eng,ENG,4.02,26345,4459
4461,"Nemesis Games (The Expanse, #5)",James S.A. Corey,eng,ENG,4.37,20681,4460
4462,"A Return to Love: Reflections on the Principles of ""A Course in Miracles""",Marianne Williamson,unknown,UNKNOWN,4.29,19144,4461
4463,"First Family (Sean King & Michelle Maxwell, #4)",David Baldacci,en-US,EN-US,3.98,22203,4462
4464,True Grit,Charles Portis,en-US,EN-US,4.12,21199,4463
4465,Feel the Fear and Do It Anyway,Susan  Jeffers,en-US,EN-US,4.01,18278,4464
4466,"Mine (Real, #2)",Katy Evans,eng,ENG,4.29,39411,4465
4467,Memoirs of an Imaginary Friend,Matthew Dicks,eng,ENG,4.1,18344,4466
4468,"Haroun and the Sea of Stories (Khalifa Brothers, #1)","Salman Rushdie, Paul Birkbeck",eng,ENG,4.01,19221,4467
4469,Whistling Past the Graveyard,Susan Crandall,eng,ENG,4.04,20168,4468
4470,"Poison Princess (The Arcana Chronicles, #1)",Kresley Cole,en-US,EN-US,4.14,25679,4469
4471,"Tatiana and Alexander (The Bronze Horseman, #2)",Paullina Simons,en-GB,EN-GB,4.3,20654,4470
4472,"The Emperor's Blades (Chronicle of the Unhewn Throne, #1)",Brian Staveley,eng,ENG,4.15,19877,4471
4473,Brick Lane,Monica Ali,eng,ENG,3.38,21002,4472
4474,"Half Bad (The Half Bad Trilogy, #1)",Sally Green,eng,ENG,3.8,26913,4473
4475,Zorba the Greek,"Nikos Kazantzakis, Νίκος Καζαντζάκης",eng,ENG,4.1,15203,4474
4476,Sounder,"William H. Armstrong, James Barkley",en-US,EN-US,3.96,24061,4475
4477,A Universe from Nothing: Why There Is Something Rather Than Nothing,"Lawrence M. Krauss, Richard Dawkins",eng,ENG,3.92,17204,4476
4478,Slash,"Slash, Anthony Bozza",en-US,EN-US,3.96,17989,4477
4479,"Archangel's Kiss (Guild Hunter, #2)",Nalini Singh,eng,ENG,4.24,35843,4478
4480,"Rebel Belle (Rebel Belle, #1)",Rachel Hawkins,eng,ENG,3.88,30506,4479
4481,"The Mephisto Club (Rizzoli & Isles, #6)",Tess Gerritsen,eng,ENG,4.01,23378,4480
4482,The Scarlet Thread ,Francine Rivers,eng,ENG,4.14,21233,4481
4483,It's a Magical World: A Calvin and Hobbes Collection,Bill Watterson,eng,ENG,4.75,22351,4482
4484,"Avatar: The Last Airbender (The Promise, #1)","Gene Luen Yang, Bryan Konietzko, Michael Dante DiMartino, Gurihiru",unknown,UNKNOWN,4.24,18771,4483
4485,Being and Nothingness,"Jean-Paul Sartre, Hazel E. Barnes, Mary Warnock, Richard Eyre",en-GB,EN-GB,3.94,19897,4484
4486,"Miecz przeznaczenia (Saga o Wiedźminie, #2)",Andrzej Sapkowski,pol,POL,4.4,12909,4485
4487,Silent Spring,"Rachel Carson, Linda Lear, Edward O. Wilson",en-US,EN-US,3.94,24027,4486
4488,"Legion (Legion, #1)",Brandon Sanderson,eng,ENG,4.13,20291,4487
4489,Down the Rabbit Hole: Curious Adventures and Cautionary Tales of a Former Playboy Bunny,Holly Madison,eng,ENG,3.4,13213,4488
4490,Kill Alex Cross (Alex Cross #18),James Patterson,eng,ENG,4.0,20206,4489
4491,The Pearl That Broke Its Shell,Nadia Hashimi,eng,ENG,4.12,19016,4490
4492,"Behemoth (Leviathan, #2)","Scott Westerfeld, Keith Thompson",en-US,EN-US,4.18,30049,4491
4493,The Sociopath Next Door,Martha Stout,eng,ENG,3.75,21550,4492
4494,"Y: The Last Man, Vol. 8: Kimono Dragons (Y: The Last Man, #8)","Brian K. Vaughan, Pia Guerra, Goran Sudžuka, José Marzán Jr.",eng,ENG,4.22,23842,4493
4495,Do-It-Yourself Book (Diary of a Wimpy Kid),Jeff Kinney,eng,ENG,4.17,20534,4494
4496,"Angels and Demons / The Da Vinci Code (Robert Langdon, #1-2)",Dan Brown,unknown,UNKNOWN,4.19,18711,4495
4497,"The Tea Rose (The Tea Rose, #1)",Jennifer Donnelly,eng,ENG,4.18,22448,4496
4498,"Moon Over Soho (Peter Grant, #2)",Ben Aaronovitch,eng,ENG,4.1,16566,4497
4499,The Paris Architect,Charles Belfoure,eng,ENG,3.98,18925,4498
4500,"Falling Kingdoms (Falling Kingdoms, #1)","Morgan Rhodes, Michelle Rowen",eng,ENG,3.83,32623,4499
4501,Ask and It Is Given: Learning to Manifest Your Desires,"Esther Hicks, Jerry Hicks, Wayne W. Dyer",en-GB,EN-GB,4.18,17170,4500
4502,Island Beneath the Sea,"Isabel Allende, Margaret Sayers Peden",eng,ENG,4.01,18864,4501
4503,"The History of Tom Jones, a Foundling","Henry Fielding, Thomas Keymer, Alice Wakely",eng,ENG,3.73,24718,4502
4504,"Winesburg, Ohio",Sherwood Anderson,eng,ENG,3.84,20125,4503
4505,"Beautiful Redemption (The Maddox Brothers, #2)",Jamie McGuire,eng,ENG,4.15,28845,4504
4506,"C is for Corpse  (Kinsey Millhone, #3)",Sue Grafton,en-US,EN-US,3.87,29204,4505
4507,"Y: The Last Man, Vol. 5: Ring of Truth (Y: The Last Man, #5)","Brian K. Vaughan, Pia Guerra, José Marzán Jr.",eng,ENG,4.27,24606,4506
4508,Five Quarters of the Orange,Joanne Harris,eng,ENG,3.83,23332,4507
4509,2666,Roberto Bolaño,spa,SPA,4.2,15000,4508
4510,Microserfs,Douglas Coupland,en-US,EN-US,3.88,19516,4509
4511,How to Tell If Your Cat Is Plotting to Kill You,"Matthew Inman, The Oatmeal",eng,ENG,3.95,22994,4510
4512,"Simple Genius (Sean King & Michelle Maxwell, #3)",David Baldacci,eng,ENG,3.89,22171,4511
4513,Light on Snow,Anita Shreve,unknown,UNKNOWN,3.56,22845,4512
4514,"Vampire Mountain (Cirque Du Freak, #4)",Darren Shan,eng,ENG,4.16,23847,4513
4515,The Three Stigmata of Palmer Eldritch,Philip K. Dick,eng,ENG,4.01,20140,4514
4516,The Strange Library,"Haruki Murakami, Ted Goossen",en-GB,EN-GB,3.55,18806,4515
4517,Deadeye Dick,Kurt Vonnegut Jr.,eng,ENG,3.8,19212,4516
4518,"The Power (The Secret, #2)",Rhonda Byrne,eng,ENG,4.09,16917,4517
4519,"Ancestors of Avalon (Avalon, #5)","Diana L. Paxson, Marion Zimmer Bradley",eng,ENG,3.89,21408,4518
4520,Out Stealing Horses,"Per Petterson, Anne Born",eng,ENG,3.79,19199,4519
4521,"Batman: Knightfall, Vol. 1: Broken Bat","Doug Moench, Chuck Dixon, Jim Aparo, Norm Breyfogle, Graham Nolan, Jim Balent",eng,ENG,4.08,18298,4520
4522,"Saga, Vol. 5 (Saga, #5)","Brian K. Vaughan, Fiona Staples",eng,ENG,4.44,29429,4521
4523,"The Lions of Lucerne (Scot Harvath, #1)",Brad Thor,eng,ENG,4.04,18770,4522
4524,One Past Midnight: The Langoliers,"Stephen King, Willem Dafoe",eng,ENG,3.82,22326,4523
4525,The Sign of the Beaver,Elizabeth George Speare,eng,ENG,3.77,20450,4524
4526,"Ask the Dust (Arturo Bandini, #3)","John Fante, Charles Bukowski",eng,ENG,4.14,16226,4525
4527,All Over But the Shoutin',Rick Bragg,eng,ENG,4.09,21072,4526
4528,The Key to Midnight,"Leigh Nichols, Dean Koontz",en-US,EN-US,3.93,22578,4527
4529,Fairy Tales from the Brothers Grimm: A New English Version,"Philip Pullman, Jacob Grimm, Wilhelm Grimm",eng,ENG,4.11,17219,4528
4530,"Debt of Bones (Sword of Truth, #0.5)",Terry Goodkind,eng,ENG,3.85,23279,4529
4531,The Joke,Milan Kundera,eng,ENG,3.99,16464,4530
4532,"The White Princess (The Plantagenet and Tudor Novels, #5)",Philippa Gregory,eng,ENG,3.85,22584,4531
4533,Flight of the Intruder (Jake Grafton #1),Stephen Coonts,eng,ENG,4.04,21765,4532
4534,"Silver on the Tree (The Dark is Rising, #5)",Susan Cooper,eng,ENG,4.16,25818,4533
4535,National Velvet,Enid Bagnold,eng,ENG,4.09,22682,4534
4536,"Losing My Virginity: How I've Survived, Had Fun, and Made a Fortune Doing Business My Way",Richard Branson,eng,ENG,3.97,26225,4535
4537,Lysistrata,"Aristophanes, Sarah Ruden",eng,ENG,3.84,25758,4536
4538,The Swan Thieves,Elizabeth Kostova,eng,ENG,3.53,23399,4537
4539,"Iced (Fever, #6)",Karen Marie Moning,eng,ENG,4.13,28890,4538
4540,14,Peter Clines,eng,ENG,3.92,20011,4539
4541,Okay for Now,Gary D. Schmidt,en-US,EN-US,4.19,24254,4540
4542,"Assassins (Left Behind, #6)","Tim LaHaye, Jerry B. Jenkins",eng,ENG,3.98,24143,4541
4543,"Red Country (First Law World, #6)",Joe Abercrombie,eng,ENG,4.27,19926,4542
4544,The Lords of Discipline,Pat Conroy,unknown,UNKNOWN,4.28,19050,4543
4545,Eat and Run: My Unlikely Journey to Ultramarathon Greatness,"Scott Jurek, Steve Friedman",en-US,EN-US,3.95,17376,4544
4546,"Broken (Will Trent, #4)",Karin Slaughter,eng,ENG,4.2,22244,4545
4547,The Matchmaker,Elin Hilderbrand,eng,ENG,3.82,19094,4546
4548,"The Mark (Left Behind, #8)","Tim LaHaye, Jerry B. Jenkins",en-US,EN-US,4.02,21668,4547
4549,Belong to Me,Marisa de los Santos,en-US,EN-US,3.84,22521,4548
4550,"The Darkest Hour (Warriors, #6)",Erin Hunter,eng,ENG,4.52,26949,4549
4551,"L.A. Confidential (L.A. Quartet, #3)",James Ellroy,eng,ENG,4.2,21511,4550
4552,"The Beautiful Mystery (Chief Inspector Armand Gamache, #8)",Louise Penny,unknown,UNKNOWN,4.18,16170,4551
4553,"The Diamond Throne (The Elenium, #1)",David Eddings,unknown,UNKNOWN,3.93,26150,4552
4554,"Those Left Behind (Serenity, #1)","Joss Whedon, Brett Matthews, Will Conrad",eng,ENG,4.04,23220,4553
4555,Terms of Endearment,Larry McMurtry,eng,ENG,4.15,21352,4554
4556,"Kiss of the Night (Dark-Hunter, #4)",Sherrilyn Kenyon,eng,ENG,4.24,21022,4555
4557,The Wedding Girl,Madeleine Wickham,eng,ENG,3.47,20501,4556
4558,He Chose the Nails,Max Lucado,en-US,EN-US,4.37,19028,4557
4559,"Entice (Need, #3)",Carrie Jones,en-GB,EN-GB,4.03,28584,4558
4560,"From Russia With Love (James Bond, #5)",Ian Fleming,eng,ENG,3.88,19802,4559
4561,The Tortilla Curtain,T.C. Boyle,eng,ENG,3.64,20921,4560
4562,"Darkest Mercy (Wicked Lovely, #5)",Melissa Marr,en-US,EN-US,4.11,29069,4561
4563,Modern Lovers,Emma Straub,unknown,UNKNOWN,3.45,20453,4562
4564,"Checkmate (Neighbor from Hell, #3)",R.L. Mathewson,eng,ENG,4.15,38343,4563
4565,"The Amazing Maurice and His Educated Rodents (Discworld, #28)",Terry Pratchett,eng,ENG,4.04,24279,4564
4566,With the Old Breed: At Peleliu and Okinawa,"Eugene B. Sledge, Paul Fussell",en-US,EN-US,4.4,16952,4565
4567,The Hundred Dresses,"Eleanor Estes, Louis Slobodkin",eng,ENG,4.07,26136,4566
4568,"Lost Lake (Lost Lake, #1)",Sarah Addison Allen,eng,ENG,3.85,24271,4567
4569,"Hardwired (Hacker, #1)",Meredith Wild,eng,ENG,4.07,9235,4568
4570,The Last Runaway,Tracy Chevalier,en-US,EN-US,3.78,20997,4569
4571,"Midnight Tides (The Malazan Book of the Fallen, #5)",Steven Erikson,eng,ENG,4.34,20725,4570
4572,"The 100 (The 100, #1)",Kass Morgan,eng,ENG,3.56,26762,4571
4573,"Hades (Halo, #2)",Alexandra Adornetto,eng,ENG,3.97,27679,4572
4574,"Y: The Last Man, Vol. 3: One Small Step (Y: The Last Man, #3)","Brian K. Vaughan, Pia Guerra, José Marzán Jr., Paul Chadwick",eng,ENG,4.22,24954,4573
4575,Bear Snores On,"Karma Wilson, Jane Chapman",en-US,EN-US,4.25,24556,4574
4576,"Talking as Fast as I Can: From Gilmore Girls to Gilmore Girls, and Everything in Between",Lauren Graham,eng,ENG,4.04,30471,4575
4577,Memoirs of a Teenage Amnesiac,Gabrielle Zevin,en-US,EN-US,3.7,28373,4576
4578,"Salamandastron (Redwall, #5)","Brian Jacques, Gary Chalk",en-US,EN-US,4.05,23723,4577
4579,Servant of the Bones,Anne Rice,unknown,UNKNOWN,3.7,24324,4578
4580,"Ironside (Modern Faerie Tales, #3)",Holly Black,unknown,UNKNOWN,4.04,29416,4579
4581,"Finnikin of the Rock (Lumatere Chronicles, #1)",Melina Marchetta,eng,ENG,3.93,29401,4580
4582,The Return of the Native  ,"Thomas Hardy, Alexander Theroux",eng,ENG,3.84,24957,4581
4583,Micro,"Michael Crichton, Richard   Preston",eng,ENG,3.38,19460,4582
4584,No Exit and Three Other Plays,"Jean-Paul Sartre, Stuart Gilbert, Lionel Abel",eng,ENG,4.09,21841,4583
4585,Foundation and Chaos (Second Foundation Trilogy #2),Greg Bear,eng,ENG,4.14,21137,4584
4586,Cover Her Face (Adam Dalgliesh #1),P.D. James,eng,ENG,3.94,22941,4585
4587,"Supernaturally (Paranormalcy, #2)",Kiersten White,en-US,EN-US,3.92,32807,4586
4588,"First King of Shannara (The Original Shannara Trilogy, #0)",Terry Brooks,eng,ENG,3.94,22623,4587
4589,"Bury Your Dead (Chief Inspector Armand Gamache, #6)",Louise Penny,en-US,EN-US,4.33,22391,4588
4590,"The Overlook (Harry Bosch, #13; Harry Bosch Universe, #15)",Michael Connelly,eng,ENG,3.91,21154,4589
4591,أنت لي,منى المرشود,ara,ARA,4.03,15108,4590
4592,The House of the Seven Gables,"Nathaniel Hawthorne, Robert S. Levine",eng,ENG,3.45,23797,4591
4593,"Rising Storm (Warriors, #4)",Erin Hunter,eng,ENG,4.38,27260,4592
4594,Love Warrior,Glennon Doyle Melton,en-US,EN-US,4.1,20094,4593
4595,"The Brutal Telling (Chief Inspector Armand Gamache, #5)",Louise Penny,en-US,EN-US,4.23,21381,4594
4596,"The Prisoner of Cell 25 (Michael Vey, #1)",Richard Paul Evans,unknown,UNKNOWN,4.19,24672,4595
4597,The Souls of Black Folk,"W.E.B. Du Bois, Donald B. Gibson, Monica W. Elbert",unknown,UNKNOWN,4.24,20355,4596
4598,I Never Promised You a Rose Garden,"Hannah  Green, Joanne Greenberg",eng,ENG,3.85,22420,4597
4599,"The Crimson Crown (Seven Realms, #4)",Cinda Williams Chima,eng,ENG,4.48,27279,4598
4600,The Castaways,Elin Hilderbrand,unknown,UNKNOWN,3.69,21491,4599
4601,"Year of Yes: How to Dance It Out, Stand In the Sun and Be Your Own Person",Shonda Rhimes,eng,ENG,4.05,25816,4600
4602,The Lover,"Marguerite Duras, Barbara Bray, Maxine Hong Kingston",eng,ENG,3.76,18947,4601
4603,"Eragon & Eldest (Inheritance, #1-2)",Christopher Paolini,unknown,UNKNOWN,4.27,21181,4602
4604,"Burn (Breathless, #3)",Maya Banks,eng,ENG,4.01,30693,4603
4605,The Power and the Glory,"Graham Greene, John Updike",eng,ENG,3.99,21315,4604
4606,Paula,Isabel Allende,spa,SPA,4.07,19852,4605
4607,"Lila (Gilead, #3)",Marilynne Robinson,eng,ENG,3.9,14894,4606
4608,"The Scions of Shannara (Heritage of Shannara, #1)",Terry Brooks,en-GB,EN-GB,3.97,23501,4607
4609,Behind the Scenes at the Museum,Kate Atkinson,unknown,UNKNOWN,3.94,21844,4608
4610,Sweetbitter,Stephanie Danler,eng,ENG,3.28,21709,4609
4611,"Romancing Mister Bridgerton (Bridgertons, #4)",Julia Quinn,eng,ENG,4.2,31652,4610
4612,Tangerine,"Edward Bloor, Danny De Vito",eng,ENG,3.61,23053,4611
4613,Hell House,Richard Matheson,eng,ENG,3.81,22644,4612
4614,The Emperor's Children,Claire Messud,unknown,UNKNOWN,2.93,15362,4613
4615,The Liar,Nora Roberts,eng,ENG,3.95,16326,4614
4616,"The Third Victim (Quincy & Rainie, #2)",Lisa Gardner,en-US,EN-US,4.16,21790,4615
4617,"The Wrong Side of Goodbye (Harry Bosch, #21; Harry Bosch Universe, #26)",Michael Connelly,eng,ENG,4.36,13351,4616
4618,"Hell's Corner (Camel Club, #5)",David Baldacci,eng,ENG,4.1,19003,4617
4619,"Key of Valor (Key Trilogy, #3)",Nora Roberts,en-US,EN-US,4.1,27228,4618
4620,Barbarians at the Gate: The Fall of RJR Nabisco,"Bryan Burrough, John Helyar",en-US,EN-US,4.22,19176,4619
4621,"Ancillary Sword (Imperial Radch, #2)",Ann Leckie,eng,ENG,4.03,19265,4620
4622,Franz Kafka's The Castle (Dramatization),"David Fishelson, Aaron Leichter, Max Brod, Franz Kafka",eng,ENG,4.07,22321,4621
4623,"Timebound (The Chronos Files, #1)",Rysa Walker,eng,ENG,3.87,22031,4622
4624,"The Girl Who Circumnavigated Fairyland in a Ship of Her Own Making (Fairyland, #1)","Catherynne M. Valente, Ana Juan",eng,ENG,3.97,25551,4623
4625,"Twenty-Eight and a Half Wishes (Rose Gardner Mystery, #1)",Denise Grover Swank,eng,ENG,3.9,11006,4624
4626,"NYPD Red (NYPD Red, #1)","James Patterson, Marshall Karp",unknown,UNKNOWN,3.9,19252,4625
4627,"The Book of the Dead (Pendergast, #7; Diogenes, #3)","Douglas Preston, Lincoln Child",en-US,EN-US,4.13,22985,4626
4628,Er ist wieder da,Timur Vermes,ger,GER,3.44,9472,4627
4629,The Expats,Chris Pavone,eng,ENG,3.42,20548,4628
4630,"Bare Bones (Temperance Brennan, #6)",Kathy Reichs,en-US,EN-US,3.95,26419,4629
4631,Beautiful Day,Elin Hilderbrand,en-US,EN-US,3.75,19563,4630
4632,"The Indwelling (Left Behind, #7)","Tim LaHaye, Jerry B. Jenkins",en-US,EN-US,3.97,21855,4631
4633,"Dexter in the Dark (Dexter, #3)",Jeff Lindsay,en-US,EN-US,3.49,22484,4632
4634,The Glass Bead Game,"Hermann Hesse, Richard Winston, Clara Winston, Theodore Ziolkowski",eng,ENG,4.11,20198,4633
4635,The Yellow Birds,Kevin Powers,eng,ENG,3.74,17858,4634
4636,Just One Look,Harlan Coben,eng,ENG,4.0,22664,4635
4637,"The Proposal (The Proposition, #2)",Katie Ashley,eng,ENG,4.04,34169,4636
4638,"My Family and Other Animals (Corfu Trilogy, #1)","Gerald Durrell, Helma Lapiņa",en-US,EN-US,4.27,20057,4637
4639,Back Roads,Tawni O'Dell,en-US,EN-US,3.72,21022,4638
4640,Cathedral,Raymond Carver,eng,ENG,4.3,18378,4639
4641,Fantastic Beasts and Where to Find Them: The Original Screenplay,J.K. Rowling,eng,ENG,4.41,18290,4640
4642,The Body,"Stephen King, Robin A.H. Waterfield",eng,ENG,4.26,23127,4641
4643,A Million Miles in a Thousand Years: What I Learned While Editing My Life,Donald Miller,en-US,EN-US,4.18,18963,4642
4644,"Eona: The Last Dragoneye (Eon, #2)",Alison Goodman,eng,ENG,4.12,29756,4643
4645,"Eight Cousins (Eight Cousins, #1)",Louisa May Alcott,eng,ENG,4.02,27612,4644
4646,Chicken Soup with Rice: A Book of Months (The Nutshell Library),Maurice Sendak,unknown,UNKNOWN,4.25,25523,4645
4647,"R is for Ricochet (Kinsey Millhone, #18)",Sue Grafton,eng,ENG,3.96,24563,4646
4648,"Prince of Wolves (The Grey Wolves, #1)",Quinn Loftis,eng,ENG,4.06,30137,4647
4649,Diary of a Worm,"Doreen Cronin, Harry Bliss",eng,ENG,4.19,23320,4648
4650,"The Grey King (The Dark Is Rising, #4)",Susan Cooper,eng,ENG,4.18,28027,4649
4651,"Hunted (The Iron Druid Chronicles, #6)",Kevin Hearne,eng,ENG,4.3,15613,4650
4652,"Devoured (Devoured, #1)",Emily Snow,eng,ENG,3.94,33961,4651
4653,The Complete Novels,Jane Austen,eng,ENG,4.55,18828,4652
4654,The Book of Strange New Things,Michel Faber,eng,ENG,3.66,15189,4653
4655,Epic Fail,Claire LaZebnik,en-US,EN-US,3.73,29207,4654
4656,"A Caress of Twilight (Merry Gentry, #2)",Laurell K. Hamilton,en-US,EN-US,4.05,29980,4655
4657,The Manchurian Candidate (Movie Tie-In Edition),Richard Condon,en-US,EN-US,4.09,19205,4656
4658,"Fudge-a-Mania (Fudge, #4)",Judy Blume,eng,ENG,3.99,23833,4657
4659,"Nevermore (Maximum Ride, #8)",James Patterson,eng,ENG,3.88,27982,4658
4660,Operating Instructions: A Journal of My Son's First Year,Anne Lamott,eng,ENG,4.18,19466,4659
4661,Pale Blue Dot: A Vision of the Human Future in Space,"Carl Sagan, Ann Druyan",eng,ENG,4.32,19834,4660
4662,"Simple Perfection (Rosemary Beach, #6; Perfection, #2)",Abbi Glines,eng,ENG,4.25,35952,4661
4663,The Irresistible Revolution: Living as an Ordinary Radical,Shane Claiborne,unknown,UNKNOWN,4.07,18566,4662
4664,"Brain Rules: 12 Principles for Surviving and Thriving at Work, Home, and School",John Medina,unknown,UNKNOWN,4.0,19172,4663
4665,"The Pilgrims of Rayne (Pendragon, #8)",D.J. MacHale,unknown,UNKNOWN,4.14,21540,4664
4666,The Hundred-Foot Journey,Richard C. Morais,en-US,EN-US,3.54,17275,4665
4667,Scorpia Rising (Alex Rider #9),Anthony Horowitz,eng,ENG,4.29,23268,4666
4668,"Big Nate: In a Class by Himself (Big Nate Novels, #1)",Lincoln Peirce,en-US,EN-US,4.16,20612,4667
4669,"Forever Princess (The Princess Diaries, #10)",Meg Cabot,unknown,UNKNOWN,4.08,28127,4668
4670,The Melancholy Death of Oyster Boy and Other Stories,Tim Burton,en-US,EN-US,4.13,19773,4669
4671,"Breath, Eyes, Memory",Edwidge Danticat,eng,ENG,3.86,22123,4670
4672,Journey to the End of the Night,"Louis-Ferdinand Céline, Ralph Manheim, William T. Vollmann",eng,ENG,4.25,17388,4671
4673,"The Scarecrow (Jack McEvoy, #2)",Michael Connelly,eng,ENG,4.03,22084,4672
4674,The Humans,Matt Haig,eng,ENG,4.07,16955,4673
4675,"Crocodile Tears (Alex Rider, #8)",Anthony Horowitz,eng,ENG,4.18,23068,4674
4676,1/4 جرام,Essam Youssef,ara,ARA,4.02,15919,4675
4677,For Women Only: What You Need to Know about the Inner Lives of Men,Shaunti Feldhahn,en-US,EN-US,4.06,15385,4676
4678,"Seize the Night (Moonlight Bay, #2)","Dean Koontz, Keith Szarabajka",eng,ENG,4.07,21376,4677
4679,A Quick Bite (Argeneau #1),Lynsay Sands,en-US,EN-US,3.91,31557,4678
4680,"Key of Knowledge (Key Trilogy, #2)",Nora Roberts,eng,ENG,4.09,26416,4679
4681,"Ice Station (Shane Schofield, #1)",Matthew Reilly,eng,ENG,4.1,20605,4680
4682,A Dangerous Fortune,Ken Follett,eng,ENG,3.99,18219,4681
4683,The Well of Lost Plots (Thursday Next #3),Jasper Fforde,eng,ENG,4.09,28332,4682
4684,The Wealth of Nations,Adam Smith,eng,ENG,3.87,17180,4683
4685,Canada,Richard Ford,eng,ENG,3.49,18396,4684
4686,"The Big Over Easy (Nursery Crime, #1)",Jasper Fforde,en-US,EN-US,3.92,24870,4685
4687,"The Seeing Stone (The Spiderwick Chronicles, #2)","Holly Black, Tony DiTerlizzi",eng,ENG,3.87,29213,4686
4688,"Stalingrad: The Fateful Siege, 1942–1943",Antony Beevor,eng,ENG,4.29,18920,4687
4689,"Beast Master, Vol. 1 (Beast Master, #1)",Kyousuke Motomi,en-US,EN-US,4.21,21692,4688
4690,"Giggle, Giggle, Quack","Doreen Cronin, Betsy Lewin",en-US,EN-US,4.19,22402,4689
4691,West with the Night,Beryl Markham,en-US,EN-US,4.18,19738,4690
4692,The Cellist of Sarajevo,Steven Galloway,eng,ENG,4.02,20403,4691
4693,"Smooth Talking Stranger (Travises, #3)",Lisa Kleypas,eng,ENG,4.17,28858,4692
4694,If You Ask Me (And of Course You Won't),Betty White,eng,ENG,3.65,22405,4693
4695,Discourse on Method and Meditations on First Philosophy,"René Descartes, Donald A. Cress",eng,ENG,3.67,20522,4694
4696,"The Defector (Gabriel Allon, #9)",Daniel Silva,eng,ENG,4.28,18927,4695
4697,In One Person,John Irving,unknown,UNKNOWN,3.65,18561,4696
4698,"Rilla of Ingleside (Anne of Green Gables, #8)",L.M. Montgomery,eng,ENG,4.16,29277,4697
4699,The Wisdom of Crowds,James Surowiecki,eng,ENG,3.8,18457,4698
4700,"Still Life With Crows (Pendergast, #4)","Douglas Preston, Lincoln Child",eng,ENG,4.18,22493,4699
4701,The Fog,James Herbert,unknown,UNKNOWN,3.87,19322,4700
4702,Unlimited Power : The New Science Of Personal Achievement,"Anthony Robbins, Kenneth H. Blanchard, Jason Winters",unknown,UNKNOWN,4.21,18588,4701
4703,"Fever Dream (Pendergast, #10)","Douglas Preston, Lincoln Child",eng,ENG,4.09,21634,4702
4704,Why Be Happy When You Could Be Normal?,Jeanette Winterson,unknown,UNKNOWN,3.94,19537,4703
4705,"Outpost (Razorland, #2)",Ann Aguirre,en-US,EN-US,4.12,25650,4704
4706,Can't We Talk about Something More Pleasant?,Roz Chast,eng,ENG,4.1,19118,4705
4707,The Long Hard Road Out of Hell,"Marilyn Manson, Neil Strauss",eng,ENG,3.88,19011,4706
4708,BookRags Summary:  A Storm of Swords,BookRags,eng,ENG,4.59,18960,4707
4709,"Lyle, Lyle, Crocodile",Bernard Waber,eng,ENG,4.13,24284,4708
4710,"Etiquette & Espionage (Finishing School, #1)",Gail Carriger,en-CA,EN-CA,3.79,29821,4709
4711,Death With Interruptions,"José Saramago, Margaret Jull Costa",eng,ENG,3.97,12984,4710
4712,"Sandry's Book (Circle of Magic, #1)",Tamora Pierce,en-US,EN-US,3.99,30169,4711
4713,Sole Survivor,Dean Koontz,en-US,EN-US,3.77,21203,4712
4714,Britt-Marie Was Here,"Fredrik Backman, Henning Koch, سمانه پرهیزکاری",eng,ENG,4.07,21737,4713
4715,Velvet Elvis: Repainting the Christian Faith,Rob Bell,unknown,UNKNOWN,3.77,18071,4714
4716,Kim,"Rudyard Kipling, Edward Said",eng,ENG,3.72,23349,4715
4717,"The Shunning (The Heritage of Lancaster County, #1)",Beverly  Lewis,unknown,UNKNOWN,4.13,20379,4716
4718,"Written in Red (The Others, #1)",Anne Bishop,eng,ENG,4.29,29502,4717
4719,The Seven-Percent Solution,Nicholas Meyer,eng,ENG,4.14,19334,4718
4720,"Gregor and the Marks of Secret (Underland Chronicles, #4)",Suzanne Collins,eng,ENG,4.21,23727,4719
4721,The Prodigal God: Recovering the Heart of the Christian Faith,Timothy J. Keller,en-US,EN-US,4.39,20087,4720
4722,Toujours Provence,Peter Mayle,eng,ENG,4.0,21873,4721
4723,The Lost Painting,Jonathan Harr,en-US,EN-US,3.71,18944,4722
4724,The Light in the Ruins,Chris Bohjalian,eng,ENG,3.65,20519,4723
4725,My Beloved World,Sonia Sotomayor,eng,ENG,4.03,17742,4724
4726,"A Deepness in the Sky (Zones of Thought, #2)",Vernor Vinge,en-US,EN-US,4.32,21876,4725
4727,Critique of Pure Reason,"Immanuel Kant, Paul Guyer, Allen W. Wood",eng,ENG,3.92,19521,4726
4728,"A Murder Is Announced (Miss Marple, #5)",Agatha Christie,eng,ENG,3.96,25811,4727
4729,Gnomes,"Rien Poortvliet, Wil Huygen",eng,ENG,4.01,22584,4728
4730,"Undead and Unemployed (Undead, #2)",MaryJanice Davidson,en-US,EN-US,3.93,29168,4729
4731,Gates of Fire: An Epic Novel of the Battle of Thermopylae,Steven Pressfield,unknown,UNKNOWN,4.4,17952,4730
4732,"The Little Lady Agency (The Little Lady Agency, #1)",Hester Browne,eng,ENG,3.74,22562,4731
4733,On Liberty,John Stuart Mill,eng,ENG,3.93,19604,4732
4734,Not My Father's Son,Alan Cumming,eng,ENG,4.0,11436,4733
4735,"Nigella Express: Good Food, Fast",Nigella Lawson,eng,ENG,3.96,20034,4734
4736,The Dead Key,D.M. Pulley,eng,ENG,3.79,18773,4735
4737,"Simply Irresistible (Lucky Harbor, #1)",Jill Shalvis,eng,ENG,3.92,27319,4736
4738,"Gabriel's Redemption (Gabriel's Inferno, #3)",Sylvain Reynard,eng,ENG,4.23,28331,4737
4739,"Scott Pilgrim, Volume 5: Scott Pilgrim Vs. the Universe",Bryan Lee O'Malley,eng,ENG,4.33,24936,4738
4740,Better: A Surgeon's Notes on Performance,Atul Gawande,en-US,EN-US,4.19,17109,4739
4741,"Leave Me Breathless (Ross Siblings, #3)",Cherrie Lynn,en-GB,EN-GB,4.26,31188,4740
4742,"Play (Stage Dive, #2)",Kylie Scott,eng,ENG,4.33,22231,4741
4743,"Twilight and Philosophy: Vampires, Vegetarians, and the Pursuit of Immortality","Rebecca Housel, J. Jeremy Wisnewski, William Irwin",en-US,EN-US,4.39,18027,4742
4744,Games People Play,Eric Berne,en-US,EN-US,3.81,17035,4743
4745,"Mitosis (The Reckoners, #1.5)",Brandon Sanderson,eng,ENG,3.87,17250,4744
4746,La Dame aux Camélias,"Alexandre Dumas fils, David Coward",eng,ENG,3.97,13562,4745
4747,The Wedding Dress,Rachel Hauck,en-US,EN-US,3.83,16310,4746
4748,Fish: A Proven Way to Boost Morale and Improve Results,"Stephen C. Lundin, Harry Paul, John Christensen, Kenneth H. Blanchard",eng,ENG,3.92,19405,4747
4749,"D-Day, June 6, 1944: The Battle for the Normandy Beaches",Stephen E. Ambrose,eng,ENG,4.25,17875,4748
4750,A Long Walk to Water: Based on a True Story,Linda Sue Park,eng,ENG,4.23,21593,4749
4751,"Light (Gone, #6)",Michael  Grant,eng,ENG,4.4,23730,4750
4752,Stuck-Up Suit,"Vi Keeland, Penelope Ward",eng,ENG,4.14,22609,4751
4753,"To Your Scattered Bodies Go (Riverworld, #1)",Philip José Farmer,eng,ENG,3.94,22741,4752
4754,Midnight Bayou,Nora Roberts,eng,ENG,3.96,25476,4753
4755,Winter's Tale,Mark Helprin,en-US,EN-US,3.5,19932,4754
4756,The Doomsday Conspiracy,Sidney Sheldon,eng,ENG,3.59,17093,4755
4757,"Rapture in Death (In Death, #4)","J.D. Robb, Susan Ericksen",unknown,UNKNOWN,4.26,26184,4756
4758,Common Sense,Thomas Paine,eng,ENG,3.97,16864,4757
4759,Falling Leaves: The Memoir of an Unwanted Chinese Daughter,Adeline Yen Mah,eng,ENG,3.88,19598,4758
4760,رحلتي من الشك إلى الإيمان,مصطفى محمود,ara,ARA,4.03,16854,4759
4761,"Whispers at Moonrise (Shadow Falls, #4)",C.C. Hunter,eng,ENG,4.38,28430,4760
4762,"The 4-Hour Body: An Uncommon Guide to Rapid Fat-Loss, Incredible Sex, and Becoming Superhuman",Timothy Ferriss,en-US,EN-US,3.76,15007,4761
4763,The Elementary Particles,"Michel Houellebecq, Frank Wynne",eng,ENG,3.78,13577,4762
4764,"Beauty from Surrender (Beauty, #2)",Georgia Cates,eng,ENG,4.13,31623,4763
4765,Dracula (Marvel Illustrated),"Roy Thomas, Dick Giordano, Mark D. Beazley, Bram Stoker",unknown,UNKNOWN,3.93,14660,4764
4766,"The Adventures of Captain Underpants (Captain Underpants, #1)",Dav Pilkey,eng,ENG,3.84,22535,4765
4767,"How Children Succeed: Grit, Curiosity, and the Hidden Power of Character",Paul Tough,eng,ENG,3.91,16402,4766
4768,The Fountains of Paradise,Arthur C. Clarke,eng,ENG,3.96,20012,4767
4769,The Bastard of Istanbul,Elif Shafak,eng,ENG,3.79,14215,4768
4770,Two Boys Kissing,David Levithan,eng,ENG,4.11,24587,4769
4771,"The Doomsday Key (Sigma Force, #6)",James Rollins,en-US,EN-US,4.16,19510,4770
4772,The Ruins,Scott B. Smith,en-US,EN-US,3.5,21613,4771
4773,"A Dangerous Path (Warriors, #5)",Erin Hunter,eng,ENG,4.42,26126,4772
4774,"Dances with Wolves (Dances with Wolves, #1)",Michael Blake,eng,ENG,4.19,19133,4773
4775,"Bloodhound (Beka Cooper, #2)",Tamora Pierce,eng,ENG,4.26,29414,4774
4776,"The Night Angel Trilogy (Night Angel, #1-3)",Brent Weeks,eng,ENG,4.42,17523,4775
4777,A Rose for Emily and Other Stories,William Faulkner,eng,ENG,4.06,22629,4776
4778,The Holy Bible: English Standard Version,Anonymous,eng,ENG,4.66,17863,4777
4779,"A Morbid Taste for Bones (Chronicles of Brother Cadfael, #1)",Ellis Peters,en-US,EN-US,3.99,23590,4778
4780,The Lives of the Artists,"Giorgio Vasari, Julia Conway Bondanella, Peter Bondanella",eng,ENG,3.78,18288,4779
4781,"Unleash the Night (Dark Hunter, #8; Were-Hunter, #2)",Sherrilyn Kenyon,en-US,EN-US,4.34,32491,4780
4782,"Syren (Septimus Heap, #5)",Angie Sage,eng,ENG,4.1,25245,4781
4783,"Metro 2033 (METRO, #1)","Dmitry Glukhovsky, M. David Drevs",ger,GER,3.98,15858,4782
4784,The Slap,Christos Tsiolkas,eng,ENG,3.16,18037,4783
4785,"The Art Spirit: Notes, Articles, Fragments of Letters and Talks to Students, Bearing on the Concept and Technique of Picture Making, the Study of Art (Icon Editions)","Robert Henri, Forbes Watson, Margery A. Ryerson",eng,ENG,3.87,16333,4784
4786,"Brilliance (Brilliance Saga, #1)",Marcus Sakey,eng,ENG,3.95,11235,4785
4787,Life and Other Near-Death Experiences,Camille Pagán,en-GB,EN-GB,3.82,19073,4786
4788,The Fortress of Solitude,Jonathan Lethem,eng,ENG,3.87,15100,4787
4789,The Darkest Evening of the Year,Dean Koontz,eng,ENG,3.71,21297,4788
4790,"Authority (Southern Reach, #2)",Jeff VanderMeer,eng,ENG,3.55,18430,4789
4791,"The Wrath of Mulgarath (The Spiderwick Chronicles, #5)","Holly Black, Tony DiTerlizzi",en-US,EN-US,3.92,28129,4790
4792,The Scrapbook of Frankie Pratt,Caroline Preston,eng,ENG,3.72,20508,4791
4793,Bee Season,Myla Goldberg,eng,ENG,3.55,21160,4792
4794,"Indelible (Grant County, #4)",Karin Slaughter,eng,ENG,4.19,20930,4793
4795,Night Chills,Dean Koontz,en-US,EN-US,3.86,20424,4794
4796,Be Here Now,"Ram Dass, Richard Alpert",en-US,EN-US,4.27,18275,4795
4797,"Trace (Kay Scarpetta, #13)",Patricia Cornwell,eng,ENG,3.76,23287,4796
4798,"Genghis: Birth of an Empire (Conqueror, #1)",Conn Iggulden,en-US,EN-US,4.34,16498,4797
4799,"The Ruby Knight (The Elenium, #2)",David Eddings,eng,ENG,3.96,24586,4798
4800,The Thief of Always,Clive Barker,eng,ENG,4.18,19799,4799
4801,"Kiss of Crimson (Midnight Breed, #2)",Lara Adrian,en-US,EN-US,4.17,31897,4800
4802,"The Keepsake (Rizzoli & Isles, #7)",Tess Gerritsen,en-US,EN-US,4.09,21829,4801
4803,The Everything Store: Jeff Bezos and the Age of Amazon,Brad Stone,eng,ENG,4.06,20539,4802
4804,"The Air He Breathes (Elements, #1)",Brittainy C. Cherry,unknown,UNKNOWN,4.2,22217,4803
4805,Kiss of a Demon King (Immortals After Dark #7),Kresley Cole,eng,ENG,4.35,31111,4804
4806,"The Bonehunters (Malazan Book of the Fallen, #6)",Steven Erikson,eng,ENG,4.42,20359,4805
4807,"Forever My Girl (The Beaumont Series, #1)",Heidi McLaughlin,eng,ENG,4.04,32853,4806
4808,"The Glass Magician (The Paper Magician Trilogy, #2)",Charlie N. Holmberg,unknown,UNKNOWN,3.87,13650,4807
4809,Chanakya's Chant,Ashwin Sanghi,eng,ENG,3.68,15474,4808
4810,The Naked and the Dead,Norman Mailer,eng,ENG,3.94,18912,4809
4811,Battle Cry of Freedom,James M. McPherson,eng,ENG,4.32,19132,4810
4812,The Little Mermaid,"Michael Teitelbaum, Sue DiCicco",unknown,UNKNOWN,4.36,21994,4811
4813,Lifeguard,"James Patterson, Andrew Gross",unknown,UNKNOWN,3.76,20053,4812
4814,Because of Mr. Terupt,Rob Buyea,eng,ENG,4.34,20632,4813
4815,Blubber,Judy Blume,en-GB,EN-GB,3.78,25402,4814
4816,"One Grave at a Time (Night Huntress, #6)",Jeaniene Frost,eng,ENG,4.25,34506,4815
4817,"Apollyon (Covenant, #4)",Jennifer L. Armentrout,eng,ENG,4.4,31942,4816
4818,"I Heart New York (I Heart, #1)",Lindsey Kelk,en-US,EN-US,3.84,19491,4817
4819,"Airhead (Airhead, #1)",Meg Cabot,eng,ENG,3.77,32457,4818
4820,"Beauty's Release (Sleeping Beauty, #3)","A.N. Roquelaure, Anne Rice",eng,ENG,3.71,22424,4819
4821,"Jessica's Guide to Dating on the Dark Side (Jessica, #1)",Beth Fantaskey,en-US,EN-US,3.85,32763,4820
4822,"Complete Poems, 1904-1962",E.E. Cummings,eng,ENG,4.35,18662,4821
4823,Execution: The Discipline of Getting Things Done,"Larry Bossidy, Ram Charan, Charles Burck",en-US,EN-US,3.83,18065,4822
4824,Smoke Gets in Your Eyes: And Other Lessons from the Crematory,Caitlin Doughty,eng,ENG,4.04,10979,4823
4825,"The Rembrandt Affair (Gabriel Allon, #10)",Daniel Silva,eng,ENG,4.26,18957,4824
4826,The Call of Cthulhu,H.P. Lovecraft,eng,ENG,4.05,17199,4825
4827,20th Century Ghosts,"Joe Hill, Christopher Golden",en-US,EN-US,3.95,21987,4826
4828,Ghostwritten,David Mitchell,eng,ENG,4.06,17900,4827
4829,The One That Got Away,Simon Wood,eng,ENG,3.77,17367,4828
4830,"The Ruby Circle (Bloodlines, #6)",Richelle Mead,eng,ENG,4.22,29260,4829
4831,Where the Mountain Meets the Moon,Grace Lin,eng,ENG,4.24,24371,4830
4832,"Swallows and Amazons (Swallows and Amazons, #1)",Arthur Ransome,eng,ENG,3.98,21716,4831
4833,"Rock Hard (Sinners on Tour, #2)",Olivia Cunning,eng,ENG,4.11,35676,4832
4834,How to Build a Girl,Caitlin Moran,eng,ENG,3.69,16981,4833
4835,"Sang Pemimpi (Tetralogi Laskar Pelangi, #2)",Andrea Hirata,ind,IND,4.09,12998,4834
4836,The Know-It-All: One Man's Humble Quest to Become the Smartest Person in the World,A.J. Jacobs,eng,ENG,3.77,22226,4835
4837,"Touch & Go (Tessa Leoni, #2)",Lisa Gardner,eng,ENG,4.05,19016,4836
4838,The Double Bind,Chris Bohjalian,eng,ENG,3.62,22067,4837
4839,Summer Rental,Mary Kay Andrews,en-US,EN-US,3.78,20723,4838
4840,The Ice Twins,S.K. Tremayne,eng,ENG,3.68,16718,4839
4841,"The Edge of Always (The Edge of Never, #2)",J.A. Redmerski,eng,ENG,4.02,17532,4840
4842,The Virgin Blue,Tracy Chevalier,eng,ENG,3.65,23484,4841
4843,Salt Sugar Fat: How the Food Giants Hooked Us,Michael Moss,eng,ENG,3.98,18542,4842
4844,"Half Magic (Tales of Magic, #1)","Edward Eager, N.M. Bodecker",en-US,EN-US,3.94,28580,4843
4845,"Dawn of the Dreadfuls (Pride and Prejudice and Zombies, #0.5)","Steve Hockensmith, Jane Austen, Patrick Arrasmith",eng,ENG,3.47,20207,4844
4846,"Live to Tell (Detective D.D. Warren, #4)",Lisa Gardner,eng,ENG,4.18,21984,4845
4847,Lilly's Purple Plastic Purse,Kevin Henkes,unknown,UNKNOWN,4.2,24247,4846
4848,"84, Charing Cross Road",Helene Hanff,eng,ENG,4.19,26899,4847
4849,"Father Mine (Black Dagger Brotherhood, #6.5)",J.R. Ward,eng,ENG,4.51,32178,4848
4850,Peace Is Every Step: The Path of Mindfulness in Everyday Life,"Thich Nhat Hanh, Arnold Kotler, Dalai Lama XIV",eng,ENG,4.34,19152,4849
4851,"Electric Daisy, Vol. 1 (Dengeki Daisy, #1)",Kyousuke Motomi,ind,IND,4.3,20880,4850
4852,Scrappy Little Nobody,Anna Kendrick,eng,ENG,3.91,28719,4851
4853,The Einstein Prophecy,Robert Masello,en-US,EN-US,3.58,19019,4852
4854,"Started Early, Took My Dog (Jackson Brodie, #4)",Kate Atkinson,eng,ENG,3.89,21662,4853
4855,Batman: A Death in the Family,"Jim Starlin, Jim Aparo, Mike DeCarlo",eng,ENG,4.05,19765,4854
4856,TransAtlantic,Colum McCann,eng,ENG,3.81,18065,4855
4857,"Eternal Kiss of Darkness (Night Huntress World, #2)",Jeaniene Frost,en-GB,EN-GB,4.21,31967,4856
4858,"The Spellman Files (The Spellmans, #1)",Lisa Lutz,eng,ENG,3.88,23788,4857
4859,Books of Blood: Volumes One to Three (Books of Blood #1-3),Clive Barker,eng,ENG,4.16,20228,4858
4860,"The Judas Strain (Sigma Force, #4)",James Rollins,eng,ENG,4.15,20976,4859
4861,Searching for God Knows What,Donald Miller,en-US,EN-US,3.92,19383,4860
4862,The Missing Piece,Shel Silverstein,unknown,UNKNOWN,4.27,21207,4861
4863,Fatherland,Robert   Harris,eng,ENG,3.96,18917,4862
4864,"Freedom™ (Daemon, #2)",Daniel Suarez,en-US,EN-US,4.27,12456,4863
4865,The Bridge of San Luis Rey,Thornton Wilder,en-US,EN-US,3.8,22003,4864
4866,White Nights,Fyodor Dostoyevsky,eng,ENG,4.05,13405,4865
4867,"Skin Trade (Anita Blake, Vampire Hunter #17)",Laurell K. Hamilton,en-US,EN-US,3.9,29261,4866
4868,Jesus the Christ,James E. Talmage,unknown,UNKNOWN,4.63,17179,4867
4869,Disney's the Lion King,Don Ferguson,en-US,EN-US,4.49,19553,4868
4870,Shirley,"Charlotte Brontë, Lucasta Miller, collaborative, Jessica Cox",unknown,UNKNOWN,3.71,22562,4869
4871,"Born in Ice (Born In Trilogy, #2)",Nora Roberts,en-US,EN-US,4.13,26219,4870
4872,Villa Incognito,Tom Robbins,unknown,UNKNOWN,3.65,14206,4871
4873,The Sellout,Paul Beatty,eng,ENG,3.8,21733,4872
4874,"Fables, Vol. 4: March of the Wooden Soldiers","Bill Willingham, Mark Buckingham, Craig Hamilton, Steve Leialoha, P. Craig Russell",eng,ENG,4.29,23624,4873
4875,Night School,"Lee Child, Dick Hill",eng,ENG,3.96,11181,4874
4876,"The Silent Girl (Rizzoli & Isles, #9)",Tess Gerritsen,en-US,EN-US,4.13,21444,4875
4877,Horton Hatches the Egg,Dr. Seuss,eng,ENG,4.14,29676,4876
4878,"A Shade of Blood (A Shade of Vampire, #2)",Bella Forrest,eng,ENG,4.01,24757,4877
4879,Beyond Belief: My Secret Life Inside Scientology and My Harrowing Escape,"Jenna Miscavige Hill, Lisa Pulitzer",eng,ENG,3.72,12643,4878
4880,Apology,"Plato, James J. Helm",eng,ENG,4.15,18261,4879
4881,"Preacher, Volume 3: Proud Americans","Garth Ennis, Steve Dillon, Penn Jillette",eng,ENG,4.27,19451,4880
4882,"The Wolf Gift (The Wolf Gift Chronicles, #1)",Anne Rice,eng,ENG,3.52,19008,4881
4883,The Little Red Hen (Little Golden Book),"Diane Muldrow, J.P. Miller",unknown,UNKNOWN,4.2,22932,4882
4884,Lethal,Sandra Brown,unknown,UNKNOWN,4.04,20353,4883
4885,The Terror,Dan Simmons,eng,ENG,4.0,21225,4884
4886,Madeline's Rescue,Ludwig Bemelmans,eng,ENG,4.24,24495,4885
4887,"Game Change: Obama and the Clintons, McCain and Palin, and the Race of a Lifetime","John Heilemann, Mark Halperin",unknown,UNKNOWN,4.1,16800,4886
4888,"Garden of Shadows (Dollanganger, #5)",V.C. Andrews,eng,ENG,3.88,23139,4887
4889,"A Perfect Blood (The Hollows, #10)",Kim Harrison,en-US,EN-US,4.38,26455,4888
4890,Joni: An Unforgettable Story,"Joni Eareckson Tada, Joe Musser",en-US,EN-US,4.23,20191,4889
4891,"War of the Twins (Dragonlance: Legends, #2)","Margaret Weis, Tracy Hickman",eng,ENG,4.11,21559,4890
4892,"Cross Fire (Alex Cross, #17)",James Patterson,eng,ENG,4.04,20407,4891
4893,Brunelleschi's Dome: How a Renaissance Genius Reinvented Architecture,Ross King,en-US,EN-US,3.84,17931,4892
4894,Creative Visualization: Use the Power of Your Imagination to Create What You Want in Your Life,Shakti Gawain,eng,ENG,4.13,17811,4893
4895,"Metro Girl (Alex Barnaby, #1)",Janet Evanovich,eng,ENG,3.6,27115,4894
4896,"Never Never: Part Three (Never Never, #3)","Colleen Hoover, Tarryn Fisher",en-GB,EN-GB,3.48,26749,4895
4897,"Second Grave on the Left (Charley Davidson, #2)",Darynda Jones,en-US,EN-US,4.29,30926,4896
4898,Katherine,"Anya Seton, Philippa Gregory",eng,ENG,4.18,22577,4897
4899,A Short History of Tractors in Ukrainian,Marina Lewycka,en-US,EN-US,3.37,18204,4898
4900,Where They Found Her,Kimberly McCreight,eng,ENG,3.83,19429,4899
4901,"Industrial Magic (Women of the Otherworld, #4)",Kelley Armstrong,en-US,EN-US,4.12,27521,4900
4902,"Le Petit Nicolas (Le petit Nicolas, #1)","René Goscinny, Jean-Jacques Sempé",fre,FRE,4.13,24796,4901
4903,"The Atlantis Plague (The Origin Mystery, #2)",A.G. Riddle,eng,ENG,3.88,7905,4902
4904,We Were Soldiers Once... and Young: Ia Drang - The Battle that Changed the War in Vietnam,"Harold G. Moore, Joseph L. Galloway",eng,ENG,4.29,18688,4903
4905,Whiteout,Ken Follett,en-US,EN-US,3.54,18791,4904
4906,A Distant Mirror:  The Calamitous 14th Century,Barbara W. Tuchman,eng,ENG,4.11,21776,4905
4907,Heat,Mike Lupica,en-US,EN-US,3.97,16579,4906
4908,The Game: Penetrating the Secret Society of Pickup Artists,Neil Strauss,en-US,EN-US,3.73,16698,4907
4909,"N is for Noose (Kinsey Millhone, #14)",Sue Grafton,eng,ENG,3.97,24658,4908
4910,Just Like Heaven (Smythe-Smith Quartet #1),Julia Quinn,en-GB,EN-GB,3.93,14300,4909
4911,"Percy Jackson and the Olympians Boxed Set (Percy Jackson and the Olympians, #1-5)","Rick Riordan, Tk",unknown,UNKNOWN,4.57,19555,4910
4912,"Catch Me (Detective D.D. Warren, #6)",Lisa Gardner,eng,ENG,4.17,21486,4911
4913,"The Shop on Blossom Street (Blossom Street, #1)",Debbie Macomber,eng,ENG,4.04,22861,4912
4914,"Starless Night (Forgotten Realms: Legacy of the Drow, #2; Legend of Drizzt, #8)",R.A. Salvatore,en-GB,EN-GB,4.12,18305,4913
4915,"Night Fall (John Corey, #3)",Nelson DeMille,eng,ENG,4.07,18761,4914
4916,"Trials of Death (Cirque Du Freak, #5)",Darren Shan,unknown,UNKNOWN,4.25,22157,4915
4917,"The Bourne Objective (Jason Bourne, #8)","Eric Van Lustbader, Robert Ludlum",eng,ENG,4.07,16294,4916
4918,"The Score (Off-Campus, #3)",Elle Kennedy,eng,ENG,4.27,32709,4917
4919,"Even Now (Lost Love, #1)",Karen Kingsbury,en-US,EN-US,4.26,18120,4918
4920,Testimony,Anita Shreve,en-US,EN-US,3.54,21977,4919
4921,"Magic Rises (Kate Daniels, #6)",Ilona Andrews,eng,ENG,4.49,29556,4920
4922,"Whispers Under Ground (Peter Grant, #3)",Ben Aaronovitch,eng,ENG,4.16,15946,4921
4923,"Unlucky 13 (Women’s Murder Club, #13)","James Patterson, Maxine Paetro",eng,ENG,3.94,16005,4922
4924,The Best Laid Plans,Sidney Sheldon,eng,ENG,3.66,17173,4923
4925,Nation,Terry Pratchett,en-US,EN-US,4.05,22466,4924
4926,"Secrets of a Summer Night (Wallflowers, #1)",Lisa Kleypas,eng,ENG,4.05,33026,4925
4927,"Red: The Heroic Rescue (The Circle, #2)",Ted Dekker,eng,ENG,4.3,19896,4926
4928,"A Trick of the Light (Chief Inspector Armand Gamache, #7)",Louise Penny,eng,ENG,4.29,20932,4927
4929,"White Hot Kiss (The Dark Elements, #1)",Jennifer L. Armentrout,eng,ENG,4.28,27848,4928
4930,Pandora Hearts 1巻,"Jun Mochizuki, 望月淳",jpn,JPN,4.2,19222,4929
4931,At the Mountains of Madness and Other Tales of Terror,H.P. Lovecraft,en-US,EN-US,4.25,19586,4930
4932,Lit,Mary Karr,eng,ENG,3.88,17964,4931
4933,"Dragonsdawn (Pern, #9)",Anne McCaffrey,unknown,UNKNOWN,4.17,25824,4932
4934,Mockingbird,Kathryn Erskine,eng,ENG,4.18,21138,4933
4935,28 حرف,أحمد حلمي,ara,ARA,3.1,15708,4934
4936,I Kissed Dating Goodbye,Joshua Harris,unknown,UNKNOWN,3.61,17121,4935
4937,"The Egypt Game (Game, #1)",Zilpha Keatley Snyder,eng,ENG,3.81,26657,4936
4938,Ellen Foster,Kaye Gibbons,eng,ENG,3.75,23327,4937
4939,The Complete Stories,"Franz Kafka, Nahum N. Glatzer, John Updike, Willa Muir, Edwin Muir, Tania Stern, James Stern, Ernst Kaiser, Eithne Wilkins",eng,ENG,4.34,18314,4938
4940,Veganomicon: The Ultimate Vegan Cookbook,"Isa Chandra Moskowitz, Terry Hope Romero",unknown,UNKNOWN,3.98,19359,4939
4941,"Test of the Twins (Dragonlance: Legends, #3)","Margaret Weis, Tracy Hickman",eng,ENG,4.16,21047,4940
4942,Wise Blood,Flannery O'Connor,en-US,EN-US,3.88,18053,4941
4943,Kürk Mantolu Madonna,Sabahattin Ali,tur,TUR,4.49,19806,4942
4944,"Running with the Demon (Word & Void, #1)",Terry Brooks,eng,ENG,3.95,21209,4943
4945,In His Steps,Charles M. Sheldon,unknown,UNKNOWN,4.15,18254,4944
4946,Lothaire (Immortals After Dark #12),Kresley Cole,eng,ENG,4.43,30304,4945
4947,"Knuffle Bunny Too: A Case of Mistaken Identity (Knuffle Bunny, #2)",Mo Willems,en-US,EN-US,4.28,23396,4946
4948,"The Whole Truth (A. Shaw, #1)",David Baldacci,eng,ENG,4.0,19171,4947
4949,"Stolen Innocence: My Story of Growing Up in a Polygamous Sect, Becoming a Teenage Bride, and Breaking Free of Warren Jeffs","Elissa Wall, Lisa Pulitzer",unknown,UNKNOWN,3.89,19468,4948
4950,Out of the Easy,Ruta Sepetys,eng,ENG,4.05,25913,4949
4951,Batman: The Man Who Laughs,"Ed Brubaker, Doug Mahnke, Patrick Zircher, Aaron Sowd, Steve Bird",eng,ENG,4.09,16933,4950
4952,"Midnight (Warriors: The New Prophecy, #1)",Erin Hunter,eng,ENG,4.26,24650,4951
4953,The Hard Thing About Hard Things: Building a Business When There Are No Easy Answers,Ben Horowitz,eng,ENG,4.2,19492,4952
4954,"The Fallen Star (Fallen Star, #1)",Jessica Sorensen,unknown,UNKNOWN,3.91,19786,4953
4955,"The Illearth War (The Chronicles of Thomas Covenant the Unbeliever, #2)",Stephen R. Donaldson,unknown,UNKNOWN,3.99,20039,4954
4956,My Booky Wook,Russell Brand,en-GB,EN-GB,3.42,16553,4955
4957,"Shadow Spell (The Cousins O'Dwyer Trilogy, #2)",Nora Roberts,en-US,EN-US,4.0,17155,4956
4958,Just My Type: A Book About Fonts,Simon Garfield,en-US,EN-US,3.79,22046,4957
4959,"Promises in Death (In Death, #28)",J.D. Robb,eng,ENG,4.4,24115,4958
4960,Love Is a Dog from Hell,Charles Bukowski,eng,ENG,4.16,19471,4959
4961,"The Fifth Season (The Broken Earth, #1)",N.K. Jemisin,eng,ENG,4.31,20185,4960
4962,The Zombie Room,R.D. Ronald,eng,ENG,3.61,14302,4961
4963,The Analyst,John Katzenbach,eng,ENG,4.12,11685,4962
4964,Shades of Grey,Jasper Fforde,eng,ENG,4.14,22788,4963
4965,"That Was Then, This Is Now",S.E. Hinton,en-US,EN-US,3.89,22946,4964
4966,"The Mysterious Benedict Society and the Prisoner's Dilemma (The Mysterious Benedict Society, #3)","Trenton Lee Stewart, Del Roy",unknown,UNKNOWN,4.28,23448,4965
4967,The Family Fang,Kevin    Wilson,en-US,EN-US,3.6,18214,4966
4968,The Pursuit of Happyness,Chris Gardner,unknown,UNKNOWN,4.17,18492,4967
4969,Min kamp 1 (Min kamp #1),Karl Ove Knausgård,nor,NOR,4.08,7886,4968
4970,"A Red Herring Without Mustard (Flavia de Luce, #3)",Alan Bradley,eng,ENG,4.07,26160,4969
4971,No Ordinary Time: Franklin and Eleanor Roosevelt: The Home Front in World War II,Doris Kearns Goodwin,eng,ENG,4.2,26004,4970
4972,Straight Man,Richard Russo,eng,ENG,4.02,19358,4971
4973,The Moviegoer,Walker Percy,en-CA,EN-CA,3.7,18655,4972
4974,The Cherry Orchard,"Anton Chekhov, Tom    Murphy",eng,ENG,3.68,18914,4973
4975,"11 Birthdays (Willow Falls, #1)",Wendy Mass,eng,ENG,4.18,22339,4974
4976,Unfinished Tales of Númenor and Middle-Earth,"J.R.R. Tolkien, Christopher Tolkien",unknown,UNKNOWN,3.93,18402,4975
4977,"Sisterhood Everlasting (Sisterhood, #5)",Ann Brashares,eng,ENG,3.9,25849,4976
4978,Infinity Welcomes Careful Drivers (Red Dwarf #1),Grant Naylor,eng,ENG,4.03,19773,4977
4979,Coyote Blue,Christopher Moore,en-US,EN-US,3.75,19901,4978
4980,فوضى الحواس,"أحلام مستغانمي, Ahlam Mosteghanemi",ara,ARA,3.83,16337,4979
4981,Orthodoxy,G.K. Chesterton,eng,ENG,4.23,18303,4980
4982,Fancy Nancy,"Jane O'Connor, Robin Preiss Glasser",unknown,UNKNOWN,4.15,21619,4981
4983,The Heart of the Matter,Graham Greene,eng,ENG,3.98,19149,4982
4984,"The Long Haul (Diary of a Wimpy Kid, #9)",Jeff Kinney,eng,ENG,4.33,21822,4983
4985,"Talking to Dragons (Enchanted Forest Chronicles, #4)","Patricia C. Wrede, Peter de Sève",en-US,EN-US,4.19,27948,4984
4986,Sail,"James Patterson, Howard Roughan",eng,ENG,3.8,20932,4985
4987,The Sleeper and the Spindle,"Neil Gaiman, Chris Riddell",eng,ENG,3.9,20889,4986
4988,A Fall of Marigolds,Susan Meissner,unknown,UNKNOWN,4.04,17015,4987
4989,"Beauty's Punishment (Sleeping Beauty, #2)","A.N. Roquelaure, Anne Rice",en-US,EN-US,3.62,20867,4988
4990,"The Negotiator (O'Malley, #1)",Dee Henderson,eng,ENG,4.32,20278,4989
4991,Can Love Happen Twice?,Ravinder Singh,eng,ENG,3.31,15668,4990
4992,"A Lion Among Men (The Wicked Years, #3)","Gregory Maguire, Douglas Smith",en-US,EN-US,3.29,21794,4991
4993,"Shadow of a Dark Queen (The Serpentwar Saga, #1)",Raymond E. Feist,eng,ENG,4.02,20847,4992
4994,This Boy's Life,Tobias Wolff,eng,ENG,3.98,19981,4993
4995,"Patient Zero (Joe Ledger, #1)",Jonathan Maberry,en-US,EN-US,3.98,19852,4994
4996,Death Comes for the Archbishop,Willa Cather,eng,ENG,3.88,21343,4995
4997,"Fair Game (Alpha & Omega, #3)",Patricia Briggs,en-US,EN-US,4.34,28322,4996
4998,"The Son of Sobek (Percy Jackson & Kane Chronicles Crossover, #1)",Rick Riordan,eng,ENG,4.26,21691,4997
4999,Tartuffe,"Molière, Martin Sorrell",eng,ENG,3.66,21061,4998
5000,Passion Unleashed (Demonica #3),Larissa Ione,eng,ENG,4.32,28493,4999
5001,"High School Debut, Vol. 01 (High School Debut, #1)",Kazune Kawahara,en-GB,EN-GB,4.11,21210,5000
5002,في ديسمبر تنتهي كل الأحلام,أثير عبدالله النشمي,ara,ARA,3.33,16479,5001
5003,Just for You (Little Critter),Mercer Mayer,eng,ENG,4.25,22965,5002
5004,Amazonia,James Rollins,eng,ENG,4.11,20410,5003
5005,Feeling Good: The New Mood Therapy,David D. Burns,en-US,EN-US,3.95,17065,5004
5006,Blue Smoke,Nora Roberts,eng,ENG,3.97,24366,5005
5007,"Predator (Kay Scarpetta, #14)",Patricia Cornwell,en-US,EN-US,3.67,21668,5006
5008,Codependent No More: How to Stop Controlling Others and Start Caring for Yourself,Melody Beattie,unknown,UNKNOWN,4.13,18340,5007
5009,Oblomov,"Ivan Goncharov, Stephen Pearl, Galya Diment",eng,ENG,4.0,18458,5008
5010,"Inca Gold (Dirk Pitt, #12)",Clive Cussler,eng,ENG,3.96,20297,5009
5011,Delicious!,Ruth Reichl,eng,ENG,3.75,17657,5010
5012,NurtureShock: New Thinking About Children,"Po Bronson, Ashley Merryman",en-US,EN-US,4.04,17310,5011
5013,"Wild Fire (John Corey, #4)",Nelson DeMille,en-US,EN-US,3.99,18529,5012
5014,Two Little Girls in Blue,Mary Higgins Clark,en-US,EN-US,3.85,20727,5013
5015,"Daughter of the Empire (The Empire Trilogy, #1)","Raymond E. Feist, Janny Wurts",eng,ENG,4.24,24055,5014
5016,"Everlost (Skinjacker, #1)",Neal Shusterman,eng,ENG,3.94,24506,5015
5017,Dreams of a Dark Warrior (Immortals After Dark #11),Kresley Cole,en-US,EN-US,4.39,28315,5016
5018,"Theodore Boone: Kid Lawyer (Theodore Boone, #1)","John Grisham, Richard Thomas",eng,ENG,3.72,19284,5017
5019,"Jimmy Corrigan, the Smartest Kid on Earth",Chris Ware,unknown,UNKNOWN,4.1,17128,5018
5020,"A Year Down Yonder (A Long Way from Chicago, #2)",Richard Peck,eng,ENG,4.1,23310,5019
5021,"Own the Wind (Chaos, #1)",Kristen Ashley,eng,ENG,4.22,38673,5020
5022,Marina,Carlos Ruiz Zafón,spa,SPA,3.99,18260,5021
5023,My Name Is Memory,Ann Brashares,eng,ENG,3.7,23498,5022
5024,Written on the Body,Jeanette Winterson,en-US,EN-US,4.08,18203,5023
5025,"Tiger's Voyage (The Tiger Saga, #3)",Colleen Houck,eng,ENG,4.35,24495,5024
5026,"Dead and Alive (Dean Koontz's Frankenstein, #3)",Dean Koontz,eng,ENG,4.01,18310,5025
5027,Genome: the Autobiography of a Species in 23 Chapters,Matt Ridley,en-US,EN-US,4.02,17684,5026
5028,The Going-To-Bed Book,Sandra Boynton,en-US,EN-US,4.22,21078,5027
5029,"Knocked Out by My Nunga-Nungas (Confessions of Georgia Nicolson, #3)",Louise Rennison,en-US,EN-US,3.97,24077,5028
5030,"Desecration (Left Behind, #9)","Tim LaHaye, Jerry B. Jenkins",en-US,EN-US,4.0,19562,5029
5031,Redeployment,Phil Klay,eng,ENG,3.98,15597,5030
5032,Going Bovine,Libba Bray,eng,ENG,3.65,26259,5031
5033,The Postman Always Rings Twice,James M. Cain,eng,ENG,3.81,19416,5032
5034,"The Dead-Tossed Waves (The Forest of Hands and Teeth, #2)",Carrie Ryan,en-US,EN-US,3.91,26347,5033
5035,Shadow Divers,Robert Kurson,eng,ENG,4.26,16917,5034
5036,Moon Over Manifest,Clare Vanderpool,eng,ENG,4.02,23298,5035
5037,The Glass Palace,Amitav Ghosh,eng,ENG,3.94,16535,5036
5038,Chopsticks,"Jessica Anthony, Rodrigo Corral",eng,ENG,3.72,18375,5037
5039,Every Fifteen Minutes,Lisa Scottoline,en-CA,EN-CA,3.72,16765,5038
5040,"The Eye of Minds (The Mortality Doctrine, #1)",James Dashner,eng,ENG,3.85,22637,5039
5041,"4:50 from Paddington (Miss Marple, #8)",Agatha Christie,eng,ENG,3.92,23416,5040
5042,"Ceremony in Death (In Death, #5)",J.D. Robb,eng,ENG,4.26,25093,5041
5043,"Cockroaches (Harry Hole, #2)","Jo Nesbø, Don Bartlett",eng,ENG,3.71,14717,5042
5044,"Grave Surprise (Harper Connelly, #2)",Charlaine Harris,en-US,EN-US,3.88,27905,5043
5045,"City of the Beasts (Eagle and Jaguar, #1)","Isabel Allende, Margaret Sayers Peden",eng,ENG,3.69,15497,5044
5046,أولاد حارتنا,"Naguib Mahfouz, نجيب محفوظ",ara,ARA,4.1,14860,5045
5047,"The Scar (Bas-Lag, #2)",China Miéville,eng,ENG,4.15,20745,5046
5048,"Haunted (The Mediator, #5)",Meg Cabot,eng,ENG,4.15,29460,5047
5049,"Dragondrums (Harper Hall, #3)",Anne McCaffrey,eng,ENG,4.04,25473,5048
5050,The Story of Beautiful Girl,Rachel Simon,unknown,UNKNOWN,3.92,19655,5049
5051,"Galileo's Daughter: A Historical Memoir of Science, Faith and Love",Dava Sobel,en-US,EN-US,3.74,21260,5050
5052,Mila 18,Leon Uris,eng,ENG,4.27,19323,5051
5053,Drawing from Memory,Allen Say,eng,ENG,3.81,21137,5052
5054,"Sea of Poppies (Ibis Trilogy, #1)",Amitav Ghosh,eng,ENG,3.93,15499,5053
5055,Nightfall,"Isaac Asimov, Robert Silverberg",eng,ENG,4.01,21683,5054
5056,How I Became a Pirate,"Melinda Long, David Shannon",eng,ENG,4.07,21554,5055
5057,"The Monkey Wrench Gang (Monkey Wrench Gang, #1)",Edward Abbey,en-US,EN-US,4.08,15513,5056
5058,Last Night in Twisted River,John Irving,eng,ENG,3.74,18441,5057
5059,"Love Wins: A Book About Heaven, Hell, and the Fate of Every Person Who Ever Lived",Rob Bell,eng,ENG,3.54,17668,5058
5060,"Bite Club (The Morganville Vampires, #10)",Rachel Caine,eng,ENG,4.23,25064,5059
5061,A Matter of Honor,Jeffrey Archer,unknown,UNKNOWN,3.9,16502,5060
5062,Mr. Perfect,Linda Howard,eng,ENG,4.07,24753,5061
5063,"Up to Me (The Bad Boys, #2)",M. Leighton,eng,ENG,4.12,30597,5062
5064,"Waking Up Married (Waking Up, #1)",Mira Lyn Kelly,en-US,EN-US,3.53,23812,5063
5065,No Time for Goodbye (No Time For Goodbye #1),Linwood Barclay,eng,ENG,4.0,17413,5064
5066,"Ida B. . . and Her Plans to Maximize Fun, Avoid Disaster, and (Possibly) Save the World",Katherine Hannigan,eng,ENG,3.86,20551,5065
5067,"The Dragon Keeper (Rain Wild Chronicles, #1)",Robin Hobb,eng,ENG,3.93,19620,5066
5068,A Sand County Almanac and Sketches Here and There,Aldo Leopold,unknown,UNKNOWN,4.24,16792,5067
5069,Lassie Come-Home,"Eric Knight, Marguerite Kirmse",unknown,UNKNOWN,4.16,19100,5068
5070,"The China Study: The Most Comprehensive Study of Nutrition Ever Conducted And the Startling Implications for Diet, Weight Loss, And Long-term Health","T. Colin Campbell, Thomas M. Campbell II",en-GB,EN-GB,4.21,16485,5069
5071,The Gruffalo,"Julia Donaldson, Axel Scheffler",eng,ENG,4.47,19609,5070
5072,"The Salmon of Doubt (Dirk Gently, #3)",Douglas Adams,eng,ENG,3.92,20177,5071
5073,The City and the Stars,Arthur C. Clarke,eng,ENG,4.08,19032,5072
5074,"Tokyo Ghoul, tome 1 (Tokyo Ghoul, #1)","Sui Ishida, 石田 スイ",fre,FRE,4.43,43490,5073
5075,"How to Train Your Dragon (How to Train Your Dragon, #1)",Cressida Cowell,en-US,EN-US,3.85,23042,5074
5076,Brief Interviews with Hideous Men,David Foster Wallace,eng,ENG,3.88,15555,5075
5077,All Around the Town,Mary Higgins Clark,unknown,UNKNOWN,3.94,20029,5076
5078,"L.A. Candy (L.A. Candy, #1)",Lauren Conrad,en-US,EN-US,3.36,21910,5077
5079,The Siren,Kiera Cass,eng,ENG,3.78,21740,5078
5080,The Quiet Game,Greg Iles,eng,ENG,4.17,16853,5079
5081,American Sphinx: The Character of Thomas Jefferson,Joseph J. Ellis,eng,ENG,3.9,17375,5080
5082,Headhunters,"Jo Nesbø, Don Bartlett",eng,ENG,3.78,16509,5081
5083,"The Messenger (Gabriel Allon, #6)",Daniel Silva,eng,ENG,4.18,16974,5082
5084,The Sheltering Sky,Paul Bowles,eng,ENG,3.92,16494,5083
5085,The Rest of Us Just Live Here,Patrick Ness,eng,ENG,3.76,23412,5084
5086,The Lady Elizabeth,Alison Weir,eng,ENG,3.97,20345,5085
5087,The Astronaut Wives Club,Lily Koppel,eng,ENG,3.26,17837,5086
5088,The Man Who Was Thursday: A Nightmare,"G.K. Chesterton, Jonathan Lethem",eng,ENG,3.85,17481,5087
5089,Cheaper by the Dozen,"Frank B. Gilbreth Jr., Ernestine Gilbreth Carey",eng,ENG,3.99,26266,5088
5090,The Monster of Florence,"Douglas Preston, Mario Spezi",en-US,EN-US,3.72,21548,5089
5091,Winter's Bone,Daniel Woodrell,eng,ENG,3.92,18306,5090
5092,"Seduced by Moonlight (Merry Gentry, #3)",Laurell K. Hamilton,eng,ENG,4.05,26388,5091
5093,"Sword Song (The Saxon Stories, #4)",Bernard Cornwell,en-US,EN-US,4.28,17106,5092
5094,Deceptively Delicious: Simple Secrets to Get Your Kids Eating Good Food,Jessica Seinfeld,en-US,EN-US,3.39,17837,5093
5095,The Weight of Water,Anita Shreve,eng,ENG,3.62,21394,5094
5096,"Music of the Heart (Runaway Train, #1)",Katie Ashley,eng,ENG,4.0,32013,5095
5097,Scarlet Feather,Maeve Binchy,eng,ENG,3.93,20948,5096
5098,"Truth (Consequences, #2)",Aleatha Romig,eng,ENG,4.38,25472,5097
5099,"The Last Hero (Discworld, #27; Rincewind #7)","Terry Pratchett, Paul Kidby",eng,ENG,4.15,22537,5098
5100,Fantastic Voyage,Isaac Asimov,unknown,UNKNOWN,3.89,20415,5099
5101,We Wish to Inform You That Tomorrow We Will Be Killed with Our Families,Philip Gourevitch,en-US,EN-US,4.3,18716,5100
5102,The Harbinger: The Ancient Mystery that Holds the Secret of America's Future,Jonathan Cahn,unknown,UNKNOWN,3.93,15063,5101
5103,"The English Girl (Gabriel Allon, #13)",Daniel Silva,eng,ENG,4.08,15292,5102
5104,Clara and Mr. Tiffany,Susan Vreeland,unknown,UNKNOWN,3.71,23459,5103
5105,The Geography of You and Me,Jennifer E. Smith,eng,ENG,3.68,22368,5104
5106,"Angel (Angel, #1)",L.A. Weatherly,eng,ENG,3.89,22262,5105
5107,"Seeds of Rebellion (Beyonders, #2)",Brandon Mull,eng,ENG,4.25,20291,5106
5108,Chinese Cinderella: The True Story of an Unwanted Daughter,Adeline Yen Mah,en-US,EN-US,4.04,21410,5107
5109,"Chosen Prey (Lucas Davenport, #12)",John Sandford,en-US,EN-US,4.23,20176,5108
5110,Raymond E. Feist's Magician Master,"Bryan J.L. Glass, Tim Seeley, Hugo Petrus, Raymond E. Feist",unknown,UNKNOWN,4.43,18430,5109
5111,Bossman,Vi Keeland,eng,ENG,4.25,24354,5110
5112,The Black Dagger Brotherhood: An Insider's Guide,J.R. Ward,eng,ENG,4.32,26144,5111
5113,"Locke & Key, Vol. 2: Head Games","Joe Hill, Gabriel Rodríguez",eng,ENG,4.36,22505,5112
5114,"Ramona and Her Father (Ramona, #4)","Beverly Cleary, Alan Tiegreen",eng,ENG,4.02,22181,5113
5115,The Secret Adversary (Tommy and Tuppence #1),Agatha Christie,eng,ENG,3.82,20457,5114
5116,Hopscotch,"Julio Cortázar, Gregory Rabassa",eng,ENG,4.25,10309,5115
5117,"Fallen (Will Trent, #5)",Karin Slaughter,eng,ENG,4.23,19777,5116
5118,"Stars Above (The Lunar Chronicles, #4.5)",Marissa Meyer,eng,ENG,4.27,29333,5117
5119,Clapton: The Autobiography,Eric Clapton,en-US,EN-US,3.81,16369,5118
5120,No Logo,Naomi Klein,en-US,EN-US,3.86,18792,5119
5121,No Second Chance,Harlan Coben,eng,ENG,4.05,18799,5120
5122,Fear and Loathing on the Campaign Trail '72,Hunter S. Thompson,en-US,EN-US,4.1,15306,5121
5123,Shroud for a Nightingale (Adam Dalgliesh #4),P.D. James,eng,ENG,4.04,18044,5122
5124,"First Frost (Waverley Family, #2)",Sarah Addison Allen,eng,ENG,3.95,20936,5123
5125,Stories of Your Life and Others,Ted Chiang,eng,ENG,4.27,16252,5124
5126,Travesuras de la niña mala,Mario Vargas Llosa,spa,SPA,4.04,11707,5125
5127,The Girl Who Fell from the Sky,Heidi W. Durrow,en-US,EN-US,3.6,19139,5126
5128,Lunar Park,Bret Easton Ellis,unknown,UNKNOWN,3.6,16431,5127
5129,"Hide (Detective D.D. Warren, #2)",Lisa Gardner,eng,ENG,4.14,21892,5128
5130,Ayat-Ayat Cinta,Habiburrahman El-Shirazy,ind,IND,3.81,12345,5129
5131,"Broken Prince (The Royals, #2)",Erin Watt,eng,ENG,4.11,21901,5130
5132,Manuscript Found in Accra,"Paulo Coelho, Margaret Jull Costa",en-US,EN-US,3.8,14318,5131
5133,Save Me,Lisa Scottoline,unknown,UNKNOWN,3.63,20168,5132
5134,Weaveworld,Clive Barker,eng,ENG,4.13,19251,5133
5135,"Loves Music, Loves to Dance",Mary Higgins Clark,eng,ENG,3.89,21880,5134
5136,"The Rivers of Zadaa (Pendragon, #6)",D.J. MacHale,eng,ENG,4.19,20264,5135
5137,"Sweet Dreams (Colorado Mountain, #2)",Kristen Ashley,en-GB,EN-GB,4.42,34766,5136
5138,Nicholas and Alexandra,Robert K. Massie,eng,ENG,4.25,17709,5137
5139,"Wicked Business (Lizzy & Diesel, #2)",Janet Evanovich,eng,ENG,3.76,24162,5138
5140,Escape from Mr. Lemoncello's Library (Mr. Lemoncello's Library #1),Chris Grabenstein,eng,ENG,4.13,21376,5139
5141,Friday,Robert A. Heinlein,eng,ENG,3.82,21388,5140
5142,"Her Mother's Hope (Marta's Legacy, #1)",Francine Rivers,en-US,EN-US,4.28,18257,5141
5143,Tuesday,David Wiesner,unknown,UNKNOWN,4.17,21366,5142
5144,"Red Rabbit (Jack Ryan Universe, #3)",Tom Clancy,eng,ENG,3.64,19287,5143
5145,"Arrows of the Queen (Heralds of Valdemar, #1)",Mercedes Lackey,en-US,EN-US,4.16,26844,5144
5146,Slouching Towards Bethlehem,Joan Didion,unknown,UNKNOWN,4.24,17787,5145
5147,"Rise of a Merchant Prince (The Serpentwar Saga, #2)",Raymond E. Feist,unknown,UNKNOWN,4.02,20661,5146
5148,"Angelfire (Angelfire, #1)",Courtney Allison Moulton,en-US,EN-US,3.93,27704,5147
5149,Mile 81,Stephen King,eng,ENG,3.62,14213,5148
5150,The Brooklyn Follies,Paul Auster,eng,ENG,3.81,15635,5149
5151,"The Ironwood Tree (The Spiderwick Chronicles, #4)","Holly Black, Tony DiTerlizzi",eng,ENG,3.92,27293,5150
5152,The Yearling,Marjorie Kinnan Rawlings,eng,ENG,3.99,21797,5151
5153,"Dare You To (Pushing the Limits, #2)",Katie McGarry,eng,ENG,4.18,32490,5152
5154,I Am Ozzy,"Ozzy Osbourne, Chris Ayres",en-US,EN-US,4.05,16922,5153
5155,The Sex Lives of Cannibals: Adrift in the Equatorial Pacific,J. Maarten Troost,eng,ENG,3.87,16954,5154
5156,"Touch of Power (Healer, #1)",Maria V. Snyder,en-US,EN-US,4.17,29747,5155
5157,A Virtuous Woman,Kaye Gibbons,eng,ENG,3.67,21311,5156
5158,"Tears of the Moon (Gallaghers of Ardmore / Irish Trilogy, #2)",Nora Roberts,en-US,EN-US,4.19,24613,5157
5159,"The Vampire Prince (Cirque Du Freak, #6)",Darren Shan,unknown,UNKNOWN,4.23,20877,5158
5160,"The Sapphire Rose (The Elenium, #3)",David Eddings,eng,ENG,3.98,23232,5159
5161,Did You Ever Have a Family,Bill Clegg,eng,ENG,3.81,17129,5160
5162,The Gold Coast,Nelson DeMille,unknown,UNKNOWN,4.06,18616,5161
5163,On Death and Dying,Elisabeth Kübler-Ross,eng,ENG,4.15,17937,5162
5164,"14th Deadly Sin (Women’s Murder Club, #14)","James Patterson, Maxine Paetro",eng,ENG,3.99,12823,5163
5165,"It Happened One Autumn (Wallflowers, #2)",Lisa Kleypas,eng,ENG,4.15,30993,5164
5166,"Scarpetta (Kay Scarpetta, #16)",Patricia Cornwell,en-US,EN-US,3.72,21975,5165
5167,"Darkness, Take My Hand (Kenzie & Gennaro, #2)",Dennis Lehane,eng,ENG,4.17,19019,5166
5168,"Siege of Darkness (Forgotten Realms: Legacy of the Drow, #3; Legend of Drizzt, #9)",R.A. Salvatore,en-US,EN-US,4.15,17410,5167
5169,"Perfect (Impulse, #2)",Ellen Hopkins,en-US,EN-US,4.35,21089,5168
5170,"Play with Me (With Me in Seattle, #3)",Kristen Proby,eng,ENG,4.33,32132,5169
5171,"Portrait in Death (In Death, #16)",J.D. Robb,eng,ENG,4.37,24958,5170
5172,"Second Chance Boyfriend (One Week Girlfriend, #2)",Monica  Murphy,eng,ENG,4.06,30299,5171
5173,"Y: The Last Man, Vol. 4: Safeword (Y: The Last Man, #4)","Brian K. Vaughan, Pia Guerra, Goran Parlov, José Marzán Jr.",eng,ENG,4.25,22207,5172
5174,The Collector,Nora Roberts,eng,ENG,3.92,15888,5173
5175,Sunshine,Robin McKinley,en-US,EN-US,3.85,27918,5174
5176,"D is for Deadbeat (Kinsey Millhone, #4)",Sue Grafton,eng,ENG,3.85,26075,5175
5177,Salvage the Bones,Jesmyn Ward,eng,ENG,3.81,18505,5176
5178,"The Hook Up (Game On, #1)",Kristen Callihan,eng,ENG,4.04,27915,5177
5179,"Throne of Jade (Temeraire, #2)",Naomi Novik,eng,ENG,3.89,23015,5178
5180,Mornings on Horseback,David McCullough,en-US,EN-US,4.1,18321,5179
5181,"Y: The Last Man, Vol. 7: Paper Dolls (Y: The Last Man, #7)","Brian K. Vaughan, Pia Guerra, Goran Sudžuka, José Marzán Jr.",eng,ENG,4.25,22220,5180
5182,London,Edward Rutherfurd,en-US,EN-US,4.06,18902,5181
5183,"Silence (Silence, #1)",Natasha Preston,en-US,EN-US,3.93,13042,5182
5184,My True Love Gave to Me: Twelve Holiday Stories,"Stephanie Perkins, Holly Black, Ally Carter, Matt de la Pena, Gayle Forman, Jenny Han, David Levithan, Kelly Link, Myra McEntire, Rainbow Rowell, Laini Taylor, Kiersten White",eng,ENG,3.73,22480,5183
5185,"Sand Omnibus (Sand, #1-5)",Hugh Howey,eng,ENG,3.96,14612,5184
5186,"Off to Be the Wizard (Magic 2.0, #1)",Scott  Meyer,eng,ENG,3.98,12885,5185
5187,Nobody's Fool,Richard Russo,eng,ENG,4.12,18392,5186
5188,Rage,"Richard Bachman, Stephen King",eng,ENG,3.8,21746,5187
5189,"Germinal (Les Rougon-Macquart, #13)","Émile Zola, Roger Pearson",eng,ENG,4.09,19325,5188
5190,"Ceaseless (Existence Trilogy, #3)",Abbi Glines,eng,ENG,4.2,27823,5189
5191,The Cat's Table,Michael Ondaatje,eng,ENG,3.59,16631,5190
5192,The Demolished Man,Alfred Bester,eng,ENG,3.99,20685,5191
5193,"Lost in Time (Blue Bloods, #6)",Melissa de la Cruz,eng,ENG,4.05,23154,5192
5194,"Ninth Key (The Mediator, #2)",Meg Cabot,eng,ENG,4.07,29922,5193
5195,Twilight Eyes,Dean Koontz,unknown,UNKNOWN,3.86,20694,5194
5196,"Find Her (Detective D.D. Warren, #8)",Lisa Gardner,eng,ENG,4.12,15957,5195
5197,"Frigid (Frigid, #1)","J. Lynn, Jennifer L. Armentrout",eng,ENG,3.79,32611,5196
5198,Of Love and Shadows,"Isabel Allende, Margaret Sayers Peden",eng,ENG,3.96,15919,5197
5199,"The Evolution of Calpurnia Tate (Calpurnia Tate, #1)",Jacqueline Kelly,en-US,EN-US,3.97,22291,5198
5200,"Bad Girls Don't Die (Bad Girls Don't Die, #1)",Katie Alender,eng,ENG,4.07,18862,5199
5201,"Atlantis Found (Dirk Pitt, #15)",Clive Cussler,eng,ENG,3.96,19102,5200
5202,Asterios Polyp,David Mazzucchelli,eng,ENG,4.19,19635,5201
5203,"Domes of Fire (The Tamuli, #1)",David Eddings,unknown,UNKNOWN,3.98,22206,5202
5204,"The Walking Dead, Vol. 04: The Heart's Desire","Robert Kirkman, Charlie Adlard, Cliff Rathburn",eng,ENG,4.23,21488,5203
5205,"The Stonekeeper's Curse (Amulet, #2)",Kazu Kibuishi,eng,ENG,4.33,21461,5204
5206,Sick Puppy,Carl Hiaasen,eng,ENG,3.88,18248,5205
5207,The Days Are Just Packed: A Calvin and Hobbes Collection,Bill Watterson,en-US,EN-US,4.68,19143,5206
5208,"An Illustrated Life: Drawing Inspiration From The Private Sketchbooks Of Artists, Illustrators And Designers",Danny Gregory,unknown,UNKNOWN,3.72,15601,5207
5209,"Odd Apocalypse (Odd Thomas, #5)",Dean Koontz,eng,ENG,3.93,16063,5208
5210,Discipline and Punish: The Birth of the Prison,"Michel Foucault, Alan Sheridan, Thomas Mathiesen, Walter Seitter, Drago Braco Rotar",eng,ENG,4.21,16892,5209
5211,Pay It Forward,Catherine Ryan Hyde,eng,ENG,4.15,18220,5210
5212,The Creative License: Giving Yourself Permission to Be The Artist You Truly Are,Danny Gregory,unknown,UNKNOWN,3.93,18139,5211
5213,"Full Moon o Sagashite, Vol. 1","Arina Tanemura, Tomo Kimura",eng,ENG,4.06,19443,5212
5214,"The Archer's Tale (The Grail Quest, #1)",Bernard Cornwell,eng,ENG,4.12,16032,5213
5215,Plan B: Further Thoughts on Faith,Anne Lamott,unknown,UNKNOWN,4.05,18056,5214
5216,In the Company of the Courtesan,Sarah Dunant,eng,ENG,3.76,19614,5215
5217,"The Skull Throne (Demon Cycle, #4)",Peter V. Brett,eng,ENG,4.14,15946,5216
5218,"Devil May Cry (Dark-Hunter, #11)",Sherrilyn Kenyon,eng,ENG,4.32,30249,5217
5219,Two By Two,Nicholas Sparks,eng,ENG,3.9,27691,5218
5220,Sea Glass,Anita Shreve,eng,ENG,3.65,19585,5219
5221,"River Secrets (The Books of Bayern, #3)",Shannon Hale,unknown,UNKNOWN,4.03,27399,5220
5222,"Be Careful What You Wish For (The Clifton Chronicles, #4)",Jeffrey Archer,eng,ENG,4.04,13714,5221
5223,"Inescapable (The Premonition, #1)",Amy A. Bartol,eng,ENG,4.05,25001,5222
5224,"Illusions (Wings, #3)",Aprilynne Pike,en-US,EN-US,4.12,26291,5223
5225,Fatal Vision,Joe McGinniss,eng,ENG,4.1,18395,5224
5226,Gang Leader for a Day: A Rogue Sociologist Takes to the Streets,Sudhir Venkatesh,unknown,UNKNOWN,4.01,15387,5225
5227,Magician: Apprentice  (Raymond E. Feist's Magician: Apprentice #1),"Raymond E. Feist, Michael Avon Oeming, Bryan J.L. Glass, Ryan Stegman",eng,ENG,4.44,17782,5226
5228,Developing the Leader Within You,John C. Maxwell,unknown,UNKNOWN,4.18,15817,5227
5229,"That Hideous Strength (Space Trilogy, #3)",C.S. Lewis,en-GB,EN-GB,3.87,19866,5228
5230,The Bees,Laline Paull,eng,ENG,3.67,15848,5229
5231,Ape House,Sara Gruen,eng,ENG,3.46,21093,5230
5232,Polgara the Sorceress (Malloreon),"David Eddings, Leigh Eddings",unknown,UNKNOWN,4.07,22802,5231
5233,China Rich Girlfriend (Crazy Rich Asians #2),Kevin Kwan,eng,ENG,3.74,17708,5232
5234,A Woman After God's Own Heart,Elizabeth George,eng,ENG,4.29,16200,5233
5235,"State of the Union (Scot Harvath, #3)",Brad Thor,eng,ENG,4.2,16466,5234
5236,The Good House,Ann Leary,en-GB,EN-GB,3.66,16490,5235
5237,"Bless Me, Ultima",Rudolfo Anaya,en-US,EN-US,3.74,18380,5236
5238,Glamorama,Bret Easton Ellis,eng,ENG,3.47,14947,5237
5239,"F is for Fugitive (Kinsey Millhone, #6)",Sue Grafton,eng,ENG,3.9,24842,5238
5240,"The Redeemer (Harry Hole, #6)",Jo Nesbø,dan,DAN,4.07,9337,5239
5241,Silk,Alessandro Baricco,en-US,EN-US,3.82,14555,5240
5242,A Secret Kept,Tatiana de Rosnay,eng,ENG,3.33,19079,5241
5243,"The Remnant (Left Behind, #10)","Tim LaHaye, Jerry B. Jenkins",en-US,EN-US,4.01,18785,5242
5244,The Baron in the Trees,"Italo Calvino, Archibald Colquhoun",eng,ENG,4.06,13221,5243
5245,"Twilight: The Graphic Novel, Vol. 2  (Twilight: The Graphic Novel, #2)","Stephenie Meyer, Young Kim",en-US,EN-US,4.26,19795,5244
5246,"Raw (RAW Family, #1)",Belle Aurora,eng,ENG,4.23,19180,5245
5247,"The Great Book of Amber (The Chronicles of Amber, #1-10)",Roger Zelazny,eng,ENG,4.31,20748,5246
5248,The Darkest Lie (Lords of the Underworld #6),Gena Showalter,eng,ENG,4.32,27343,5247
5249,"Czas pogardy (Saga o Wiedźminie, #4)",Andrzej Sapkowski,pol,POL,4.32,11551,5248
5250,"That Boy (That Boy, #1)",Jillian Dodd,eng,ENG,3.96,20981,5249
5251,The Dressmaker,Kate Alcott,eng,ENG,3.44,20464,5250
5252,"Paradise (Second Opportunities, #1)",Judith McNaught,eng,ENG,4.32,24363,5251
5253,Jumanji,Chris Van Allsburg,en-US,EN-US,4.03,21961,5252
5254,Replay,Ken Grimwood,en-US,EN-US,4.16,18019,5253
5255,Incognito: The Secret Lives of the Brain,David Eagleman,eng,ENG,3.98,11957,5254
5256,Death by Black Hole - And Other Cosmic Quandaries,Neil deGrasse Tyson,eng,ENG,4.11,9815,5255
5257,The Edible Woman,Margaret Atwood,unknown,UNKNOWN,3.67,21440,5256
5258,The Ancestor's Tale: A Pilgrimage to the Dawn of Evolution,Richard Dawkins,en-US,EN-US,4.13,16775,5257
5259,Heartless,Marissa Meyer,eng,ENG,4.06,33348,5258
5260,"The Pigman (The Pigman, #1)",Paul Zindel,eng,ENG,3.58,21278,5259
5261,"Deep Storm (Jeremy Logan, #1)",Lincoln Child,eng,ENG,3.87,18413,5260
5262,"Abandon (Abandon, #1)",Meg Cabot,eng,ENG,3.71,30934,5261
5263,"The Full Cupboard of Life (No. 1 Ladies' Detective Agency, #5)",Alexander McCall Smith,eng,ENG,4.02,23089,5262
5264,"How to Marry a Millionaire Vampire (Love at Stake, #1)",Kerrelyn Sparks,eng,ENG,3.85,27854,5263
5265,The Foot Book: Dr. Seuss's Wacky Book of Opposites (Bright and Early Board Books),Dr. Seuss,eng,ENG,3.99,22268,5264
5266,"Beautiful Bitch (Beautiful Bastard, #1.5)",Christina Lauren,en-US,EN-US,3.94,31616,5265
5267,"The Recruit (Cherub, #1)",Robert Muchamore,eng,ENG,4.22,19679,5266
5268,Anatomy for the Artist,Sarah Simblet,en-US,EN-US,3.97,17000,5267
5269,Fermat's Enigma: The Epic Quest to Solve the World's Greatest Mathematical Problem,Simon Singh,eng,ENG,4.22,15738,5268
5270,"The Christmas Box (The Christmas Box, #1)",Richard Paul Evans,eng,ENG,3.95,18869,5269
5271,"My Blood Approves (My Blood Approves, #1)",Amanda Hocking,eng,ENG,3.83,21707,5270
5272,"Until November (Until, #1)",Aurora Rose Reynolds,eng,ENG,4.16,33606,5271
5273,The Bloody Chamber and Other Stories,Angela Carter,eng,ENG,4.02,20438,5272
5274,A Cook's Tour: Global Adventures in Extreme Cuisines,Anthony Bourdain,eng,ENG,3.97,16719,5273
5275,The Power of Art,Simon Schama,en-US,EN-US,3.87,13423,5274
5276,"Finding Me: A Decade of Darkness, a Life Reclaimed - A Memoir of the Cleveland Kidnappings","Michelle Knight, Michelle Burford",eng,ENG,4.12,12653,5275
5277,"Born in Shame (Born In Trilogy, #3)",Nora Roberts,en-GB,EN-GB,4.07,24398,5276
5278,"Return to Paradise (Leaving Paradise, #2)",Simone Elkeles,eng,ENG,4.05,29043,5277
5279,My Heart and Other Black Holes,Jasmine Warga,eng,ENG,4.02,22311,5278
5280,Girl in a Band,Kim Gordon,eng,ENG,3.58,14491,5279
5281,"Ninth Grade Slays (The Chronicles of Vladimir Tod, #2)",Heather Brewer,en-US,EN-US,4.14,20198,5280
5282,"Book of the Dead (Kay Scarpetta, #15)",Patricia Cornwell,en-US,EN-US,3.63,20962,5281
5283,The Hero With a Thousand Faces,Joseph Campbell,eng,ENG,4.24,17920,5282
5284,"Bad Blood (Virgil Flowers, #4)",John Sandford,eng,ENG,4.21,18504,5283
5285,"Jesus Freaks: Stories of Those Who Stood for Jesus, the Ultimate Jesus Freaks (Jesus Freaks, #1)","D.C. Talk, The Voice of the Martyrs",eng,ENG,4.2,17602,5284
5286,Cooked: A Natural History of Transformation,Michael Pollan,eng,ENG,3.98,16078,5285
5287,Daughter of the Blood (The Black Jewels #1),Anne Bishop,eng,ENG,4.12,25432,5286
5288,"The Lost Gate (Mither Mages, #1)",Orson Scott Card,en-US,EN-US,3.82,18235,5287
5289,"Police (Harry Hole, #10)","Jo Nesbø, Don Bartlett",eng,ENG,4.22,14495,5288
5290,"Vittorio, The Vampire (New Tales of the Vampires, #2)",Anne Rice,eng,ENG,3.5,21402,5289
5291,"Fushigi Yûgi: The Mysterious Play, Vol. 1: Priestess","Yuu Watase, Yuji Oniki",eng,ENG,4.08,18060,5290
5292,"The Lace Reader (The Lace Reader, #1)",Brunonia Barry,eng,ENG,3.46,20534,5291
5293,Anne Rice's The Tale of the Body Thief (A Graphic Novel),"Faye Perozich, Travis Moore, Michael Halbleib, Daerick Gröss, Anne Rice",eng,ENG,4.07,20511,5292
5294,The Lone Ranger and Tonto Fistfight in Heaven,Sherman Alexie,en-US,EN-US,4.09,18793,5293
5295,"A Stroke of Midnight (Merry Gentry, #4)",Laurell K. Hamilton,en-US,EN-US,4.06,26783,5294
5296,The Chemist,Stephenie Meyer,eng,ENG,3.69,25188,5295
5297,"Empress Orchid (Empress Orchid, #1)",Anchee Min,en-US,EN-US,3.87,17318,5296
5298,And Another Thing...,Eoin Colfer,eng,ENG,3.53,19685,5297
5299,"Monday Mourning (Temperance Brennan, #7)",Kathy Reichs,en-US,EN-US,4.02,22505,5298
5300,"Damaged (Damaged, #1)",H.M. Ward,eng,ENG,3.93,26073,5299
5301,"The Princess and the Goblin  (Princess Irene and Curdie, #1)","George MacDonald, Arthur Hughes",eng,ENG,4.0,21200,5300
5302,"The Preacher (Patrik Hedström, #2)","Camilla Läckberg, Steven T. Murray",unknown,UNKNOWN,3.76,15851,5301
5303,There's a Wocket in My Pocket!,Dr. Seuss,en-GB,EN-GB,4.02,23852,5302
5304,Midnight,Dean Koontz,unknown,UNKNOWN,3.81,19838,5303
5305,The Gatecrasher,Madeleine Wickham,en-GB,EN-GB,3.24,18306,5304
5306,"The Confusion (The Baroque Cycle, #2)",Neal Stephenson,en-US,EN-US,4.24,17381,5305
5307,"Raising Steam (Discworld, #40, Moist von Lipwig #3 )",Terry Pratchett,eng,ENG,3.93,17613,5306
5308,"Independent Study (The Testing, #2)",Joelle Charbonneau,eng,ENG,3.97,20593,5307
5309,"X (Kinsey Millhone, #24)",Sue Grafton,eng,ENG,3.88,13353,5308
5310,Lord of Light,"Roger Zelazny, Sönmez Güven",en-US,EN-US,4.1,20227,5309
5311,Esio Trot,"Roald Dahl, Quentin Blake",eng,ENG,3.74,22062,5310
5312,"Hellboy, Vol. 3: The Chained Coffin and Others (Hellboy, #3)",Mike Mignola,eng,ENG,4.21,16485,5311
5313,A Simple Plan,Scott B. Smith,unknown,UNKNOWN,3.91,18628,5312
5314,"Run for Your Life (Michael Bennett, #2)","James Patterson, Michael Ledwidge",eng,ENG,4.0,19848,5313
5315,Play It as It Lays,"Joan Didion, David Thomson",eng,ENG,3.86,17411,5314
5316,"Dime Store Magic (Women of the Otherworld, #3)",Kelley Armstrong,eng,ENG,4.07,26456,5315
5317,"Blue Mars (Mars Trilogy, #3)",Kim Stanley Robinson,eng,ENG,3.92,19500,5316
5318,The Valkyries,"Paulo Coelho, Alan R. Clarke",eng,ENG,3.3,14364,5317
5319,"The Long Way Home (Chief Inspector Armand Gamache, #10)",Louise Penny,eng,ENG,4.06,16625,5318
5320,Please Ignore Vera Dietz,A.S. King,eng,ENG,3.91,21728,5319
5321,"Curse of the Bane (The Last Apprentice / Wardstone Chronicles, #2)","Joseph Delaney, Patrick  Arrasmith",unknown,UNKNOWN,4.1,18513,5320
5322,"The Struggle (The Vampire Diaries, #2)",L.J. Smith,eng,ENG,3.5,23840,5321
5323,"The Dark Highlander (Highlander, #5)",Karen Marie Moning,eng,ENG,4.31,27639,5322
5324,"The Immortal Highlander (Highlander, #6)",Karen Marie Moning,eng,ENG,4.34,27065,5323
5325,"No god but God: The Origins, Evolution and Future of Islam",Reza Aslan,eng,ENG,4.13,15410,5324
5326,"VALIS (VALIS Trilogy, #1)",Philip K. Dick,eng,ENG,3.94,17305,5325
5327,The Second Sex,"Simone de Beauvoir, H.M. Parshley, Deirdre Bair",eng,ENG,4.09,18648,5326
5328,"The Runaway King (The Ascendance Trilogy, #2)",Jennifer A. Nielsen,eng,ENG,4.23,24032,5327
5329,"Dragon Wing (The Death Gate Cycle, #1)","Margaret Weis, Tracy Hickman",en-US,EN-US,3.93,20720,5328
5330,Jailbird,Kurt Vonnegut Jr.,eng,ENG,3.81,15643,5329
5331,"Y: The Last Man, Vol. 9: Motherland (Y: The Last Man, #9)","Brian K. Vaughan, Pia Guerra, Goran Sudžuka, José Marzán Jr.",eng,ENG,4.27,20511,5330
5332,"Ilium (Ilium, #1)",Dan Simmons,eng,ENG,4.01,19242,5331
5333,"Lumberjanes, Vol. 1: Beware the Kitten Holy","Noelle Stevenson, Grace Ellis, Shannon Waters, Shannon Watters, Brooke A. Allen, Faith Hicks, Kat Leyh, Brooke Allen, Carolyn Nowak, Various, Carey Pietsch",eng,ENG,3.94,30604,5332
5334,The Highly Sensitive Person: How to Thrive When the World Overwhelms You,Elaine N. Aron,eng,ENG,3.87,19447,5333
5335,The Palace of Illusions,Chitra Banerjee Divakaruni,en-US,EN-US,4.11,16304,5334
5336,The First American: The Life and Times of Benjamin Franklin,H.W. Brands,eng,ENG,4.09,15323,5335
5337,"Dance of Death (Pendergast, #6; Diogenes, #2)","Douglas Preston, Lincoln Child",eng,ENG,4.16,19812,5336
5338,"This World We Live In (Last Survivors, #3)",Susan Beth Pfeffer,en-US,EN-US,3.81,23711,5337
5339,"Hunter x Hunter, Vol. 01 (Hunter x Hunter, #1)","Yoshihiro Togashi, 冨樫 義博",eng,ENG,4.43,18244,5338
5340,"Vengeance in Death (In Death, #6)",J.D. Robb,eng,ENG,4.34,24839,5339
5341,"To Say Nothing of the Dog (Oxford Time Travel, #2)",Connie Willis,eng,ENG,4.13,23197,5340
5342,"The Gift (Witch & Wizard, #2)","James Patterson, Ned Rust",unknown,UNKNOWN,3.78,17070,5341
5343,The Terminal Man,Michael Crichton,eng,ENG,3.34,19072,5342
5344,"A Game of Thrones: Comic Book, Issue 1","Daniel Abraham, George R.R. Martin, Tommy Patterson",eng,ENG,4.65,18667,5343
5345,"White Cat (Curse Workers, #1)",Holly Black,eng,ENG,3.81,29444,5344
5346,Where I'm Calling From: New and Selected Stories,Raymond Carver,en-US,EN-US,4.42,16617,5345
5347,"Something Rotten (Thursday Next, #4)",Jasper Fforde,eng,ENG,4.15,24526,5346
5348,"The Land of Painted Caves (Earth's Children, #6)",Jean M. Auel,eng,ENG,3.24,19300,5347
5349,Autobiography of a Face,Lucy Grealy,en-GB,EN-GB,3.96,18982,5348
5350,Vanishing Girls,Lauren Oliver,en-CA,EN-CA,3.59,19508,5349
5351,Snow White and the Seven Dwarfs (Little Golden Book),Walt Disney Company,unknown,UNKNOWN,4.18,20021,5350
5352,"Darke (Septimus Heap, #6)","Angie Sage, Mark Zug",eng,ENG,4.23,21322,5351
5353,The Wimpy Kid Movie Diary (Diary of a Wimpy Kid),Jeff Kinney,en-US,EN-US,4.16,15956,5352
5354,The Thin Man,Dashiell Hammett,eng,ENG,3.97,20535,5353
5355,Trading Up,Candace Bushnell,eng,ENG,3.2,15604,5354
5356,"The Uplift War (The Uplift Saga, #3)",David Brin,en-US,EN-US,4.06,20217,5355
5357,"Rage of a Demon King (The Serpentwar Saga, #3)",Raymond E. Feist,en-US,EN-US,4.02,19206,5356
5358,Lucky Jim,"Kingsley Amis, David Lodge",eng,ENG,3.79,17448,5357
5359,"A Faint Cold Fear (Grant County, #3)",Karin Slaughter,en-US,EN-US,4.12,18827,5358
5360,"The Rose Society (The Young Elites, #2)",Marie Lu,eng,ENG,4.11,27655,5359
5361,Angel Falls,Kristin Hannah,unknown,UNKNOWN,3.9,17886,5360
5362,Waiting For You,Susane Colasanti,eng,ENG,3.84,20236,5361
5363,The Short and Tragic Life of Robert Peace: A Brilliant Young Man Who Left Newark for the Ivy League,Jeff Hobbs,eng,ENG,4.13,14451,5362
5364,Mao's Last Dancer,Li Cunxin,unknown,UNKNOWN,4.12,16340,5363
5365,"The Neighbor (Detective D.D. Warren, #3)",Lisa Gardner,eng,ENG,4.08,19985,5364
5366,"Y: The Last Man, Vol. 10: Whys and Wherefores (Y: The Last Man, #10)","Brian K. Vaughan, Pia Guerra, José Marzán Jr.",eng,ENG,4.34,19916,5365
5367,"Eon (The Way, #1)",Greg Bear,en-US,EN-US,3.86,18373,5366
5368,The Summer Before the War,Helen Simonson,eng,ENG,3.79,17350,5367
5369,"Memories, Dreams, Reflections","C.G. Jung, Aniela Jaffé, Richard Winston, Clara Winston",eng,ENG,4.19,16810,5368
5370,"Bullet (Anita Blake, Vampire Hunter #19)",Laurell K. Hamilton,en-US,EN-US,3.82,25388,5369
5371,"The Scottish Prisoner (Lord John Grey, #3)",Diana Gabaldon,eng,ENG,4.19,17459,5370
5372,"Reunion (The Mediator, #3)",Meg Cabot,eng,ENG,4.09,28944,5371
5373,بيكاسو وستاربكس,ياسر حارب,ara,ARA,3.55,16117,5372
5374,Laughable Loves,"Milan Kundera, Suzanne Rappaport",eng,ENG,3.86,12984,5373
5375,"The Secret Diaries of Miss Miranda Cheever (Bevelstoke, #1)",Julia Quinn,eng,ENG,3.93,25533,5374
5376,The Constitution of the United States of America,Founding Fathers,unknown,UNKNOWN,4.54,16863,5375
5377,Gustav Klimt: 1862-1918,Gilles Néret,unknown,UNKNOWN,4.12,15611,5376
5378,Under the Volcano,Malcolm Lowry,eng,ENG,3.8,15832,5377
5379,Sleep Tight,Rachel Abbott,eng,ENG,3.98,10894,5378
5380,"Dinosaurs Before Dark (Magic Tree House, #1)","Mary Pope Osborne, Salvatore Murdocca",eng,ENG,3.87,22533,5379
5381,Have Space Suit—Will Travel,Robert A. Heinlein,eng,ENG,3.89,20260,5380
5382,The Sea Wolf,Jack London,eng,ENG,4.01,16488,5381
5383,"Darkest Hour (The Mediator, #4)",Meg Cabot,eng,ENG,4.16,28104,5382
5384,Hark! A Vagrant,Kate Beaton,eng,ENG,4.27,20587,5383
5385,The Dive From Clausen's Pier,Ann Packer,eng,ENG,3.41,18445,5384
5386,Death in Venice,"Thomas Mann, Michael Henry Heim, Michael Cunningham",eng,ENG,3.73,17168,5385
5387,The Tibetan Book of Living and Dying,"Sogyal Rinpoche, Andrew Harvey",unknown,UNKNOWN,4.22,17170,5386
5388,Enchantment,Orson Scott Card,unknown,UNKNOWN,3.89,21889,5387
5389,The Fall of the House of Usher,Edgar Allan Poe,eng,ENG,3.92,26468,5388
5390,"The Soldiers of Halla (Pendragon, #10)",D.J. MacHale,en-US,EN-US,4.27,19502,5389
5391,"The Boyfriend List: 15 Guys, 11 Shrink Appointments, 4 Ceramic Frogs and Me, Ruby Oliver (Ruby Oliver, #1)",E. Lockhart,en-US,EN-US,3.49,22687,5390
5392,"Regeneration (Regeneration, #1)",Pat Barker,en-GB,EN-GB,4.03,17126,5391
5393,"The Initiate (Divergent, #0.2)",Veronica Roth,eng,ENG,4.2,15505,5392
5394,Lucky Man,Michael J. Fox,eng,ENG,4.06,16862,5393
5395,The Penelopiad,Margaret Atwood,en-US,EN-US,3.66,21731,5394
5396,The Improbable Adventures of Sherlock Holmes,"John Joseph Adams, Robert J. Sawyer, Stephen King, Michael Moorcock, Sharyn McCrumb, Stephen Baxter, Anne Perry, Barbara Hambly, Tanith Lee, Neil Gaiman, Rob Rogers, Naomi Novik, Anthony Burgess, Dominic Green, Laurie R. King, Barbara Roden, Peter Tremayne, Tim Lebbon, Bradley H. Sinor, Edward D. Hoch, Vonda N. McIntyre, Darrell Schweitzer, Mary Robinette Kowal, H.Paul Jeffers, Geoffrey A. Landis, Amy Myers, Tony Pi, Chris Roberson, Mark Valentine",eng,ENG,4.37,16405,5395
5397,The Starter Wife,Gigi Levangie Grazer,unknown,UNKNOWN,3.51,17173,5396
5398,"Fables, Vol. 2: Animal Farm","Bill Willingham, Mark Buckingham, Steve Leialoha, James Jean",eng,ENG,4.12,23951,5397
5399,The Fire Next Time,"James     Baldwin, Kıvanç Güney",eng,ENG,4.45,19816,5398
5400,Don't Let the Pigeon Stay Up Late!,Mo Willems,en-US,EN-US,4.35,25532,5399
5401,We3,"Grant Morrison, Frank Quitely",eng,ENG,3.95,18822,5400
5402,"Princess in Pink (The Princess Diaries, #5)",Meg Cabot,eng,ENG,3.69,27057,5401
5403,"The Coffin Club (Vampire Kisses, #5)",Ellen Schreiber,eng,ENG,4.06,22257,5402
5404,Main Street,Sinclair Lewis,eng,ENG,3.75,19040,5403
5405,Percy Jackson's Greek Gods (A Percy Jackson and the Olympians Guide),"Rick Riordan, John Rocco",eng,ENG,4.51,24718,5404
5406,"Dairy Queen (Dairy Queen, #1)",Catherine Gilbert Murdock,eng,ENG,3.73,23306,5405
5407,Telegraph Avenue,Michael Chabon,eng,ENG,3.36,15614,5406
5408,"Undone (Will Trent, #3)",Karin Slaughter,eng,ENG,4.24,17871,5407
5409,The Book of Speculation,Erika Swyler,eng,ENG,3.59,17345,5408
5410,"Flirt (Anita Blake, Vampire Hunter #18)",Laurell K. Hamilton,en-US,EN-US,3.7,26325,5409
5411,"Inner Harbor (Chesapeake Bay Saga, #3)",Nora Roberts,eng,ENG,4.16,23833,5410
5412,"Bite Me (A Love Story, #3)",Christopher Moore,en-US,EN-US,3.85,20914,5411
5413,Zen of Seeing: Seeing/Drawing as Meditation,Frederick Franck,unknown,UNKNOWN,3.92,14748,5412
5414,"Green Rider (Green Rider, #1)",Kristen Britain,eng,ENG,4.09,24006,5413
5415,"The Dragonriders of Pern (Dragonriders of Pern, #1-3)",Anne McCaffrey,unknown,UNKNOWN,4.22,18896,5414
5416,"Boy, Snow, Bird",Helen Oyeyemi,eng,ENG,3.34,17667,5415
5417,"E is for Evidence (Kinsey Millhone, #5)",Sue Grafton,unknown,UNKNOWN,3.88,24206,5416
5418,"The Social Animal: The Hidden Sources of Love, Character, and Achievement",David  Brooks,eng,ENG,3.83,15378,5417
5419,Solar,Ian McEwan,eng,ENG,3.23,17333,5418
5420,The Structure of Scientific Revolutions,Thomas S. Kuhn,eng,ENG,3.98,15950,5419
5421,Small Island,Andrea Levy,en-US,EN-US,3.89,17205,5420
5422,"A Great Reckoning (Chief Inspector Armand Gamache, #12)",Louise Penny,eng,ENG,4.46,13563,5421
5423,The Sky is Falling,Sidney Sheldon,eng,ENG,3.54,15345,5422
5424,The Fifth Discipline: The Art & Practice of The Learning Organization,Peter M. Senge,unknown,UNKNOWN,3.93,20935,5423
5425,Darkness at Noon,"Arthur Koestler, Daphne Hardy",eng,ENG,4.06,16818,5424
5426,"The Perfect Play (Play by Play, #1)",Jaci Burton,en-US,EN-US,3.93,31260,5425
5427,Straight Talking,Jane Green,unknown,UNKNOWN,3.63,17917,5426
5428,"Dauntless (The Lost Fleet, #1)",Jack Campbell,unknown,UNKNOWN,3.93,19074,5427
5429,"The Curse of Chalion (World of the Five Gods, #1)",Lois McMaster Bujold,eng,ENG,4.16,21007,5428
5430,Me & Emma,Elizabeth Flock,unknown,UNKNOWN,3.9,16975,5429
5431,"Chesapeake Blue (Chesapeake Bay Saga, #4)",Nora Roberts,en-US,EN-US,4.17,23925,5430
5432,Ash,Malinda Lo,en-US,EN-US,3.62,14513,5431
5433,"The Burning Land (The Saxon Stories, #5)",Bernard Cornwell,eng,ENG,4.29,15373,5432
5434,"Second Helpings (Jessica Darling, #2)",Megan McCafferty,eng,ENG,4.08,23180,5433
5435,Diane Arbus: Monograph,"Diane Arbus, Stan Grossfeld, Doon Arbus, Marvin Israel",unknown,UNKNOWN,4.0,14769,5434
5436,"The Earth, My Butt, and Other Big Round Things",Carolyn Mackler,eng,ENG,3.77,21129,5435
5437,Lord Jim,Joseph Conrad,eng,ENG,3.61,19113,5436
5438,A Color of His Own,Leo Lionni,unknown,UNKNOWN,4.25,17617,5437
5439,Don't Panic: The Official Hitchhiker's Guide to the Galaxy Companion,Neil Gaiman,eng,ENG,4.31,18015,5438
5440,"Things Not Seen (Things, #1)",Andrew Clements,en-GB,EN-GB,3.88,21478,5439
5441,House,"Frank E. Peretti, Ted Dekker",eng,ENG,3.6,17813,5440
5442,"Vicious (Villains, #1)","V.E. Schwab, Victoria Schwab",eng,ENG,4.25,23613,5441
5443,"Raise the Titanic! (Dirk Pitt, #4)",Clive Cussler,eng,ENG,3.96,18945,5442
5444,The Supernaturalist,Eoin Colfer,en-US,EN-US,3.85,23010,5443
5445,"Queen of Babble in the Big City (Queen of Babble, #2)",Meg Cabot,eng,ENG,3.77,24000,5444
5446,Yertle the Turtle and Other Stories,Dr. Seuss,eng,ENG,4.13,24972,5445
5447,The Rent Collector,Camron Wright,eng,ENG,4.23,16153,5446
5448,Family Matters,Rohinton Mistry,eng,ENG,3.99,16790,5447
5449,The Happiest Baby on the Block: The New Way to Calm Crying and Help Your Newborn Baby Sleep Longer,Harvey Karp,eng,ENG,3.92,13035,5448
5450,"Until You (Fall Away, #1.5)","Penelope Douglas, Nelson Hobbs",unknown,UNKNOWN,4.36,16757,5449
5451,Perahu Kertas,Dee Lestari,ind,IND,3.94,13927,5450
5452,Schooled,Gordon Korman,en-US,EN-US,3.82,20411,5451
5453,It Starts with Food: Discover the Whole30 and Change Your Life in Unexpected Ways,"Dallas Hartwig, Melissa Hartwig",en-US,EN-US,4.09,13643,5452
5454,Merle's Door: Lessons from a Freethinking Dog,Ted Kerasote,en-US,EN-US,4.18,14953,5453
5455,"Brian's Winter (Brian's Saga, #3)",Gary Paulsen,en-US,EN-US,3.98,16861,5454
5456,How the García Girls Lost Their Accents ,Julia Alvarez,eng,ENG,3.62,15231,5455
5457,"Be with Me (Wait for You, #2)","J. Lynn, Jennifer L. Armentrout",eng,ENG,4.15,32046,5456
5458,"Jo's Boys (Little Women, #3)",Louisa May Alcott,eng,ENG,3.8,23877,5457
5459,Home (Myron Bolitar #11),Harlan Coben,eng,ENG,4.2,12183,5458
5460,Notes of a Dirty Old Man,Charles Bukowski,eng,ENG,3.99,15443,5459
5461,"The Absent One (Department Q, #2)","Jussi Adler-Olsen, K.E. Semmel",eng,ENG,3.85,13479,5460
5462,The Good Lord Bird,James McBride,eng,ENG,3.75,14538,5461
5463,"Greenwitch (The Dark Is Rising, #3)",Susan Cooper,eng,ENG,4.0,21364,5462
5464,"The Walking Dead, Vol. 05: The Best Defense","Robert Kirkman, Charlie Adlard, Cliff Rathburn",en-GB,EN-GB,4.3,19431,5463
5465,"Kissed by an Angel/The Power of Love/Soulmates (Kissed by an Angel, #1-3)",Elizabeth Chandler,eng,ENG,4.08,21813,5464
5466,"Take a Chance (Rosemary Beach, #7; Chance, #1)",Abbi Glines,eng,ENG,4.15,30690,5465
5467,"Portrait of a Spy (Gabriel Allon, #11)",Daniel Silva,eng,ENG,4.24,16744,5466
5468,"One Good Turn (Jackson Brodie, #2)",Kate Atkinson,en-US,EN-US,3.79,19384,5467
5469,"Abarat (Abarat, #1)",Clive Barker,en-US,EN-US,4.08,20460,5468
5470,"2061: Odyssey Three (Space Odyssey, #3)",Arthur C. Clarke,eng,ENG,3.52,17843,5469
5471,What Got You Here Won't Get You There: How Successful People Become Even More Successful,"Marshall Goldsmith, Mark Reiter",unknown,UNKNOWN,3.94,14545,5470
5472,"The Walk (The Walk, #1)",Richard Paul Evans,en-US,EN-US,4.12,16224,5471
5473,"Afterlife (Evernight, #4)",Claudia Gray,en-US,EN-US,3.8,23780,5472
5474,Slam,Nick Hornby,en-US,EN-US,3.27,17393,5473
5475,"Dark Triumph (His Fair Assassin, #2)",Robin LaFevers,eng,ENG,4.15,28133,5474
5476,The Crossover,Kwame Alexander,eng,ENG,4.22,21249,5475
5477,"Edensor (Tetralogi Laskar Pelangi, #3)",Andrea Hirata,ind,IND,4.06,11719,5476
5478,The Line of Beauty,Alan Hollinghurst,eng,ENG,3.7,15844,5477
5479,The Rose Garden,Susanna Kearsley,eng,ENG,4.01,18553,5478
5480,Monster,Frank E. Peretti,en-US,EN-US,3.8,17583,5479
5481,"The English Assassin (Gabriel Allon, #2)",Daniel Silva,en-US,EN-US,4.12,16810,5480
5482,Chuck Klosterman IV: A Decade of Curious People and Dangerous Ideas,Chuck Klosterman,en-US,EN-US,3.85,13892,5481
5483,The Effective Executive: The Definitive Guide to Getting the Right Things Done (Harperbusiness Essentials),Peter F. Drucker,unknown,UNKNOWN,4.11,16326,5482
5484,"The Wicked + The Divine, Vol. 1: The Faust Act","Kieron Gillen, Jamie McKelvie, Matt Wilson, Clayton Cowles",eng,ENG,3.9,25138,5483
5485,Innocence,Dean Koontz,eng,ENG,3.69,13482,5484
5486,"Dark of the Moon (Virgil Flowers, #1)",John Sandford,en-US,EN-US,4.0,18708,5485
5487,The Law of Attraction: The Basics of the Teachings of Abraham,"Esther Hicks, Jerry Hicks",unknown,UNKNOWN,4.15,13358,5486
5488,"In The Afterlight (The Darkest Minds, #3)",Alexandra Bracken,eng,ENG,4.36,25788,5487
5489,"Goddess Interrupted (Goddess Test, #2)",Aimee Carter,eng,ENG,4.02,26286,5488
5490,"Lucinda's Secret (The Spiderwick Chronicles, #3)","Holly Black, Tony DiTerlizzi",eng,ENG,3.87,25217,5489
5491,"Henry Huggins (Henry Huggins, #1)","Beverly Cleary, Tracy Dockray",eng,ENG,3.97,21823,5490
5492,Bedtime for Frances,"Russell Hoban, Garth Williams",eng,ENG,4.14,22865,5491
5493,Totto-chan: The Little Girl at the Window,"Tetsuko Kuroyanagi, Chihiro Iwasaki, Dorothy Britton",eng,ENG,4.3,13859,5492
5494,"Half the World (Shattered Sea, #2)",Joe Abercrombie,eng,ENG,4.2,12396,5493
5495,When Genius Failed: The Rise and Fall of Long-Term Capital Management,Roger Lowenstein,en-US,EN-US,4.16,15619,5494
5496,Writing Down the Bones: Freeing the Writer Within,Natalie Goldberg,eng,ENG,4.17,18477,5495
5497,"Hunters of the Dusk (Cirque Du Freak, #7)",Darren Shan,unknown,UNKNOWN,4.17,19326,5496
5498,"City of Golden Shadow (Otherland, #1)",Tad Williams,eng,ENG,3.9,19334,5497
5499,"An Ice Cold Grave (Harper Connelly, #3)",Charlaine Harris,eng,ENG,3.95,26178,5498
5500,Jacob Have I Loved,Katherine Paterson,eng,ENG,3.64,24920,5499
5501,The Postcard Killers,"James Patterson, Liza Marklund",eng,ENG,3.78,18542,5500
5502,"Kamisama Kiss, Vol. 1","Julietta Suzuki, Tomo Kimura",eng,ENG,4.38,20569,5501
5503,"Maybe Not (Maybe, #1.5)",Colleen Hoover,en-US,EN-US,4.14,26102,5502
5504,"Black Water (Pendragon, #5)",D.J. MacHale,eng,ENG,4.16,19634,5503
5505,"Five Little Pigs (Hercule Poirot, #24)",Agatha Christie,eng,ENG,3.95,19618,5504
5506,Embassytown,China Miéville,eng,ENG,3.86,17388,5505
5507,By the Light of the Moon,Dean Koontz,unknown,UNKNOWN,3.84,19276,5506
5508,"Sherlock Holmes: The Complete Novels and Stories, Volume I",Arthur Conan Doyle,eng,ENG,4.45,17950,5507
5509,"Strong Poison (Lord Peter Wimsey, #6)",Dorothy L. Sayers,eng,ENG,4.14,18578,5508
5510,The Far Side Gallery,Gary Larson,eng,ENG,4.42,20022,5509
5511,"The Eternity Cure (Blood of Eden, #2)",Julie Kagawa,eng,ENG,4.26,27278,5510
5512,"Holiday in Death (In Death, #7)",J.D. Robb,eng,ENG,4.31,24511,5511
5513,"Thief (Love Me with Lies, #3)",Tarryn Fisher,eng,ENG,4.4,28533,5512
5514,Between a Rock and a Hard Place,Aron Ralston,en-US,EN-US,3.82,14350,5513
5515,"Legend (The Drenai Saga, #1)",David Gemmell,en-US,EN-US,4.25,18260,5514
5516,"Three Times Lucky (Tupelo Landing, #1)",Sheila Turnage,eng,ENG,4.01,17797,5515
5517,"Every Boy's Got One (Boy, #3)",Meg Cabot,en-GB,EN-GB,3.77,19771,5516
5518,Small Sacrifices: A True Story of Passion and Murder,Ann Rule,eng,ENG,4.2,17384,5517
5519,The Guest Room,Chris Bohjalian,eng,ENG,3.68,14635,5518
5520,All My Friends Are Dead,"Avery Monsen, Jory John",eng,ENG,4.24,19423,5519
5521,"The Six Sacred Stones (Jack West Jr, #2)",Matthew Reilly,eng,ENG,4.16,17064,5520
5522,"Rising Tides (Chesapeake Bay Saga, #2)",Nora Roberts,en-US,EN-US,4.16,23604,5521
5523,"Bleach, Volume 15",Tite Kubo,eng,ENG,4.41,17078,5522
5524,Cash,"Johnny Cash, Patrick   Carr",en-US,EN-US,4.08,15113,5523
5525,A Stranger In The Mirror,Sidney Sheldon,eng,ENG,3.61,15606,5524
5526,Flush,Carl Hiaasen,en-US,EN-US,3.86,20076,5525
5527,Out of Africa,"Isak Dinesen, Karen Blixen",eng,ENG,3.96,21687,5526
5528,"The Watchman (Elvis Cole, #11; Joe Pike, #1)",Robert Crais,en-US,EN-US,4.1,17637,5527
5529,Antifragile: Things That Gain from Disorder,Nassim Nicholas Taleb,eng,ENG,4.04,16184,5528
5530,"From Ashes (From Ashes, #1)",Molly McAdams,en-GB,EN-GB,4.13,11196,5529
5531,Free Will,Sam Harris,eng,ENG,3.83,15647,5530
5532,This Is Where It Ends,Marieke Nijkamp,eng,ENG,3.63,23764,5531
5533,"Stray (Shifters, #1)",Rachel Vincent,eng,ENG,3.79,29063,5532
5534,A Summer Affair,Elin Hilderbrand,unknown,UNKNOWN,3.66,19033,5533
5535,Liar & Spy,Rebecca Stead,eng,ENG,3.81,18990,5534
5536,"Mariel of Redwall (Redwall, #4)","Brian Jacques, Gary Chalk",unknown,UNKNOWN,3.96,21214,5535
5537,The Blank Slate: The Modern Denial of Human Nature,Steven Pinker,eng,ENG,4.07,15647,5536
5538,The Dreaming Void,Peter F. Hamilton,en-US,EN-US,4.18,16181,5537
5539,"Being Nikki (Airhead, #2)",Meg Cabot,eng,ENG,3.87,25531,5538
5540,Antony and Cleopatra,"William Shakespeare, Cynthia Marshall, Barbara A. Mowat, Paul Werstine",eng,ENG,3.67,20594,5539
5541,"Among the Impostors (Shadow Children, #2)",Margaret Peterson Haddix,en-US,EN-US,4.05,21629,5540
5542,"Thirst No. 3: The Eternal Dawn (Thirst, #3)",Christopher Pike,en-US,EN-US,4.14,17343,5541
5543,Addicted,Zane,eng,ENG,4.26,13677,5542
5544,"Article 5 (Article 5, #1)",Kristen Simmons,en-US,EN-US,3.78,23732,5543
5545,"And the Band Played On: Politics, People, and the AIDS Epidemic","Randy Shilts, William Greider",unknown,UNKNOWN,4.37,16769,5544
5546,"Found in You (Fixed, #2)",Laurelin Paige,eng,ENG,4.27,27097,5545
5547,"Midnight Rising (Midnight Breed, #4)",Lara Adrian,eng,ENG,4.23,26597,5546
5548,"Kisscut (Grant County, #2)",Karin Slaughter,eng,ENG,4.12,18833,5547
5549,It Chooses You,"Miranda July, Brigitte Sire",eng,ENG,3.88,16044,5548
5550,Last Exit to Brooklyn,"Hubert Selby Jr., Gilbert Sorrentino",eng,ENG,3.94,15491,5549
5551,The Feast of the Goat,"Mario Vargas Llosa, Edith Grossman",eng,ENG,4.22,10961,5550
5552,"Drums, Girls & Dangerous Pie (Drums, Girls & Dangerous Pie, #1)",Jordan Sonnenblick,eng,ENG,4.25,18551,5551
5553,The First Bad Man,Miranda July,eng,ENG,3.58,15560,5552
5554,"To Green Angel Tower, Part 2 (Memory, Sorrow, and Thorn, #3; Part 2)",Tad Williams,eng,ENG,4.19,18356,5553
5555,"Jet (Marked Men, #2)",Jay Crownover,eng,ENG,4.09,32332,5554
5556,The Sea,John Banville,eng,ENG,3.49,16558,5555
5557,Invisible,"James Patterson, David Ellis",eng,ENG,4.05,14518,5556
5558,Mr. Murder,Dean Koontz,eng,ENG,3.72,19904,5557
5559,"Changeless (Parasol Protectorate, #2)",Gail Carriger,eng,ENG,4.0,30703,5558
5560,The Magic of Recluce (The Saga of Recluce #1),L.E. Modesitt Jr.,eng,ENG,3.84,18879,5559
5561,"The Bastard (Kent Family Chronicles, #1)",John Jakes,en-GB,EN-GB,4.09,18287,5560
5562,"The Last Policeman (The Last Policeman, #1)",Ben H. Winters,eng,ENG,3.76,14725,5561
5563,Earth Abides,George R. Stewart,eng,ENG,3.96,17200,5562
5564,Thunderhead,"Douglas Preston, Lincoln Child",eng,ENG,4.09,19704,5563
5565,"Allies of the Night (Cirque du Freak, #8)",Darren Shan,unknown,UNKNOWN,4.19,18649,5564
5566,"Dragon Bound (Elder Races, #1)",Thea Harrison,eng,ENG,4.13,29920,5565
5567,"Rainbow Valley (Anne of Green Gables, #7)",L.M. Montgomery,eng,ENG,4.0,27353,5566
5568,The Colorado Kid (Hard Case Crime #13),Stephen King,eng,ENG,3.28,19406,5567
5569,The Monkey's Paw (Oxford Bookworms),"Diane Mowat, W.W. Jacobs",eng,ENG,3.85,18113,5568
5570,Darkness,John Saul,unknown,UNKNOWN,3.92,17338,5569
5571,The Pursuit of Holiness,"Jerry Bridges, Foster W. Cline, Jim Fay",eng,ENG,4.28,14574,5570
5572,"Again the Magic (Wallflowers, #0)",Lisa Kleypas,eng,ENG,4.05,24978,5571
5573,Low Country,Anne Rivers Siddons,eng,ENG,3.96,16364,5572
5574,Revolution,Jennifer Donnelly,eng,ENG,4.02,20607,5573
5575,Halo: The Fall of Reach,Eric S. Nylund,eng,ENG,4.25,14525,5574
5576,"Ever After (The Hollows, #11)",Kim Harrison,eng,ENG,4.45,22312,5575
5577,Audrey Rose,Frank De Felitta,unknown,UNKNOWN,3.86,17688,5576
5578,The Nix,Nathan  Hill,eng,ENG,4.12,20807,5577
5579,"Vanish (Firelight, #2)",Sophie Jordan,en-US,EN-US,3.95,25947,5578
5580,The Calvin and Hobbes Lazy Sunday Book,Bill Watterson,eng,ENG,4.66,18641,5579
5581,Carmilla,J. Sheridan Le Fanu,eng,ENG,3.83,21582,5580
5582,"Drowned Wednesday (The Keys to the Kingdom, #3)",Garth Nix,en-US,EN-US,3.85,21267,5581
5583,Saving Francesca,Melina Marchetta,eng,ENG,3.97,24398,5582
5584,"Avoiding Commitment (Avoiding, #1)",K.A. Linde,eng,ENG,3.85,28253,5583
5585,"Confessions of a Murder Suspect (Confessions, #1)","James Patterson, Maxine Paetro",eng,ENG,3.89,19223,5584
5586,"Y: The Last Man, Vol. 6: Girl on Girl (Y: The Last Man, #6)","Brian K. Vaughan, Pia Guerra, Goran Sudžuka, José Marzán Jr.",eng,ENG,4.21,20974,5585
5587,Skeletons at the Feast,Chris Bohjalian,unknown,UNKNOWN,3.99,18706,5586
5588,"L is for Lawless (Kinsey Millhone, #12)",Sue Grafton,unknown,UNKNOWN,3.91,22383,5587
5589,Milkweed,Jerry Spinelli,eng,ENG,4.0,19461,5588
5590,If You Give a Pig a Party,"Laura Joffe Numeroff, Felicia Bond",unknown,UNKNOWN,4.22,18297,5589
5591,"Virtual Light (Bridge, #1)",William Gibson,eng,ENG,3.84,16273,5590
5592,American on Purpose: The Improbable Adventures of an Unlikely Patriot,Craig Ferguson,eng,ENG,3.96,17033,5591
5593,Always Looking Up: The Adventures of an Incurable Optimist,Michael J. Fox,en-US,EN-US,3.82,17181,5592
5594,"Nine Rules to Break When Romancing a Rake (Love By Numbers, #1)",Sarah MacLean,en-US,EN-US,4.08,27201,5593
5595,The Lifeboat,Charlotte Rogan,eng,ENG,3.2,18260,5594
5596,Quo Vadis,"Henryk Sienkiewicz, W.S. Kuniczak",eng,ENG,4.13,18466,5595
5597,"The Jewel (The Lone City, #1)",Amy Ewing,eng,ENG,3.86,21247,5596
5598,"The Fire Within (The Last Dragon Chronicles, #1)",Chris d'Lacey,eng,ENG,3.76,22634,5597
5599,"Servant of the Empire (The Empire Trilogy, #2)","Raymond E. Feist, Janny Wurts",eng,ENG,4.27,20016,5598
5600,"The Hollow (Sign of Seven, #2)",Nora Roberts,en-US,EN-US,4.11,23983,5599
5601,Is Your Mama a Llama?,"Deborah Guarino, Steven Kellogg",unknown,UNKNOWN,4.16,19267,5600
5602,"After We Collided (After, #2)",Anna Todd,eng,ENG,3.73,16338,5601
5603,"Heads in Beds: A Reckless Memoir of Hotels, Hustles, and So-Called Hospitality",Jacob Tomsky,unknown,UNKNOWN,3.54,16181,5602
5604,Confederates in the Attic: Dispatches from the Unfinished Civil War,Tony Horwitz,eng,ENG,4.08,16792,5603
5605,"This Book Is Full of Spiders: Seriously, Dude, Don't Touch It (John Dies at the End, #2)",David Wong,en-US,EN-US,4.26,15031,5604
5606,Dali: The Paintings,"Robert Descharnes, Gilles Néret",unknown,UNKNOWN,4.17,14600,5605
5607,"Seven Deadly Wonders (Jack West Jr, #1)",Matthew Reilly,eng,ENG,4.08,15374,5606
5608,"Unleashed (Ross Siblings, #1)",Cherrie Lynn,eng,ENG,3.89,27833,5607
5609,"Mistral's Kiss (Merry Gentry, #5)",Laurell K. Hamilton,en-US,EN-US,4.03,25340,5608
5610,The 8th Habit: From Effectiveness to Greatness,Stephen R. Covey,en-US,EN-US,3.99,13765,5609
5611,Desire Unchained (Demonica #2),Larissa Ione,eng,ENG,4.25,26939,5610
5612,Cold Fire / Hideaway / The Key to Midnight,"Dean Koontz, Leigh Nichols",eng,ENG,4.16,17581,5611
5613,"I Am Not A Serial Killer (John Cleaver, #1)",Dan Wells,eng,ENG,3.77,18878,5612
5614,Eight Hundred Grapes,Laura Dave,unknown,UNKNOWN,3.58,14135,5613
5615,"Welcome to the World, Baby Girl! (Elmwood Springs, #1)",Fannie Flagg,eng,ENG,3.84,18307,5614
5616,Filth,Irvine Welsh,eng,ENG,3.76,16162,5615
5617,The Girls,Lori Lansens,eng,ENG,3.79,16201,5616
5618,"Turbo Twenty-Three (Stephanie Plum, #23)",Janet Evanovich,eng,ENG,3.75,15021,5617
5619,The Alibi,Sandra Brown,eng,ENG,4.03,17729,5618
5620,A Land More Kind Than Home,Wiley Cash,eng,ENG,3.84,15318,5619
5621,"Kristy's Great Idea (The Baby-Sitters Club, #1)",Ann M. Martin,eng,ENG,3.94,21952,5620
5622,"Shatterproof (The 39 Clues: Cahills vs. Vespers, #4)",Roland Smith,unknown,UNKNOWN,4.17,17887,5621
5623,Five Days at Memorial: Life and Death in a Storm-Ravaged Hospital,Sheri  Fink,eng,ENG,3.87,15344,5622
5624,"The Fifth Woman (Kurt Wallander, #6)","Henning Mankell, Steven T. Murray",eng,ENG,4.02,16094,5623
5625,The Wordy Shipmates,Sarah Vowell,en-US,EN-US,3.66,17541,5624
5626,Bel-Ami,"Guy de Maupassant, Douglas Parmée",eng,ENG,3.81,17016,5625
5627,A River Runs Through It and Other Stories,Norman Maclean,eng,ENG,4.17,16501,5626
5628,The Time in Between,"María Dueñas, Daniel Hahn",eng,ENG,4.04,10166,5627
5629,Paradise,Toni Morrison,eng,ENG,3.77,17524,5628
5630,Idoru (Bridge #2),William Gibson,eng,ENG,3.78,16099,5629
5631,"The Best Man (Blue Heron, #1)",Kristan Higgins,eng,ENG,3.93,18998,5630
5632,"Castle in the Air (Howl's Moving Castle, #2)",Diana Wynne Jones,unknown,UNKNOWN,3.93,22964,5631
5633,"A King's Ransom (The 39 Clues: Cahills vs. Vespers, #2)",Jude Watson,eng,ENG,4.14,18168,5632
5634,The Poisoner's Handbook: Murder and the Birth of Forensic Medicine in Jazz Age New York,Deborah Blum,en-US,EN-US,4.0,18997,5633
5635,RoomHate,Penelope Ward,eng,ENG,4.07,21136,5634
5636,Living Dead Girl,Elizabeth Scott,en-US,EN-US,3.83,22014,5635
5637,The Dhammapada,"Anonymous, Ananda Maitreya, Thich Nhat Hanh, Balangoda Ananda Maitreya Maitreya",eng,ENG,4.29,12639,5636
5638,"Law Man (Dream Man, #3)",Kristen Ashley,en-US,EN-US,4.33,33220,5637
5639,"Deadly Decisions (Temperance Brennan, #3)",Kathy Reichs,en-US,EN-US,3.93,21646,5638
5640,Rising Strong,Brené Brown,en-GB,EN-GB,4.19,22022,5639
5641,"Speaking from Among the Bones (Flavia de Luce, #5)",Alan Bradley,eng,ENG,4.17,21892,5640
5642,Swimsuit,"James Patterson, Maxine Paetro",eng,ENG,3.63,18462,5641
5643,Through Gates of Splendor,Elisabeth Elliot,en-US,EN-US,4.38,16487,5642
5644,"Dirty Red (Love Me with Lies, #2)",Tarryn Fisher,eng,ENG,4.22,26888,5643
5645,The Darkest Part of the Forest,Holly Black,eng,ENG,3.91,22992,5644
5646,"Dream a Little Dream (Chicago Stars, #4)",Susan Elizabeth Phillips,en-US,EN-US,4.18,24117,5645
5647,تاكسي: حواديت المشاوير,"خالد الخميسي, Khaled Al Khamissi",ara,ARA,3.68,11981,5646
5648,The Samurai's Garden,Gail Tsukiyama,en-US,EN-US,4.12,17024,5647
5649,The Hating Game,Sally   Thorne,eng,ENG,4.24,21426,5648
5650,Black-Eyed Susans,Julia Heaberlin,eng,ENG,3.78,14886,5649
5651,"Neanderthal Seeks Human (Knitting in the City, #1)",Penny Reid,eng,ENG,3.96,29612,5650
5652,"Goliath (Leviathan, #3)","Scott Westerfeld, Keith Thompson",eng,ENG,4.25,23911,5651
5653,"Reborn! Vol. 01: Reborn Arrives! (Reborn!, #1)","Akira Amano, JN Productions, Frances E. Wall",unknown,UNKNOWN,4.22,15102,5652
5654,"Criminal (Will Trent, #6)",Karin Slaughter,eng,ENG,4.21,18592,5653
5655,"The Bear and the Dragon (Jack Ryan Universe, #11)",Tom Clancy,en-US,EN-US,3.79,18399,5654
5656,"W is for Wasted (Kinsey Millhone, #23)",Sue Grafton,eng,ENG,3.86,17357,5655
5657,I'm Just Here for the Food: Food + Heat = Cooking,Alton Brown,en-US,EN-US,4.21,15870,5656
5658,All Things Wise and Wonderful,James Herriot,unknown,UNKNOWN,4.39,20524,5657
5659,Sins of the Night (Dark-Hunter #7),Sherrilyn Kenyon,eng,ENG,4.18,28341,5658
5660,"Shades of Earth (Across the Universe, #3)",Beth Revis,eng,ENG,4.11,24612,5659
5661,"Tehanu (Earthsea Cycle, #4)",Ursula K. Le Guin,eng,ENG,3.89,19503,5660
5662,"Reboot (Reboot, #1)",Amy Tintera,eng,ENG,3.92,23300,5661
5663,Hunger Makes Me a Modern Girl,Carrie Brownstein,eng,ENG,3.88,17102,5662
5664,Thomas Jefferson: The Art of Power,Jon Meacham,eng,ENG,3.99,18546,5663
5665,"Murder in Mesopotamia (Hercule Poirot, #14)",Agatha Christie,eng,ENG,3.86,21207,5664
5666,"Excession (Culture, #5)",Iain M. Banks,en-US,EN-US,4.19,16330,5665
5667,"What Looks Like Crazy on an Ordinary Day (Idlewild, #1)",Pearl Cleage,eng,ENG,3.7,17853,5666
5668,"G is for Gumshoe (Kinsey Millhone, #7)",Sue Grafton,eng,ENG,3.9,22311,5667
5669,"King and Maxwell (Sean King & Michelle Maxwell, #6)",David Baldacci,eng,ENG,4.03,14491,5668
5670,Love's Executioner and Other Tales of Psychotherapy,Irvin D. Yalom,unknown,UNKNOWN,4.18,14013,5669
5671,"The Magician's Apprentice (Black Magician, #0.5)",Trudi Canavan,eng,ENG,3.94,17128,5670
5672,"Reaper's Gale (The Malazan Book of the Fallen, #7)",Steven Erikson,eng,ENG,4.34,16539,5671
5673,The Visitation,Frank E. Peretti,unknown,UNKNOWN,3.91,16142,5672
5674,"Locke & Key, Vol. 3: Crown of Shadows","Joe Hill, Gabriel Rodríguez",en-US,EN-US,4.41,19683,5673
5675,Leadership and Self-Deception: Getting Out of the Box,The Arbinger Institute,unknown,UNKNOWN,4.11,13531,5674
5676,"The Garden of Rama (Rama, #3)","Arthur C. Clarke, Gentry Lee",eng,ENG,3.76,16389,5675
5677,"Blue-Eyed Devil (Travises, #2)",Lisa Kleypas,en-US,EN-US,4.21,25508,5676
5678,Our Man in Havana,Graham Greene,eng,ENG,3.94,15460,5677
5679,Batman: The Black Mirror,"Scott Snyder, Jock, Francesco Francavilla, Jared K. Fletcher, Sal Cipriano, David   Baron",eng,ENG,4.29,15625,5678
5680,Kill Me If You Can,"James Patterson, Marshall Karp",eng,ENG,4.0,16879,5679
5681,"Killers of the Dawn (Cirque Du Freak, #9)",Darren Shan,unknown,UNKNOWN,4.22,18194,5680
5682,Tramp for the Lord,Corrie ten Boom,unknown,UNKNOWN,4.47,16680,5681
5683,If You Take a Mouse to the Movies,"Laura Joffe Numeroff, Felicia Bond",unknown,UNKNOWN,4.16,17938,5682
5684,"A Lick of Frost (Merry Gentry, #6)","Laurell K. Hamilton, Laural Merlington",eng,ENG,4.12,24148,5683
5685,The Abyss,"Orson Scott Card, James Cameron",eng,ENG,4.06,16318,5684
5686,"The Witch's Daughter (The Witch's Daughter, #1)",Paula Brackston,en-US,EN-US,3.54,17694,5685
5687,The Readers of Broken Wheel Recommend,"Katarina Bivald, Alice Menzies",eng,ENG,3.56,14571,5686
5688,"Live by Night (Coughlin, #2)",Dennis Lehane,eng,ENG,3.89,14275,5687
5689,"Until I Die (Revenants, #2)",Amy Plum,en-US,EN-US,4.17,24203,5688
5690,The Magic of Reality: How We Know What's Really True,"Richard Dawkins, Dave McKean",en-US,EN-US,4.04,14511,5689
5691,"Remember (Redemption, #2)","Karen Kingsbury, Gary Smalley",eng,ENG,4.41,16303,5690
5692,"Alex Cross, Run (Alex Cross, #20)",James Patterson,unknown,UNKNOWN,4.03,14434,5691
5693,Stuff White People Like: A Definitive Guide to the Unique Taste of Millions,Christian Lander,en-US,EN-US,3.76,15888,5692
5694,"Blood Magick (The Cousins O'Dwyer Trilogy, #3)",Nora Roberts,eng,ENG,4.06,14167,5693
5695,"The Power That Preserves (The Chronicles of Thomas Covenant the Unbeliever, #3)",Stephen R. Donaldson,eng,ENG,3.99,18594,5694
5696,The Brightest Star in the Sky,Marian Keyes,en-GB,EN-GB,3.65,17413,5695
5697,Entwined,Heather Dixon,en-US,EN-US,3.87,28950,5696
5698,"Girl Walks into a Bar . . .: Comedy Calamities, Dating Disasters, and a Midlife Miracle",Rachel Dratch,unknown,UNKNOWN,3.57,16604,5697
5699,El coronel no tiene quien le escriba,Gabriel García Márquez,spa,SPA,3.71,13206,5698
5700,Waiting for the Barbarians,J.M. Coetzee,eng,ENG,3.94,14830,5699
5701,The Last Seven Months of Anne Frank,Willy Lindwer,unknown,UNKNOWN,4.34,15096,5700
5702,"The Innovators: How a Group of  Hackers, Geniuses and Geeks Created the Digital Revolution",Walter Isaacson,eng,ENG,4.03,14890,5701
5703,Kabul Beauty School: An American Woman Goes Behind the Veil,Deborah Rodriguez,eng,ENG,3.63,17002,5702
5704,To Have and Have Not,Ernest Hemingway,eng,ENG,3.57,16074,5703
5705,Jackdaws,Ken Follett,eng,ENG,3.91,17489,5704
5706,حبيبتي بكماء,محمد السالم,ara,ARA,3.3,12690,5705
5707,"The System of the World (The Baroque Cycle, #3)",Neal Stephenson,en-US,EN-US,4.3,16106,5706
5708,"Touching Spirit Bear (Spirit Bear, #1)",Ben Mikaelsen,eng,ENG,3.85,17706,5707
5709,The Flamethrowers,Rachel Kushner,eng,ENG,3.46,13225,5708
5710,"Twice Tempted (Night Prince, #2)",Jeaniene Frost,en-GB,EN-GB,4.3,26598,5709
5711,Unorthodox: The Scandalous Rejection of My Hasidic Roots,Deborah Feldman,eng,ENG,3.67,8516,5710
5712,"The Selection Stories: The Prince & The Guard (The Selection, #0.5, 2.5)",Kiera Cass,eng,ENG,4.03,23695,5711
5713,Crush It!: Why Now Is the Time to Cash In on Your Passion,Gary Vaynerchuk,en-US,EN-US,3.85,17271,5712
5714,Redemption Ark,Alastair Reynolds,eng,ENG,4.13,16484,5713
5715,"The Venetian Betrayal (Cotton Malone, #3)",Steve Berry,en-US,EN-US,3.94,18403,5714
5716,"Collected Poems, 1909-1962",T.S. Eliot,eng,ENG,4.29,17192,5715
5717,The Robe,Lloyd C. Douglas,en-US,EN-US,4.2,18903,5716
5718,Beauty and the Beast,"Walt Disney Company, Ellen Titlebaum",unknown,UNKNOWN,4.39,14811,5717
5719,The Yonahlossee Riding Camp for Girls,Anton DiSclafani,eng,ENG,3.34,15769,5718
5720,"Lead (Stage Dive, #3)",Kylie Scott,eng,ENG,4.32,29239,5719
5721,"No Humans Involved (Women of the Otherworld, #7)",Kelley Armstrong,eng,ENG,4.2,23191,5720
5722,"Night of the Soul Stealer (The Last Apprentice / Wardstone Chronicles, #3)","Joseph Delaney, Patrick  Arrasmith",unknown,UNKNOWN,4.12,18279,5721
5723,The Gift of Fear: Survival Signals That Protect Us from Violence,Gavin de Becker,unknown,UNKNOWN,4.19,14609,5722
5724,"Endless Summer (The Boys Next Door, #1-2)",Jennifer Echols,eng,ENG,4.02,18438,5723
5725,"Big Nate Strikes Again (Big Nate Novels, #2)",Lincoln Peirce,en-US,EN-US,4.23,20480,5724
5726,Don't You Cry,Mary Kubica,unknown,UNKNOWN,3.57,17399,5725
5727,"His Needs, Her Needs: Building an Affair-Proof Marriage",Willard F. Harley Jr.,eng,ENG,4.11,15008,5726
5728,"Dance of the Gods (Circle Trilogy, #2)",Nora Roberts,eng,ENG,4.13,23060,5727
5729,"Nevermore (Nevermore, #1)",Kelly Creagh,en-US,EN-US,3.87,24570,5728
5730,The Blind Owl,"Sadegh Hedayat, D.P. Costello",en-US,EN-US,3.99,5168,5729
5731,Pete the Cat: I Love My White Shoes,"Eric Litwin, James Dean",en-US,EN-US,4.41,19122,5730
5732,"The Ring of Solomon (Bartimaeus, #0.5)","Jonathan Stroud, Simon  Jones",eng,ENG,4.19,18809,5731
5733,"Welcome to Dead House (Goosebumps, #1)",R.L. Stine,en-US,EN-US,3.82,19171,5732
5734,The Master Butchers Singing Club,Louise Erdrich,unknown,UNKNOWN,4.02,16821,5733
5735,"Chronicles of the Black Company (The Chronicles of the Black Company, #1-3)",Glen Cook,en-US,EN-US,4.2,16663,5734
5736,"Until Friday Night (The Field Party, #1)",Abbi Glines,eng,ENG,4.01,20813,5735
5737,Mother of Pearl,Melinda Haynes,en-US,EN-US,3.67,17378,5736
5738,Everyone Brave is Forgiven,Chris Cleave,eng,ENG,3.8,16183,5737
5739,The Great Train Robbery,Michael Crichton,unknown,UNKNOWN,3.84,17309,5738
5740,Safe Harbour,Danielle Steel,unknown,UNKNOWN,4.04,16205,5739
5741,The Things We Do for Love,Kristin Hannah,en-GB,EN-GB,4.05,16190,5740
5742,"Son of the Shadows (Sevenwaters, #2)",Juliet Marillier,eng,ENG,4.32,21544,5741
5743,The Key to Rebecca,Ken Follett,eng,ENG,3.86,16616,5742
5744,"Hard Bitten (Chicagoland Vampires, #4)",Chloe Neill,en-US,EN-US,4.17,28656,5743
5745,Barefoot Contessa Family Style: Easy Ideas and Recipes That Make Everyone Feel Like Family,"Ina Garten, Maura McEvoy",eng,ENG,4.26,16134,5744
5746,"Vain (The Seven Deadly, #1)",Fisher Amelie,eng,ENG,4.25,10427,5745
5747,At the Mountains of Madness,"H.P. Lovecraft, China Miéville, S.T. Joshi",eng,ENG,3.93,16637,5746
5748,"Heart of the Sea (Gallaghers of Ardmore / Irish Trilogy, #3)",Nora Roberts,en-US,EN-US,4.14,22274,5747
5749,"Veil of Midnight (Midnight Breed, #5)",Lara Adrian,eng,ENG,4.26,25116,5748
5750,Subterranean,James Rollins,eng,ENG,4.01,17425,5749
5751,I Don't Know How She Does It,Allison Pearson,en-US,EN-US,3.3,15456,5750
5752,"Preacher, Volume 9: Alamo","Garth Ennis, Steve Dillon",eng,ENG,4.33,17930,5751
5753,"The Long Way to a Small, Angry Planet (Wayfarers, #1)",Becky  Chambers,eng,ENG,4.18,12969,5752
5754,Collected Fictions,"Jorge Luis Borges, Andrew Hurley",eng,ENG,4.58,16474,5753
5755,Valiant (Modern Faerie Tales #2),Holly Black,eng,ENG,3.92,26108,5754
5756,The Russia House,John le Carré,unknown,UNKNOWN,3.9,17293,5755
5757,"Raised by Wolves (Raised by Wolves, #1)",Jennifer Lynn Barnes,eng,ENG,3.94,24936,5756
5758,Promise Me (Myron Bolitar #8),Harlan Coben,eng,ENG,3.96,18168,5757
5759,"Midnight (The Vampire Diaries: The Return, #3)",L.J. Smith,en-US,EN-US,3.78,20566,5758
5760,"Dark Side of the Moon (Dark-Hunter #9, Were-Hunter #3)",Sherrilyn Kenyon,en-US,EN-US,4.15,27311,5759
5761,"Mistakes Were Made (But Not by Me): Why We Justify Foolish Beliefs, Bad Decisions, and Hurtful Acts","Carol Tavris, Elliot Aronson",en-US,EN-US,3.99,15249,5760
5762,Abducted (Lizzy Gardner #1),T.R. Ragan,eng,ENG,3.94,8828,5761
5763,Roadwork,"Richard Bachman, Stephen King",en-US,EN-US,3.59,18479,5762
5764,"Valhalla Rising (Dirk Pitt, #16)",Clive Cussler,en-US,EN-US,3.92,17260,5763
5765,The Third Chimpanzee: The Evolution and Future of the Human Animal,Jared Diamond,eng,ENG,4.04,15362,5764
5766,The Given Day (Coughlin #1),Dennis Lehane,en-US,EN-US,4.03,16528,5765
5767,Just Me in the Tub (Mercer Mayer's Little Critter),"Gina Mayer, Mercer Mayer",unknown,UNKNOWN,4.24,17335,5766
5768,"Crush (Crash, #3)",Nicole  Williams,en-US,EN-US,4.24,26188,5767
5769,"Deadline (Newsflesh Trilogy, #2)",Mira Grant,en-US,EN-US,4.1,18636,5768
5770,Long Lost  (Myron Bolitar #9),Harlan Coben,eng,ENG,3.94,17996,5769
5771,"Faithless (Grant County, #5)",Karin Slaughter,en-US,EN-US,4.11,16833,5770
5772,My Stroke of Insight: A Brain Scientist's Personal Journey,Jill Bolte Taylor,en-US,EN-US,3.86,14734,5771
5773,"The Walking Dead, Vol. 06: This Sorrowful Life","Robert Kirkman, Charlie Adlard, Cliff Rathburn",eng,ENG,4.32,18655,5772
5774,Inés of My Soul,"Isabel Allende, Margaret Sayers Peden",en-US,EN-US,3.9,13539,5773
5775,Cold Fire,Dean Koontz,unknown,UNKNOWN,3.75,18343,5774
5776,Frog Music,Emma Donoghue,eng,ENG,3.13,16412,5775
5777,An Instance of the Fingerpost,Iain Pears,eng,ENG,3.93,17604,5776
5778,5 cm,Donny Dhirgantoro,ind,IND,3.84,12527,5777
5779,Crossing the Chasm: Marketing and Selling High-Tech Products to Mainstream Customers,"Geoffrey A. Moore, Regis McKenna",en-US,EN-US,4.0,14329,5778
5780,"Shugo Chara!, Vol. 1: Who Do You Want to Be? (Shugo Chara!, #1)",Peach-Pit,unknown,UNKNOWN,4.11,17351,5779
5781,The Innocent,Harlan Coben,eng,ENG,3.95,18125,5780
5782,Robots and Empire (Robot #4),Isaac Asimov,eng,ENG,4.17,18462,5781
5783,Island,Aldous Huxley,eng,ENG,3.87,14440,5782
5784,Your Inner Fish: A Journey into the 3.5-Billion-Year History of the Human Body,Neil Shubin,unknown,UNKNOWN,3.97,14784,5783
5785,No Exit,Jean-Paul Sartre,eng,ENG,4.13,16533,5784
5786,The Dip: A Little Book That Teaches You When to Quit (and When to Stick),Seth Godin,unknown,UNKNOWN,3.83,15009,5785
5787,Are You My Mother?,Alison Bechdel,eng,ENG,3.66,18618,5786
5788,ABNKKBSNPLAKo?! (Mga Kwentong Chalk ni Bob Ong),Bob Ong,fil,FIL,4.2,14481,5787
5789,The Farseer Trilogy (Farseer Trilogy #1-3),Robin Hobb,eng,ENG,4.33,14303,5788
5790,The Blue Bistro,Elin Hilderbrand,en-US,EN-US,4.0,16398,5789
5791,"Third Grave Dead Ahead (Charley Davidson, #3)",Darynda Jones,eng,ENG,4.39,15137,5790
5792,Identity,"Milan Kundera, Linda Asher",eng,ENG,3.68,11735,5791
5793,"The Heart of Betrayal (The Remnant Chronicles, #2)",Mary E. Pearson,eng,ENG,4.32,24104,5792
5794,First They Killed My Father: A Daughter of Cambodia Remembers,Loung Ung,en-US,EN-US,4.29,17459,5793
5795,The Funhouse,"Owen  West, Dean Koontz",eng,ENG,3.6,18424,5794
5796,The Speed of Trust: The One Thing that Changes Everything,Stephen M.R. Covey,en-US,EN-US,3.97,13708,5795
5797,You Belong To Me,Mary Higgins Clark,en-US,EN-US,3.85,19131,5796
5798,Not Without My Daughter,Betty Mahmoody,eng,ENG,4.04,16650,5797
5799,"The Killing Hour (Quincy & Rainie, #4)",Lisa Gardner,en-US,EN-US,4.16,17948,5798
5800,"Castle Roogna (Xanth, #3)",Piers Anthony,eng,ENG,3.87,19867,5799
5801,While My Pretty One Sleeps,Mary Higgins Clark,eng,ENG,3.88,18846,5800
5802,Arsenic and Old Lace,Joseph Kesselring,unknown,UNKNOWN,4.14,20473,5801
5803,"Dance with a Vampire (Vampire Kisses, #4)",Ellen Schreiber,eng,ENG,4.01,22119,5802
5804,Sometimes a Great Notion,Ken Kesey,unknown,UNKNOWN,4.24,15502,5803
5805,"Tris's Book (Circle of Magic, #2)",Tamora Pierce,eng,ENG,4.07,24511,5804
5806,The Moral Landscape: How Science Can Determine Human Values,Sam Harris,en-US,EN-US,3.9,14300,5805
5807,The Mill River Recluse,Darcie Chan,eng,ENG,3.55,15821,5806
5808,Hey Nostradamus!,Douglas Coupland,eng,ENG,3.72,14645,5807
5809,Che Guevara: A Revolutionary Life,Jon Lee Anderson,eng,ENG,4.1,13516,5808
5810,"The Secret Hour (Midnighters, #1)",Scott Westerfeld,eng,ENG,3.8,23933,5809
5811,"Chosen at Nightfall (Shadow Falls, #5)",C.C. Hunter,en-CA,EN-CA,4.37,22968,5810
5812,Like the Flowing River ,Paulo Coelho,eng,ENG,3.93,12708,5811
5813,"The Candy Shop War (The Candy Shop War, #1)",Brandon Mull,unknown,UNKNOWN,4.03,19619,5812
5814,"Broken (Women of the Otherworld, #6)",Kelley Armstrong,eng,ENG,4.19,24319,5813
5815,"Lament: The Faerie Queen's Deception (Books of Faerie, #1)",Maggie Stiefvater,eng,ENG,3.69,26116,5814
5816,Why Mosquitoes Buzz in People's Ears,"Verna Aardema, Leo Dillon, Diane Dillon",unknown,UNKNOWN,4.01,20639,5815
5817,"Shopaholic to the Stars (Shopaholic, #7)",Sophie Kinsella,eng,ENG,3.24,15414,5816
5818,High Noon,Nora Roberts,eng,ENG,3.94,20698,5817
5819,The Farm,Tom Rob Smith,eng,ENG,3.53,13407,5818
5820,Men Explain Things to Me,Rebecca Solnit,eng,ENG,3.93,17918,5819
5821,"Rock with Me (With Me in Seattle, #4)",Kristen Proby,eng,ENG,4.3,28709,5820
5822,"The Prince of Mist (Niebla, #1)","Carlos Ruiz Zafón, Lucia Graves",eng,ENG,3.66,14381,5821
5823,Driving Miss Daisy,Alfred Uhry,eng,ENG,4.24,16829,5822
5824,"Hardpressed (Hacker, #2)",Meredith Wild,eng,ENG,4.27,7383,5823
5825,"Conspiracy in Death (In Death, #8)",J.D. Robb,eng,ENG,4.35,22149,5824
5826,"In the Company of Cheerful Ladies (No. 1 Ladies' Detective Agency, #6)",Alexander McCall Smith,eng,ENG,4.07,19839,5825
5827,"The First Four Years  (Little House, #9)","Laura Ingalls Wilder, Garth Williams",eng,ENG,3.88,24180,5826
5828,The Elephant Tree,R.D. Ronald,eng,ENG,3.52,15421,5827
5829,"Bones to Ashes (Temperance Brennan, #10)",Kathy Reichs,eng,ENG,3.92,19942,5828
5830,Grimm's Fairy Tales,"Jacob Grimm, Wilhelm Grimm, منى الخميسي",eng,ENG,4.14,5873,5829
5831,The Definitive Book of Body Language,"Allan Pease, Barbara Pease",eng,ENG,3.97,13328,5830
5832,"Between the Lines (Between the Lines, #1)",Tammara Webber,eng,ENG,3.71,25991,5831
5833,Never Cry Wolf,Farley Mowat,eng,ENG,4.19,17045,5832
5834,"Tick Tock (Michael Bennett, #4)","James Patterson, Michael Ledwidge",eng,ENG,4.03,17189,5833
5835,Cleopatra's Daughter,Michelle Moran,eng,ENG,4.11,16532,5834
5836,"Grave Secrets (Temperance Brennan, #5)",Kathy Reichs,en-US,EN-US,3.98,21460,5835
5837,"Shattered (The Iron Druid Chronicles, #7)",Kevin Hearne,eng,ENG,4.28,15133,5836
5838,"Zoe's Tale (Old Man's War, #4)",John Scalzi,eng,ENG,3.73,15971,5837
5839,"The First Commandment (Scot Harvath, #6)",Brad Thor,eng,ENG,4.22,14833,5838
5840,Complete Works of Oscar Wilde,"Oscar Wilde, Merlin Holland",eng,ENG,4.45,10835,5839
5841,The New Best Recipe,"Cook's Illustrated Magazine, John Burgoyne, Carl Tremblay",unknown,UNKNOWN,4.2,15971,5840
5842,"The Rose & the Dagger (The Wrath & the Dawn, #2)",Renee Ahdieh,eng,ENG,4.2,26503,5841
5843,The Fold,Peter Clines,eng,ENG,3.82,13519,5842
5844,The Nature of the Beast (Chief Inspector Armand Gamache #11),Louise Penny,eng,ENG,4.21,14695,5843
5845,The Proper Care and Feeding of Husbands,Laura C. Schlessinger,unknown,UNKNOWN,3.71,13465,5844
5846,"Green: The Beginning and the End (The Circle, #0)",Ted Dekker,eng,ENG,4.03,17315,5845
5847,"Black Butler, Vol. 3 (Black Butler, #3)",Yana Toboso,ind,IND,4.53,16682,5846
5848,"The Crown Tower (The Riyria Chronicles, #1)",Michael J. Sullivan,eng,ENG,4.31,17352,5847
5849,Daytripper,"Fábio Moon, Gabriel Bá, Craig Thompson, Dave Stewart, Sean Konot",eng,ENG,4.31,17679,5848
5850,"Club Shadowlands (Masters of the Shadowlands, #1)",Cherise Sinclair,eng,ENG,3.99,22733,5849
5851,The Museum of Innocence,"Orhan Pamuk, Maureen Freely",eng,ENG,3.69,12685,5850
5852,The Mothers,Brit Bennett,eng,ENG,3.87,19784,5851
5853,Faust,"Johann Wolfgang von Goethe, Walter Kaufmann",eng,ENG,3.97,15864,5852
5854,"Faking It (Losing It, #2)",Cora Carmack,eng,ENG,3.96,27707,5853
5855,"Charlie Bone and the Castle of Mirrors (The Children of the Red King, #4)",Jenny Nimmo,unknown,UNKNOWN,3.89,20101,5854
5856,"Accordance (Significance, #2)",Shelly Crane,eng,ENG,4.28,25037,5855
5857,Bloodrose (Nightshade #3; Nightshade World #6),Andrea Cremer,eng,ENG,4.06,23874,5856
5858,"Cards on the Table (Hercule Poirot, #15)",Agatha Christie,eng,ENG,3.9,19577,5857
5859,"Tales from a Not-So-Smart Miss Know-It-All (Dork Diaries, #5)",Rachel Renée Russell,eng,ENG,4.42,13648,5858
5860,"Ramona and Her Mother (Ramona, #5)",Beverly Cleary,eng,ENG,4.08,20053,5859
5861,"Appointment with Death (Hercule Poirot, #19)",Agatha Christie,eng,ENG,3.84,20793,5860
5862,"Natural Born Charmer (Chicago Stars, #7)",Susan Elizabeth Phillips,en-US,EN-US,4.15,25474,5861
5863,The Woman Warrior,Maxine Hong Kingston,en-US,EN-US,3.72,17781,5862
5864,Three Little Kittens,"Masha, Marie Simchow Stern",eng,ENG,4.28,18327,5863
5865,Tales of Ordinary Madness,Charles Bukowski,eng,ENG,4.0,13995,5864
5866,"Before Jamaica Lane (On Dublin Street, #3)",Samantha Young,eng,ENG,4.35,13447,5865
5867,"The Sword of Shannara Trilogy (Shannara, #1-3)",Terry Brooks,unknown,UNKNOWN,3.94,15172,5866
5868,Maybe in Another Life,Taylor Jenkins Reid,unknown,UNKNOWN,3.74,17138,5867
5869,"Carry On, Warrior: Thoughts on Life Unarmed",Glennon Doyle Melton,eng,ENG,4.18,12986,5868
5870,The Valley of Fear,"Arthur Conan Doyle, David Timson",eng,ENG,3.98,15399,5869
5871,"The Pagan Stone (Sign of Seven, #3)",Nora Roberts,en-US,EN-US,4.14,22863,5870
5872,A Tale of Two Cities / Great Expectations,Charles Dickens,en-US,EN-US,3.98,14912,5871
5873,Principle-Centered Leadership,Stephen R. Covey,en-US,EN-US,4.07,13079,5872
5874,"Monster Hunter International (Monster Hunter International, #1)",Larry Correia,eng,ENG,4.04,16552,5873
5875,"The Bitter Kingdom (Fire and Thorns, #3)",Rae Carson,eng,ENG,4.23,24420,5874
5876,"The Teeth of the Tiger (Jack Ryan Universe, #12)",Tom Clancy,eng,ENG,3.61,15746,5875
5877,"Moreta: Dragonlady of Pern (Pern, #7)",Anne McCaffrey,eng,ENG,3.97,21117,5876
5878,Frosty the Snowman (Frosty the Snowman),Diane Muldrow,unknown,UNKNOWN,4.34,17540,5877
5879,"Preacher, Volume 6: War in the Sun","Garth Ennis, Steve Dillon, Peter Snejbjerg",eng,ENG,4.34,16531,5878
5880,"The Queen of Attolia (The Queen's Thief, #2)",Megan Whalen Turner,unknown,UNKNOWN,4.23,23813,5879
5881,A Single Man,Christopher Isherwood,eng,ENG,4.11,14554,5880
5882,Mortality,Christopher Hitchens,eng,ENG,4.12,14248,5881
5883,"Icefire (The Last Dragon Chronicles, #2)",Chris d'Lacey,eng,ENG,3.9,19795,5882
5884,Norse Mythology,Neil Gaiman,eng,ENG,4.12,22266,5883
5885,Citizen Soldiers: The U. S. Army from the Normandy Beaches to the Bulge to the Surrender of Germany,Stephen E. Ambrose,unknown,UNKNOWN,4.19,16322,5884
5886,Honor's Splendour,Julie Garwood,eng,ENG,4.22,21926,5885
5887,Shut Out,Kody Keplinger,en-US,EN-US,3.76,23723,5886
5888,"Bad Rep (Bad Rep, #1)",A. Meredith Walters,en-GB,EN-GB,3.91,24287,5887
5889,"Valley of Silence (Circle Trilogy, #3)",Nora Roberts,en-GB,EN-GB,4.2,20800,5888
5890,"The Prophet of Yonwood (Book of Ember, #3)",Jeanne DuPrau,en-US,EN-US,3.25,22237,5889
5891,"Hope to Die (Alex Cross, #22)",James Patterson,eng,ENG,4.14,10005,5890
5892,"Deep Kiss of Winter (Includes: Immortals After Dark, #8; Alien Huntress, #3.5)","Kresley Cole, Gena Showalter",en-US,EN-US,4.23,23875,5891
5893,Doll Bones,"Holly Black, Eliza Wheeler",eng,ENG,3.7,17414,5892
5894,"Red Mist (Kay Scarpetta, #19)",Patricia Cornwell,eng,ENG,3.75,16396,5893
5895,"I Am Half-Sick of Shadows (Flavia de Luce, #4)",Alan Bradley,en-US,EN-US,4.09,21288,5894
5896,"Wild Man (Dream Man, #2)",Kristen Ashley,en-GB,EN-GB,4.21,32541,5895
5897,Welcome to Night Vale,"Joseph Fink, Jeffrey Cranor",eng,ENG,3.87,17781,5896
5898,Sleeping Beauty: a Little Golden Book (Disney Princess),"Michael Teitelbaum, Walt Disney Company",eng,ENG,4.32,16654,5897
5899,"An Offer From a Gentleman (Bridgertons, #3)",Julia Quinn,en-US,EN-US,4.08,17402,5898
5900,"Dumplin' (Dumplin', #1)",Julie   Murphy,eng,ENG,3.87,22176,5899
5901,Ancillary Mercy (Imperial Radch #3),Ann Leckie,eng,ENG,4.2,12776,5900
5902,The Darkest Surrender  (Lords of the Underworld #8),Gena Showalter,eng,ENG,4.42,24515,5901
5903,Danse Macabre,Stephen King,eng,ENG,3.62,18700,5902
5904,"Seducing Cinderella (Fighting for Love, #1)",Gina L. Maxwell,eng,ENG,3.94,21617,5903
5905,"Blue Shoes and Happiness (No. 1 Ladies' Detective Agency, #7)",Alexander McCall Smith,eng,ENG,4.06,20246,5904
5906,The Vagina Monologues,"Eve Ensler, Gloria Steinem",unknown,UNKNOWN,3.86,17935,5905
5907,Our Mutual Friend,Charles Dickens,eng,ENG,4.07,18599,5906
5908,A Handful of Dust,Evelyn Waugh,en-US,EN-US,3.92,17370,5907
5909,Leota's Garden,Francine Rivers,eng,ENG,4.07,15039,5908
5910,Not My Daughter,Barbara Delinsky,unknown,UNKNOWN,3.77,17109,5909
5911,The Book of Illusions,Paul Auster,eng,ENG,3.89,13583,5910
5912,"To Tame a Highland Warrior (Highlander, #2)",Karen Marie Moning,eng,ENG,4.14,24710,5911
5913,A Mango-Shaped Space,Wendy Mass,eng,ENG,4.22,20661,5912
5914,Quentins,Maeve Binchy,unknown,UNKNOWN,3.88,18150,5913
5915,Daniel Deronda,"George Eliot, Edmund White",eng,ENG,3.82,17723,5914
5916,Here's to Us,Elin Hilderbrand,eng,ENG,3.73,14840,5915
5917,"Chasing Perfect (Fool's Gold, #1)",Susan Mallery,eng,ENG,3.89,18437,5916
5918,The Debutante Divorcee,Plum Sykes,en-US,EN-US,3.46,15030,5917
5919,Life Application Study Bible: NIV,"Anonymous, Ronald A. Beers, Ronald A. Beers",eng,ENG,4.67,13614,5918
5920,"The Wheel of Darkness (Pendergast, #8)","Douglas Preston, Lincoln Child",en-US,EN-US,3.92,18413,5919
5921,"Sleeping Giants (Themis Files, #1)",Sylvain Neuvel,eng,ENG,3.84,19371,5920
5922,Blackmoore,Julianne Donaldson,eng,ENG,4.17,17497,5921
5923,The Sandman: Endless Nights,"Neil Gaiman, Barron Storey, Bill Sienkiewicz, Glenn Fabry, Dave McKean, P. Craig Russell, Milo Manara, Miguelanxo Prado, Frank Quitely, Todd Klein",eng,ENG,4.34,20416,5922
5924,The First Wives Club,Olivia Goldsmith,eng,ENG,3.87,17219,5923
5925,The Vanishing Act of Esme Lennox,Maggie O'Farrell,eng,ENG,3.82,16675,5924
5926,The Night Watch,Sarah Waters,en-US,EN-US,3.67,13798,5925
5927,"Mightier Than the Sword (The Clifton Chronicles, #5)",Jeffrey Archer,eng,ENG,4.09,10257,5926
5928,"Blood Canticle (The Vampire Chronicles, #10)",Anne Rice,en-GB,EN-GB,3.71,17359,5927
5929,Nature Girl,Carl Hiaasen,eng,ENG,3.61,17216,5928
5930,Boy's Life,Robert McCammon,eng,ENG,4.32,15752,5929
5931,Adam Bede,"George Eliot, Joanna Trollope, Hugh Osborne",unknown,UNKNOWN,3.77,17777,5930
5932,Sister of My Heart,Chitra Banerjee Divakaruni,eng,ENG,3.97,14434,5931
5933,The Housekeeper and the Professor,"Yōko Ogawa, Stephen Snyder",eng,ENG,3.94,16865,5932
5934,"H is for Homicide (Kinsey Millhone, #8)",Sue Grafton,eng,ENG,3.89,21635,5933
5935,JPod,Douglas Coupland,en-US,EN-US,3.7,13347,5934
5936,The Face,Dean Koontz,eng,ENG,3.69,17267,5935
5937,The Ascent of Money: A Financial History of the World,Niall Ferguson,en-US,EN-US,3.88,15286,5936
5938,Food: A Love Story,Jim Gaffigan,eng,ENG,3.69,16304,5937
5939,The Impossible Knife of Memory,Laurie Halse Anderson,eng,ENG,3.93,20992,5938
5940,"Purgatorio (The Divine Comedy, #2)","Dante Alighieri, Robert M. Durling",ita,ITA,4.01,13740,5939
5941,"Deliver Us from Evil (A. Shaw, #2)",David Baldacci,en-US,EN-US,3.98,15947,5940
5942,One Last Thing Before I Go,Jonathan Tropper,unknown,UNKNOWN,3.75,13763,5941
5943,"By the Time You Read This, I'll Be Dead","Julie Anne Peters, C.J. Bott",unknown,UNKNOWN,3.89,18722,5942
5944,The Girls of Atomic City: The Untold Story of the Women Who Helped Win World War II,Denise Kiernan,eng,ENG,3.66,15644,5943
5945,"City of Night (Dean Koontz's Frankenstein, #2)","Dean Koontz, Ed Gorman, John Bedford Lloyd",unknown,UNKNOWN,3.97,15838,5944
5946,"The Quillan Games (Pendragon, #7)",D.J. MacHale,eng,ENG,4.19,18296,5945
5947,number9dream,David Mitchell,unknown,UNKNOWN,3.92,13726,5946
5948,Girlfriend in a Coma,Douglas Coupland,eng,ENG,3.61,14576,5947
5949,"The Green Mile, Part 1: The Two Dead Girls",Stephen King,eng,ENG,4.49,21917,5948
5950,Ella Minnow Pea: A Novel in Letters,Mark Dunn,eng,ENG,3.84,19819,5949
5951,"Toll the Hounds (The Malazan Book of the Fallen, #8)",Steven Erikson,en-US,EN-US,4.33,15942,5950
5952,The Bone Garden ,Tess Gerritsen,eng,ENG,4.02,16883,5951
5953,"Supernova: Ksatria, Puteri, dan Bintang Jatuh",Dee Lestari,ind,IND,3.83,10344,5952
5954,A Head Full of Ghosts,Paul Tremblay,eng,ENG,3.82,14101,5953
5955,Better Than Before: Mastering the Habits of Our Everyday Lives,Gretchen Rubin,en-GB,EN-GB,3.81,16550,5954
5956,"Broken Homes (Peter Grant, #4)",Ben Aaronovitch,eng,ENG,4.16,10958,5955
5957,"The King's Buccaneer (Krondor's Sons, #2)",Raymond E. Feist,en-US,EN-US,3.99,17084,5956
5958,Maya's Notebook,"Isabel Allende, Anne McLean",eng,ENG,3.8,12529,5957
5959,"One Crazy Summer (Gaither Sisters, #1)",Rita Williams-Garcia,eng,ENG,3.95,18913,5958
5960,"Dragon Haven (Rain Wild Chronicles, #2)",Robin Hobb,en-US,EN-US,4.06,15807,5959
5961,"Right Ho, Jeeves (Jeeves, #6)",P.G. Wodehouse,eng,ENG,4.31,8234,5960
5962,"If You're Reading This, It's Too Late (Secret, #2)","Pseudonymous Bosch, Gilbert Ford",en-US,EN-US,4.23,18310,5961
5963,"Moonrise (Warriors: The New Prophecy, #2)",Erin Hunter,en-US,EN-US,4.31,21311,5962
5964,The Wednesday Letters,Jason F. Wright,en-US,EN-US,3.61,16776,5963
5965,"Betrayals (Strange Angels, #2)","Lili St. Crow, Lilith Saintcrow",en-US,EN-US,4.08,24309,5964
5966,You've Been Warned,"James Patterson, Howard Roughan",eng,ENG,3.52,16311,5965
5967,"Chasing Vermeer (Chasing Vermeer, #1)","Blue Balliett, Brett Helquist",en-US,EN-US,3.71,22167,5966
5968,The Jesus I Never Knew,Philip Yancey,en-US,EN-US,4.18,14955,5967
5969,Turning Angel,Greg Iles,eng,ENG,4.11,15669,5968
5970,"The Unidentified Redhead (Redhead, #1)",Alice Clayton,eng,ENG,4.04,24859,5969
5971,"The Adventures of Ook and Gluk, Kung-Fu Cavemen from the Future","Dav Pilkey, George Beard, Harold Hutchins",en-US,EN-US,4.13,14512,5970
5972,A Child's Garden of Verses,"Robert Louis Stevenson, Tasha Tudor",eng,ENG,4.3,20354,5971
5973,The Informers,Bret Easton Ellis,en-GB,EN-GB,3.39,12898,5972
5974,"The Queen (The Selection, #0.4)",Kiera Cass,eng,ENG,3.93,22362,5973
5975,"The Devil Colony (Sigma Force, #7)",James Rollins,eng,ENG,4.17,16101,5974
5976,"The Walking Dead, Vol. 12: Life Among Them","Robert Kirkman, Charlie Adlard",eng,ENG,4.34,16558,5975
5977,"Some Luck (Last Hundred Years: A Family Saga, #1)",Jane Smiley,eng,ENG,3.61,12644,5976
5978,Pedagogy of the Oppressed,"Paulo Freire, Myra Bergman Ramos, Donaldo Macedo, Richard Shaull",eng,ENG,4.25,16401,5977
5979,"William Shakespeare's Star Wars: Verily, A New Hope (William Shakespeare's Star Wars, #4)",Ian Doescher,eng,ENG,3.94,14806,5978
5980,Identity Crisis,"Brad Meltzer, Rags Morales, Michael Bair, Joss Whedon",eng,ENG,4.03,16744,5979
5981,"Unspoken (The Lynburn Legacy, #1)",Sarah Rees Brennan,eng,ENG,3.85,22927,5980
5982,"Rama II (Rama, #2)","Arthur C. Clarke, Gentry Lee",fre,FRE,3.66,15350,5981
5983,The Gospel According to Jesus Christ,José Saramago,eng,ENG,4.26,11301,5982
5984,"Who Could That Be at This Hour? (All the Wrong Questions, #1)","Lemony Snicket, Seth",en-US,EN-US,3.83,17497,5983
5985,"The Calling (Darkness Rising, #2)",Kelley Armstrong,eng,ENG,4.1,25930,5984
5986,Avatar: The Last Airbender: The Lost Adventures,"Bryan Konietzko, Michael Dante DiMartino, Aaron Ehasz, Alison Wilgus, Amy Kim Ganter, Brian Ralph, Corey Lewis, Dave Roman, Elsa Garagarza, Ethan Spaulding, Frank Pittarese, Gurihiru, J. Torres, Joaquim Dos Santos, Johane Matte, John O'Bryan, Joshua Hamilton, Justin Ridge, Kaite Mattila, May Chan, Rawles Marie Lumumba, Reagan Lodge, Tim Hedrick, Tom McWeeney",en-US,EN-US,4.41,14288,5985
5987,Hidden,Catherine McKenzie,eng,ENG,3.44,13574,5986
5988,Five Little Peppers and How They Grew,Margaret Sidney,eng,ENG,4.03,19780,5987
5989,"Princess of the Midnight Ball (The Princesses of Westfalin Trilogy, #1)",Jessica Day George,eng,ENG,3.92,26804,5988
5990,الطنطورية,"Radwa Ashour, رضوى عاشور",ara,ARA,4.32,13931,5989
5991,Miss Rumphius,Barbara Cooney,eng,ENG,4.45,20403,5990
5992,Ball Four,Jim Bouton,eng,ENG,3.99,12805,5991
5993,"Fables, Vol. 3: Storybook Love","Bill Willingham, Mark Buckingham, Steve Leialoha, James Jean",eng,ENG,4.15,24730,5992
5994,Aura,Carlos Fuentes,eng,ENG,3.8,11788,5993
5995,The Dance Of Anger: A Woman's Guide to Changing the Patterns of Intimate Relationships,Harriet Lerner,en-US,EN-US,4.02,14640,5994
5996,A Random Walk Down Wall Street,Burton G. Malkiel,eng,ENG,4.05,12774,5995
5997,Forget You,Jennifer Echols,eng,ENG,3.79,24334,5996
5998,"Wanted (Wanted, #1)",Kelly Elliott,en-US,EN-US,3.98,22039,5997
5999,Marathon Man,William Goldman,eng,ENG,4.11,15659,5998
6000,The Apothecary's Daughter,Julie Klassen,eng,ENG,3.79,15782,5999
6001,"Rock the Heart (Black Falcon, #1)",Michelle A. Valentine,eng,ENG,4.01,28776,6000
6002,"Bearing an Hourglass (Incarnations of Immortality, #2)",Piers Anthony,en-US,EN-US,3.94,18817,6001
6003,The Five Chinese Brothers,"Claire Huchet Bishop, Kurt Wiese",eng,ENG,4.18,20189,6002
6004,"Providence (Providence, #1)",Jamie McGuire,eng,ENG,4.0,23568,6003
6005,"The Source of Magic (Xanth, #2)",Piers Anthony,unknown,UNKNOWN,3.86,19149,6004
6006,"Days with Frog and Toad (Frog and Toad, #4)",Arnold Lobel,eng,ENG,4.24,15912,6005
6007,"Cities of the Plain (The Border Trilogy, #3)",Cormac McCarthy,unknown,UNKNOWN,4.07,14638,6006
6008,"Captive Prince (Captive Prince, #1)",C.S. Pacat,eng,ENG,3.98,23580,6007
6009,"The King of Attolia (The Queen's Thief, #3)",Megan Whalen Turner,eng,ENG,4.37,22724,6008
6010,"Disney after Dark (Kingdom Keepers, #1)","Ridley Pearson, David Frankland",unknown,UNKNOWN,3.91,18193,6009
6011,What Do You Care What Other People Think?,Richard Feynman,eng,ENG,4.28,14948,6010
6012,Skippy Dies,Paul Murray,eng,ENG,3.72,14619,6011
6013,"The Honor of the Queen (Honor Harrington, #2)",David Weber,unknown,UNKNOWN,4.21,17274,6012
6014,"My Sweet Audrina (Audrina, #1)",V.C. Andrews,unknown,UNKNOWN,3.92,18549,6013
6015,"The Atlantis World (The Origin Mystery, #3)",A.G. Riddle,eng,ENG,3.93,9240,6014
6016,"Embrace (The Violet Eden Chapters, #1)",Jessica Shirvington,eng,ENG,4.01,19343,6015
6017,"Unnatural Death (Lord Peter Wimsey, #3)",Dorothy L. Sayers,eng,ENG,4.11,17742,6016
6018,"Angels in America, Part One: Millennium Approaches",Tony Kushner,en-US,EN-US,4.27,16814,6017
6019,My Best Friend's Girl,Dorothy Koomson,unknown,UNKNOWN,4.02,14811,6018
6020,"Dreaming of You (The Gamblers, #2)",Lisa Kleypas,en-US,EN-US,4.22,24790,6019
6021,Comfort Me with Apples: More Adventures at the Table,Ruth Reichl,eng,ENG,4.02,16021,6020
6022,The Complete Poems,John Keats,eng,ENG,4.24,17101,6021
6023,"Almost Heaven (Sequels, #3)",Judith McNaught,eng,ENG,4.33,19921,6022
6024,Three Day Road,Joseph Boyden,eng,ENG,4.31,14563,6023
6025,Red Harvest,Dashiell Hammett,eng,ENG,4.0,15636,6024
6026,"Trust in Me (Wait for You, #1.5)","J. Lynn, Jennifer L. Armentrout",eng,ENG,4.27,27675,6025
6027,"Naruto, Vol. 11: Impassioned Efforts (Naruto, #11)","Masashi Kishimoto, Frances Wall",eng,ENG,4.5,15214,6026
6028,One Summer,David Baldacci,en-US,EN-US,3.72,16767,6027
6029,"Whitney, My Love (Westmoreland, #2)",Judith McNaught,eng,ENG,4.19,23290,6028
6030,Train to Pakistan,Khushwant Singh,en-US,EN-US,3.85,12439,6029
6031,Jasper Jones,Craig Silvey,eng,ENG,4.06,12680,6030
6032,The Untethered Soul: The Journey Beyond Yourself,Michael A. Singer,unknown,UNKNOWN,4.27,14688,6031
6033,A Brief History of Seven Killings,Marlon James,eng,ENG,3.86,13578,6032
6034,Hold Still,Nina LaCour,en-US,EN-US,3.99,16238,6033
6035,The Prize,Julie Garwood,eng,ENG,4.22,21157,6034
6036,The Middlesteins,Jami Attenberg,eng,ENG,3.42,15075,6035
6037,Capital in the Twenty-First Century,"Thomas Piketty, Arthur Goldhammer",eng,ENG,4.01,13045,6036
6038,Flyboys: A True Story of Courage,James D. Bradley,unknown,UNKNOWN,4.15,14011,6037
6039,Eloise ,"Kay Thompson, Hilary Knight",eng,ENG,4.2,19765,6038
6040,"The Screaming Staircase (Lockwood & Co., #1)",Jonathan Stroud,eng,ENG,4.19,15446,6039
6041,Summer House with Swimming Pool,Herman Koch,eng,ENG,3.39,10230,6040
6042,True History of the Kelly Gang,Peter Carey,en-US,EN-US,3.8,14347,6041
6043,"Get Shorty (Chili Palmer, #1)",Elmore Leonard,eng,ENG,3.95,15747,6042
6044,"One Tiny Lie (Ten Tiny Breaths, #2)",K.A. Tucker,eng,ENG,4.3,27048,6043
6045,The Day of the Locust,"Nathanael West, Alfred Kazin",eng,ENG,3.78,15798,6044
6046,Genius: The Life and Science of Richard Feynman,James Gleick,eng,ENG,4.16,14853,6045
6047,Honolulu,Alan Brennert,unknown,UNKNOWN,4.02,15663,6046
6048,Full Moon Rising (Riley Jenson Guardian #1),Keri Arthur,eng,ENG,3.89,25813,6047
6049,Bridge of Sighs,Richard Russo,unknown,UNKNOWN,3.79,17013,6048
6050,Winter Solstice,Rosamunde Pilcher,eng,ENG,4.15,15426,6049
6051,"United We Spy (Gallagher Girls, #6)",Ally Carter,eng,ENG,4.44,22902,6050
6052,"The Morganville Vampires, Volume 1 (The Morganville Vampires, #1-2)",Rachel Caine,eng,ENG,4.36,17329,6051
6053,"Raven's Gate (The Gatekeepers, #1)",Anthony Horowitz,unknown,UNKNOWN,3.9,18247,6052
6054,Wolf in White Van,John Darnielle,eng,ENG,3.72,14618,6053
6055,Three Comrades,Erich Maria Remarque,eng,ENG,4.48,14321,6054
6056,"Bloody Valentine (Blue Bloods, #5.5)",Melissa de la Cruz,en-US,EN-US,3.98,19903,6055
6057,The Heart of a Woman,Maya Angelou,eng,ENG,4.19,15962,6056
6058,"Chrzest ognia (Saga o Wiedźminie, #5)",Andrzej Sapkowski,pol,POL,4.36,10840,6057
6059,"Alex Cross's Trial (Alex Cross, #15)","James Patterson, Richard DiLallo",eng,ENG,3.92,17655,6058
6060,Sway: The Irresistible Pull of Irrational Behavior,"Ori Brafman, Rom Brafman",en-US,EN-US,3.75,14464,6059
6061,King of the Wind: The Story of the Godolphin Arabian,"Marguerite Henry, Wesley Dennis",eng,ENG,4.19,20089,6060
6062,Waking Up: A Guide to Spirituality Without Religion,Sam Harris,eng,ENG,3.87,13778,6061
6063,"The Call of the Wild, White Fang and Other Stories",Jack London,eng,ENG,3.97,16717,6062
6064,The Rape of Nanking,Iris Chang,eng,ENG,4.08,16875,6063
6065,Why Evolution Is True,Jerry A. Coyne,unknown,UNKNOWN,4.15,14637,6064
6066,Brokeback Mountain,Annie Proulx,en-US,EN-US,3.93,19871,6065
6067,"Nobody's Baby But Mine (Chicago Stars, #3)",Susan Elizabeth Phillips,eng,ENG,4.06,26468,6066
6068,Keep Quiet,Lisa Scottoline,eng,ENG,3.76,13556,6067
6069,Sons of Fortune,Jeffrey Archer,eng,ENG,3.83,13731,6068
6070,The Solitaire Mystery: A Novel About Family and Destiny,"Jostein Gaarder, Sarah Jane Hails",eng,ENG,4.16,11085,6069
6071,You Are a Badass: How to Stop Doubting Your Greatness and Start Living an Awesome Life,Jen Sincero,unknown,UNKNOWN,4.04,28346,6070
6072,Rumour Has It,Jill Mansell,eng,ENG,3.83,15669,6071
6073,Dragon Tears,Dean Koontz,unknown,UNKNOWN,3.72,17573,6072
6074,Surface Detail (Culture #9),Iain M. Banks,eng,ENG,4.22,15651,6073
6075,"The Mating  (Law of the Lycans, #2)",Nicky Charles,eng,ENG,4.02,20109,6074
6076,"The Gates of Rome (Emperor, #1)",Conn Iggulden,eng,ENG,4.16,14370,6075
6077,"Rat Queens, Vol. 1: Sass & Sorcery","Kurtis J. Wiebe, Roc Upchurch",eng,ENG,4.2,24959,6076
6078,"Curtain (Hercule Poirot, #39)",Agatha Christie,eng,ENG,4.05,18358,6077
6079,"Grass for His Pillow (Tales of the Otori, #2)",Lian Hearn,unknown,UNKNOWN,4.01,15140,6078
6080,"Swallowing Darkness (Merry Gentry, #7)",Laurell K. Hamilton,en-US,EN-US,4.13,23079,6079
6081,"The Fixed Trilogy (Fixed, #1-3)",Laurelin Paige,eng,ENG,4.35,17396,6080
6082,California,Edan Lepucki,eng,ENG,3.22,14870,6081
6083,Guards! Guards!: The Play,"Stephen Briggs, Terry Pratchett",en-GB,EN-GB,4.35,15096,6082
6084,The Pigeon Finds a Hot Dog!,Mo Willems,en-US,EN-US,4.35,20510,6083
6085,"Aftermath (Star Wars: Aftermath, #1)",Chuck Wendig,eng,ENG,3.15,11207,6084
6086,"Vampireville (Vampire Kisses, #3)",Ellen Schreiber,en-GB,EN-GB,3.92,21676,6085
6087,"Hercule Poirot's Christmas (Hercule Poirot, #20)",Agatha Christie,eng,ENG,3.9,17971,6086
6088,Mrs. Lincoln's Dressmaker,Jennifer Chiaverini,eng,ENG,3.41,16366,6087
6089,الرحيق المختوم,Safiy al-Rahman al-Mubarakfuri,ara,ARA,4.57,10558,6088
6090,The Baker's Daughter,Sarah McCoy,eng,ENG,3.94,12752,6089
6091,"The Shadows (Black Dagger Brotherhood, #13)",J.R. Ward,en-US,EN-US,4.29,20668,6090
6092,Little Red Riding Hood,"Trina Schart Hyman, Johann Grimm, Wilhelm Grimm",eng,ENG,4.11,19224,6091
6093,"Captain Underpants and the Attack of the Talking Toilets (Captain Underpants, #2)",Dav Pilkey,en-GB,EN-GB,3.99,25873,6092
6094,Ghost Boy,"Martin Pistorius, Megan Lloyd Davies",eng,ENG,3.96,10303,6093
6095,Essentialism: The Disciplined Pursuit of Less,Greg McKeown,eng,ENG,3.99,16137,6094
6096,"Wideacre  (The Wideacre Trilogy, #1)",Philippa Gregory,eng,ENG,3.28,17469,6095
6097,The Magic Finger (Young Puffin Developing Reader),"Roald Dahl, Quentin Blake",eng,ENG,3.66,19018,6096
6098,"If I Were You (Inside Out, #1)",Lisa Renee Jones,eng,ENG,4.14,21313,6097
6099,"Beautifully Damaged (Beautifully Damaged, #1)",L.A. Fiore,eng,ENG,3.99,21543,6098
6100,"Wethering the Storm (The Storm, #2)",Samantha Towle,eng,ENG,4.33,26962,6099
6101,Meditations on First Philosophy,"René Descartes, Donald A. Cress",eng,ENG,3.69,14811,6100
6102,"The Enchanted Wood (The Faraway Tree, #1)",Enid Blyton,eng,ENG,4.24,16470,6101
6103,"Forever Black (Forever, #1)",Sandi Lynn,eng,ENG,3.99,27102,6102
6104,Daisy Miller,Henry James,unknown,UNKNOWN,3.36,17118,6103
6105,Arcadia,Lauren Groff,eng,ENG,3.65,14622,6104
6106,Pat the Bunny,Dorothy Kunhardt,unknown,UNKNOWN,4.06,19187,6105
6107,The Swans of Fifth Avenue,Melanie Benjamin,eng,ENG,3.58,13735,6106
6108,"Cardcaptor Sakura, Vol. 1 (Cardcaptor Sakura, #1)","CLAMP, Maria Simpson",eng,ENG,4.3,17547,6107
6109,"Size 14 Is Not Fat Either (Heather Wells, #2)",Meg Cabot,eng,ENG,3.83,24045,6108
6110,The Pioneer Woman Cooks: Food from My Frontier ,Ree Drummond,eng,ENG,4.31,19153,6109
6111,"Defiance (Significance, #3)",Shelly Crane,eng,ENG,4.31,22767,6110
6112,Gorillas in the Mist,Dian Fossey,en-US,EN-US,4.16,16551,6111
6113,A Case of Need,"Jeffery Hudson, Michael Crichton",en-US,EN-US,3.6,14109,6112
6114,The Love Affairs of Nathaniel P.,Adelle Waldman,en-CA,EN-CA,3.3,12598,6113
6115,"Revealed (House of Night, #11)","P.C. Cast, Kristin Cast",eng,ENG,3.81,17282,6114
6116,We're All Damaged,Matthew Norman,eng,ENG,3.85,16377,6115
6117,"Sworn to Silence (Kate Burkholder, #1)",Linda Castillo,eng,ENG,4.0,17862,6116
6118,"Magic Breaks (Kate Daniels, #7)",Ilona Andrews,eng,ENG,4.52,22583,6117
6119,The Seagull,"Anton Chekhov, Michael Frayn",eng,ENG,3.92,15997,6118
6120,"1Q84 BOOK 3 (1Q84, #3)","Haruki Murakami, 村上 春樹",jpn,JPN,3.86,10317,6119
6121,"Boy Meets Girl (Boy, #2)",Meg Cabot,eng,ENG,3.82,21851,6120
6122,"Dancing in My Nuddy-Pants (Confessions of Georgia Nicolson, #4)",Louise Rennison,eng,ENG,4.01,18451,6121
6123,The Door Into Summer,Robert A. Heinlein,eng,ENG,4.0,15298,6122
6124,Luna,Julie Anne Peters,en-US,EN-US,3.86,17859,6123
6125,Runaway,Alice Munro,eng,ENG,3.98,13389,6124
6126,"Matter (Culture, #8)",Iain M. Banks,eng,ENG,4.03,15438,6125
6127,Leo,Mia Sheridan,eng,ENG,4.06,24793,6126
6128,Maurice,E.M. Forster,eng,ENG,4.02,16301,6127
6129,"New York to Dallas (In Death, #33)","J.D. Robb, Susan Ericksen",eng,ENG,4.42,17108,6128
6130,The Stepford Wives,Ira Levin,eng,ENG,3.71,17382,6129
6131,The Longest Day,Cornelius Ryan,eng,ENG,4.31,14949,6130
6132,Motor Mouth (Alex Barnaby #2),Janet Evanovich,en-US,EN-US,3.66,20983,6131
6133,"The Reality Bug (Pendragon, #4)",D.J. MacHale,eng,ENG,4.15,19049,6132
6134,True Blue,David Baldacci,eng,ENG,3.84,15757,6133
6135,"Mistress of the Empire (The Empire Trilogy, #3)","Raymond E. Feist, Janny Wurts",en-US,EN-US,4.29,18392,6134
6136,Defiance (Defiance #1),C.J. Redwine,eng,ENG,3.69,22745,6135
6137,"Winter Street (Winter, #1)",Elin Hilderbrand,eng,ENG,3.67,14411,6136
6138,The Hidden Staircase (Nancy Drew #2),"Carolyn Keene, Mildred Benson",en-US,EN-US,3.94,24872,6137
6139,Captains and the Kings,Taylor Caldwell,eng,ENG,4.11,14980,6138
6140,"The Fallen Angel (Gabriel Allon, #12)",Daniel Silva,eng,ENG,4.17,13939,6139
6141,"Harry Potter and the Order of the Phoenix (Harry Potter, #5, Part 1)",J.K. Rowling,unknown,UNKNOWN,4.56,16249,6140
6142,"One Tuesday Morning (9/11, #1)",Karen Kingsbury,eng,ENG,4.41,14904,6141
6143,"Hit List (Anita Blake, Vampire Hunter #20)",Laurell K. Hamilton,eng,ENG,3.92,21516,6142
6144,Interesting Times: The Play,"Stephen Briggs, Terry Pratchett",eng,ENG,4.1,19216,6143
6145,The Wall of Winnipeg and Me,Mariana Zapata,eng,ENG,4.34,29197,6144
6146,Let Me Call You Sweetheart,Mary Higgins Clark,eng,ENG,3.84,17472,6145
6147,The Onion Field,Joseph Wambaugh,unknown,UNKNOWN,4.13,15558,6146
6148,"Break No Bones (Temperance Brennan, #9)",Kathy Reichs,en-US,EN-US,3.95,19413,6147
6149,"The Willpower Instinct: How Self-Control Works, Why It Matters, and What You Can Do to Get More of It",Kelly McGonigal,eng,ENG,4.11,15318,6148
6150,"Broken Angels (Takeshi Kovacs, #2)",Richard K. Morgan,eng,ENG,4.0,15544,6149
6151,"Beyond Reach (Grant County, #6)",Karin Slaughter,eng,ENG,4.19,15359,6150
6152,Fuzzy Nation,John Scalzi,en-US,EN-US,4.1,17114,6151
6153,"I is for Innocent (Kinsey Millhone, #9)",Sue Grafton,en-US,EN-US,3.9,21756,6152
6154,V.,Thomas Pynchon,fre,FRE,3.97,13485,6153
6155,Heart of Darkness and Selected Short Fiction,"Joseph Conrad, A. Michael Matin",en-US,EN-US,3.75,18873,6154
6156,Why I Am Not a Christian and Other Essays on Religion and Related Subjects,"Bertrand Russell, Paul  Edwards",eng,ENG,4.03,13678,6155
6157,The Art of Travel,Alain de Botton,unknown,UNKNOWN,3.81,13100,6156
6158,"The Summer Garden (The Bronze Horseman, #3)",Paullina Simons,eng,ENG,4.13,15737,6157
6159,"Cross Justice (Alex Cross, #23)",James Patterson,unknown,UNKNOWN,4.22,8634,6158
6160,عقاید یک دلقک,"Heinrich Böll, محمد اسماعیل‌زاده",per,PER,4.05,4225,6159
6161,The Weight of Blood,Laura McHugh,eng,ENG,3.73,15533,6160
6162,"When He was Wicked (Bridgertons, #6)",Julia Quinn,eng,ENG,4.03,24085,6161
6163,"V is for Vengeance (Kinsey Millhone, #22)",Sue Grafton,en-US,EN-US,3.93,18402,6162
6164,"Among the Betrayed (Shadow Children, #3)",Margaret Peterson Haddix,en-US,EN-US,4.06,19964,6163
6165,"Spook Country (Blue Ant, #2)",William Gibson,en-US,EN-US,3.66,14855,6164
6166,The I Ching or Book of Changes,"Anonymous, Richard Wilhelm, Cary F. Baynes, C.G. Jung",eng,ENG,4.18,12781,6165
6167,"The 39 Steps (Richard Hannay, #1)",John Buchan,unknown,UNKNOWN,3.6,12704,6166
6168,Blue Nights,Joan Didion,eng,ENG,3.75,15852,6167
6169,"Blindsight (Firefall, #1)",Peter Watts,eng,ENG,3.99,14583,6168
6170,Paddle Your Own Canoe: One Man's Fundamentals for Delicious Living,Nick Offerman,eng,ENG,3.64,13627,6169
6171,"American Vampire, Vol. 1","Scott Snyder, Stephen King, Rafael Albuquerque",eng,ENG,3.98,17578,6170
6172,"Heat Lightning (Virgil Flowers, #2)",John Sandford,eng,ENG,4.16,16507,6171
6173,Democracy in America ,"Alexis de Tocqueville, Isaac Kramnick, Gerald Bevan",eng,ENG,3.99,15917,6172
6174,Drop Shot (Myron Bolitar #2),Harlan Coben,eng,ENG,3.92,17128,6173
6175,"The Lake of Souls (Cirque Du Freak, #10)",Darren Shan,unknown,UNKNOWN,4.19,16803,6174
6176,"Find You in the Dark (Find You in the Dark, #1)",A. Meredith Walters,eng,ENG,3.98,24615,6175
6177,The School of Essential Ingredients,Erica Bauermeister,en-US,EN-US,3.78,16853,6176
6178,"Intuition (The Premonition, #2)",Amy A. Bartol,en-US,EN-US,4.29,18472,6177
6179,Azincourt,Bernard Cornwell,en-GB,EN-GB,4.11,14098,6178
6180,Paddy Clarke Ha Ha Ha,Roddy Doyle,unknown,UNKNOWN,3.75,15044,6179
6181,Dinner at the Homesick Restaurant,Anne Tyler,eng,ENG,3.82,17203,6180
6182,"Heaven (Casteel, #1)",V.C. Andrews,eng,ENG,4.01,17289,6181
6183,"Charlie Bone and the Hidden King (The Children of the Red King, #5)",Jenny Nimmo,unknown,UNKNOWN,3.98,18899,6182
6184,Money,Martin Amis,en-GB,EN-GB,3.71,14703,6183
6185,"Secret Prey (Lucas Davenport, #9)",John Sandford,en-GB,EN-GB,4.25,16964,6184
6186,The Complete Clive Barker's The Great And Secret Show,"Chris Ryall, Gabriel Rodríguez, Clive Barker",eng,ENG,4.21,15599,6185
6187,His Last Bow: 8 Stories,Arthur Conan Doyle,eng,ENG,4.27,20057,6186
6188,House Atreides (Prelude to Dune #1),"Brian Herbert, Kevin J. Anderson",eng,ENG,3.69,16739,6187
6189,"Charmed Life (Chrestomanci, #1)",Diana Wynne Jones,eng,ENG,3.95,21896,6188
6190,The Pickwick Papers,Charles Dickens,eng,ENG,3.82,17080,6189
6191,Netherland,Joseph O'Neill,eng,ENG,3.4,13314,6190
6192,The Romanov Prophecy,Steve Berry,eng,ENG,3.9,17052,6191
6193,Ecstasy Unveiled (Demonica #4),Larissa Ione,eng,ENG,4.36,23366,6192
6194,The Uncommon Reader,Alan Bennett,eng,ENG,3.82,16957,6193
6195,Amerika,"Franz Kafka, بهرام مقدادی",eng,ENG,3.73,14500,6194
6196,"30 Days of Night, Vol. 1","Steve Niles, Ben Templesmith",unknown,UNKNOWN,3.81,15532,6195
6197,"Sunset (Warriors: The New Prophecy, #6)",Erin Hunter,en-US,EN-US,4.35,20148,6196
6198,النبطي,"يوسف زيدان, Youssef Ziedan",ara,ARA,3.43,11218,6197
6199,When She Woke,Hillary Jordan,eng,ENG,3.67,19553,6198
6200,The Naked Face,Sidney Sheldon,eng,ENG,3.51,13862,6199
6201,"Princess in Training (The Princess Diaries, #6)",Meg Cabot,unknown,UNKNOWN,3.7,23199,6200
6202,The Portable Atheist: Essential Readings for the Nonbeliever,"Christopher Hitchens, Titus Lucretius Carus, Omar Khayyám, Thomas Hobbes, Baruch Spinoza, David Hume, James Boswell, Percy Bysshe Shelley, George Eliot, Charles Darwin, Leslie Stephen, Anatole France, Mark Twain, Joseph Conrad, Thomas Hardy, Emma Goldman, H.P. Lovecraft, Carl Van Doren, H.L. Mencken, Sigmund Freud, Albert Einstein, George Orwell, John Betjeman, Chapman Cohen, Bertrand Russell, Philip Larkin, Martin Gardner, Carl Sagan, John Updike, John Leslie Mackie, Michael Shermer, A.J. Ayer, Daniel C. Dennett, Charles Templeton, Richard Dawkins, Victor J. Stenger, Elizabeth S.  Anderson, Penn Jillette, Ian McEwan, Steven Weinberg, Salman Rushdie, Ibn Warraq, Sam Harris, A.C. Grayling, Ayaan Hirsi Ali, John Stuart Mill, Karl Marx",eng,ENG,4.02,14209,6201
6203,Sin Undone (Demonica #5),Larissa Ione,eng,ENG,4.35,22815,6202
6204,The Tao of Physics: An Exploration of the Parallels between Modern Physics and Eastern Mysticism,Fritjof Capra,eng,ENG,3.96,12576,6203
6205,"Unbeautifully (Undeniable, #2)",Madeline Sheehan,eng,ENG,4.38,26701,6204
6206,The Girl With No Past,Kathryn Croft,en-US,EN-US,3.59,15572,6205
6207,"Acceptance (Southern Reach, #3)",Jeff VanderMeer,eng,ENG,3.58,13765,6206
6208,"Lady Luck (Colorado Mountain, #3)",Kristen Ashley,eng,ENG,4.44,28620,6207
6209,"The Lonely Hearts Club (The Lonely Hearts Club, #1)",Elizabeth Eulberg,eng,ENG,3.83,18208,6208
6210,"Ransom (Highlands' Lairds, #2)",Julie Garwood,en-US,EN-US,4.33,22116,6209
6211,"The Big Four (Hercule Poirot, #5)",Agatha Christie,eng,ENG,3.6,17820,6210
6212,"Peril at End House (Hercule Poirot, #8)",Agatha Christie,eng,ENG,3.89,19463,6211
6213,Disclaimer,Renée Knight,eng,ENG,3.58,11329,6212
6214,"The Divergent Series 2-Book Collection (Divergent, #1-2)",Veronica Roth,eng,ENG,4.56,12490,6213
6215,The Prague Cemetery,"Umberto Eco, Richard Dixon",en-US,EN-US,3.39,11974,6214
6216,Beatrice and Virgil,Yann Martel,eng,ENG,3.13,15076,6215
6217,"Shaman King, Vol. 1: A Shaman in Tokyo",Hiroyuki Takei,eng,ENG,4.14,14043,6216
6218,"From the Two Rivers: The Eye of the World, Part 1 (Wheel of time, #1-1)",Robert Jordan,eng,ENG,4.26,13686,6217
6219,Hyperspace,Michio Kaku,eng,ENG,4.11,13941,6218
6220,How the Mind Works,Steven Pinker,eng,ENG,3.97,13516,6219
6221,"A Castle of Sand (A Shade of Vampire, #3)",Bella Forrest,eng,ENG,4.1,18998,6220
6222,"Leaving (Bailey Flanigan, #1)",Karen Kingsbury,en-US,EN-US,4.22,13616,6221
6223,"Live and Let Die (James Bond, #2)",Ian Fleming,eng,ENG,3.62,14230,6222
6224,The World of the Hunger Games (Hunger Games Trilogy),Kate Egan,en-US,EN-US,4.48,15060,6223
6225,Utilitarianism,"John Stuart Mill, George Sher",eng,ENG,3.65,14699,6224
6226,"Winger (Winger, #1)",Andrew  Smith,eng,ENG,4.08,18596,6225
6227,The Magic Strings of Frankie Presto,Mitch Albom,eng,ENG,4.32,15701,6226
6228,"Fool's Quest  (The Fitz and The Fool, #2)",Robin Hobb,eng,ENG,4.53,12374,6227
6229,Invasion of the Body Snatchers,Jack Finney,eng,ENG,3.88,14700,6228
6230,Smack,Melvin Burgess,en-US,EN-US,3.87,11971,6229
6231,Killing Patton: The Strange Death of World War II's Most Audacious General,"Bill O'Reilly, Martin Dugard",eng,ENG,4.08,13706,6230
6232,The Devotion of Suspect X,"Keigo Higashino, Alexander O. Smith",unknown,UNKNOWN,4.05,12336,6231
6233,"Charlie Bone and the Time Twister (The Children of the Red King, #2)",Jenny Nimmo,unknown,UNKNOWN,3.88,18374,6232
6234,Porno,Irvine Welsh,unknown,UNKNOWN,3.78,13049,6233
6235,"Charlie Bone and the Invisible Boy (The Children of the Red King, #3)",Jenny Nimmo,eng,ENG,3.89,19080,6234
6236,"First Shift: Legacy (Shift, #1)",Hugh Howey,eng,ENG,4.21,15136,6235
6237,"Worst Case (Michael Bennett, #3)","James Patterson, Michael Ledwidge",eng,ENG,4.0,16461,6236
6238,The Unlikely Spy,Daniel Silva,eng,ENG,4.22,14928,6237
6239,"Royal Blood (Vampire Kisses, #6)",Ellen Schreiber,eng,ENG,4.09,20049,6238
6240,"Conversations With God: An Uncommon Dialogue, Book 3",Neale Donald Walsch,eng,ENG,4.18,12301,6239
6241,M Train,Patti Smith,eng,ENG,3.94,15634,6240
6242,Love Medicine,Louise Erdrich,en-US,EN-US,3.98,15351,6241
6243,"The Inner Circle (Culper Ring, #1)",Brad Meltzer,eng,ENG,3.76,14706,6242
6244,"Dragon Slippers (Dragon Slippers, #1)",Jessica Day George,en-US,EN-US,4.22,20916,6243
6245,The Princess Diarist,Carrie Fisher,eng,ENG,3.66,18655,6244
6246,"The Crippled God (The Malazan Book of the Fallen, #10)",Steven Erikson,eng,ENG,4.44,14472,6245
6247,"Tales from a Not-So-Graceful Ice Princess (Dork Diaries, #4)",Rachel Renée Russell,unknown,UNKNOWN,4.38,13618,6246
6248,"Gone (Wake, #3)",Lisa McMann,eng,ENG,3.72,24393,6247
6249,Pride of Baghdad,"Brian K. Vaughan, Niko Henrichon",eng,ENG,3.88,17203,6248
6250,Soumission,Michel Houellebecq,fre,FRE,3.63,6967,6249
6251,Eiger Dreams: Ventures Among Men and Mountains,Jon Krakauer,unknown,UNKNOWN,3.97,14010,6250
6252,"Woken Furies (Takeshi Kovacs, #3)",Richard K. Morgan,eng,ENG,4.1,14540,6251
6253,"Scion of Ikshvaku (RamChandra, #1)",Amish Tripathi,eng,ENG,3.69,12458,6252
6254,"Blameless (Parasol Protectorate, #3)",Gail Carriger,eng,ENG,4.01,26921,6253
6255,Belly Laughs: The Naked Truth About Pregnancy and Childbirth,Jenny McCarthy,unknown,UNKNOWN,3.72,12382,6254
6256,Imajica,Clive Barker,eng,ENG,4.16,15600,6255
6257,On Writing Well: The Classic Guide to Writing Nonfiction,William Zinsser,eng,ENG,4.23,14564,6256
6258,I'm OK - You're OK,Thomas A. Harris,en-US,EN-US,3.7,12756,6257
6259,The Sicilian,Mario Puzo,eng,ENG,3.94,13800,6258
6260,"Fire Touched (Mercy Thompson, #9)",Patricia Briggs,eng,ENG,4.35,18123,6259
6261,The Copper Beech,Maeve Binchy,eng,ENG,3.89,16931,6260
6262,Frosty the Snow Man,"Jane Werner Watson, Corinne Malvern",unknown,UNKNOWN,4.25,16375,6261
6263,"The Compound (The Compound, #1)",S.A. Bodeen,en-US,EN-US,3.87,17687,6262
6264,The Covenant,James A. Michener,en-GB,EN-GB,4.17,15610,6263
6265,L'Écume des jours,Boris Vian,fre,FRE,4.02,13580,6264
6266,"The Pledge (The Pledge, #1)",Kimberly Derting,eng,ENG,3.8,25322,6265
6267,The Villa,Nora Roberts,en-US,EN-US,3.94,20328,6266
6268,"Beautiful Broken Rules (Broken, #1)",Kimberly Lauren,eng,ENG,4.15,20457,6267
6269,"Dark Desire (Dark, #2)",Christine Feehan,en-US,EN-US,4.2,21606,6268
6270,"Fragments (Partials Sequence, #2)",Dan Wells,eng,ENG,4.12,19108,6269
6271,"A Rogue by Any Other Name (The Rules of Scoundrels, #1)",Sarah MacLean,eng,ENG,3.95,21565,6270
6272,Being and Time,Martin Heidegger,eng,ENG,3.99,14383,6271
6273,In Our Time,Ernest Hemingway,unknown,UNKNOWN,3.8,14912,6272
6274,Savage Inequalities: Children in America's Schools,Jonathan Kozol,en-US,EN-US,4.23,13743,6273
6275,"The Enemy (The Enemy, #1)",Charlie Higson,eng,ENG,4.08,12531,6274
6276,As the Crow Flies,Jeffrey Archer,unknown,UNKNOWN,4.05,14415,6275
6277,"The Empty Chair (Lincoln Rhyme, #3)",Jeffery Deaver,en-US,EN-US,4.06,16751,6276
6278,Jamaica Inn,Daphne du Maurier,eng,ENG,3.85,8392,6277
6279,"Airborn (Matt Cruse, #1)",Kenneth Oppel,eng,ENG,4.16,18717,6278
6280,The Other,Thomas Tryon,eng,ENG,3.99,15719,6279
6281,"The English Spy (Gabriel Allon, #15)",Daniel Silva,eng,ENG,4.16,7983,6280
6282,"Wildwood (Wildwood Chronicles, #1)","Colin Meloy, Carson Ellis",eng,ENG,3.63,18770,6281
6283,The Cement Garden,Ian McEwan,eng,ENG,3.57,14418,6282
6284,"Serpent Mage (The Death Gate Cycle, #4)","Margaret Weis, Tracy Hickman",eng,ENG,4.06,17270,6283
6285,Born on a Blue Day: Inside the Extraordinary Mind of an Autistic Savant,Daniel Tammet,en-US,EN-US,3.84,14287,6284
6286,"The Bet (The Bet, #1)",Rachel Van Dyken,eng,ENG,3.85,26437,6285
6287,Little Princes: One Man's Promise to Bring Home the Lost Children of Nepal,Conor Grennan,en-US,EN-US,4.25,14765,6286
6288,The Descendants,Kaui Hart Hemmings,unknown,UNKNOWN,3.82,14124,6287
6289,Too Late,Colleen Hoover,eng,ENG,4.03,15113,6288
6290,"Kitchen Princess, Vol. 01 (Kitchen Princess, #1)","Natsumi Ando, Miyuki Kobayashi",en-US,EN-US,4.16,16281,6289
6291,Lust for Life,Irving Stone,eng,ENG,4.19,13082,6290
6292,"Skinwalker (Jane Yellowrock, #1)",Faith Hunter,en-US,EN-US,3.89,23233,6291
6293,Hissy Fit,Mary Kay Andrews,en-GB,EN-GB,3.96,16406,6292
6294,Private Games (Private #3),"James Patterson, Mark T. Sullivan",eng,ENG,3.83,14358,6293
6295,"The Cold Dish (Walt Longmire, #1)",Craig Johnson,eng,ENG,4.14,14491,6294
6296,Crown Duel (Crown & Court #1-2),Sherwood Smith,unknown,UNKNOWN,4.19,19546,6295
6297,Pinkalicious,"Victoria Kann, Elizabeth Kann",en-US,EN-US,4.05,16585,6296
6298,The Poetry of Pablo Neruda,"Pablo Neruda, Ilan Stavans",en-US,EN-US,4.44,14596,6297
6299,Falling Angels,Tracy Chevalier,eng,ENG,3.55,18465,6298
6300,Sleeping Arrangements,Madeleine Wickham,eng,ENG,3.24,15689,6299
6301,"Ashes (Ashes Trilogy, #1)",Ilsa J. Bick,eng,ENG,3.94,19532,6300
6302,Lady Susan,"Jane Austen, Robert William Chapman",eng,ENG,3.56,17003,6301
6303,"Sweet Home (Sweet Home, #1)",Tillie Cole,eng,ENG,4.05,28658,6302
6304,Remember Me,Mary Higgins Clark,unknown,UNKNOWN,3.91,16963,6303
6305,The Silver Palate Cookbook,"Julee Rosso, Sheila Lukins, Michael McLaughlin",unknown,UNKNOWN,4.06,15267,6304
6306,Memories of Midnight,Sidney Sheldon,eng,ENG,3.68,14196,6305
6307,The Bone People,Keri Hulme,en-US,EN-US,4.06,15110,6306
6308,"Wolf Brother (Chronicles of Ancient Darkness, #1)","Michelle Paver, Geoff Taylor",en-US,EN-US,4.15,15673,6307
6309,"The Crimson Campaign (Powder Mage, #2)",Brian  McClellan,eng,ENG,4.35,14292,6308
6310,The Universe Versus Alex Woods,Gavin Extence,eng,ENG,4.08,12573,6309
6311,"Stormy, Misty's Foal (Misty, #3)",Marguerite Henry,eng,ENG,4.06,17412,6310
6312,"Bakuman, Band 1: Traum und Realität","Tsugumi Ohba, Takeshi Obata, Diana Hammermeister",ger,GER,4.18,14391,6311
6313,"Heaven, Texas (Chicago Stars, #2)",Susan Elizabeth Phillips,en-US,EN-US,4.08,23857,6312
6314,"The Murder on the Links (Hercule Poirot, #2)",Agatha Christie,eng,ENG,3.8,18834,6313
6315,High-Rise,J.G. Ballard,unknown,UNKNOWN,3.68,9054,6314
6316,The Anti-Christ,"Friedrich Nietzsche, H.L. Mencken",eng,ENG,3.91,10332,6315
6317,The Looming Tower: Al-Qaeda and the Road to 9/11,Lawrence Wright,en-US,EN-US,4.38,12737,6316
6318,The Cat Who Walks Through Walls (The World As Myth),Robert A. Heinlein,en-US,EN-US,3.7,17892,6317
6319,Shattered,"K.R. Dwyer, Dean Koontz",eng,ENG,3.87,17224,6318
6320,Hollywood,Charles Bukowski,unknown,UNKNOWN,3.78,12923,6319
6321,"Dexter By Design (Dexter, #4)",Jeff Lindsay,en-GB,EN-GB,3.72,16086,6320
6322,A Son of the Circus,John Irving,unknown,UNKNOWN,3.61,14878,6321
6323,Apt Pupil,Stephen King,eng,ENG,3.83,17198,6322
6324,"Morning, Noon & Night",Sidney Sheldon,eng,ENG,3.62,12679,6323
6325,"Memory in Death (In Death, #22)",J.D. Robb,eng,ENG,4.31,19613,6324
6326,The Waves,Virginia Woolf,en-US,EN-US,4.14,15965,6325
6327,The Nine: Inside the Secret World of the Supreme Court,Jeffrey Toobin,en-US,EN-US,4.06,12426,6326
6328,The Violets of March,Sarah Jio,en-US,EN-US,3.8,17379,6327
6329,Please Look After Mom,"Kyung-Sook Shin, 신경숙, Chi-Young Kim",eng,ENG,3.76,12130,6328
6330,"The Shining Ones (The Tamuli, #2)",David Eddings,unknown,UNKNOWN,3.95,19083,6329
6331,House of M,"Brian Michael Bendis, Olivier Coipel, Tim Townsend, Rick Magyar, John Dell, Scott Hanna, Frank D'Armata, Chris Eliopoulos, James Taveras, Omar Otieku, Tom Valente, Esad Ribic",eng,ENG,3.97,14960,6330
6332,"Tenth Grade Bleeds (The Chronicles of Vladimir Tod, #3)",Heather Brewer,en-US,EN-US,4.24,17579,6331
6333,Trinity,Leon Uris,unknown,UNKNOWN,4.23,16056,6332
6334,The Cat in the Hat Comes Back,Dr. Seuss,en-US,EN-US,3.83,22229,6333
6335,Oscar and Lucinda,Peter Carey,eng,ENG,3.72,15139,6334
6336,"The Good Husband of Zebra Drive (No. 1 Ladies' Detective Agency, #8)",Alexander McCall Smith,en-US,EN-US,4.06,18329,6335
6337,Up from Slavery,"Booker T. Washington, Ishmael Reed",eng,ENG,4.09,15038,6336
6338,"The Secret Servant (Gabriel Allon, #7)",Daniel Silva,eng,ENG,4.25,14335,6337
6339,"Hearts in Darkness (Hearts in Darkness, #1)",Laura Kaye,eng,ENG,3.86,20939,6338
6340,"Shards of Honour  (Vorkosigan Saga, #1)",Lois McMaster Bujold,eng,ENG,4.13,16756,6339
6341,"Asterix the Gaul (Asterix, #1)","René Goscinny, Albert Uderzo, Anthea Bell, Derek Hockridge",eng,ENG,4.18,16011,6340
6342,"A Light in the Window (Mitford Years, #2)",Jan Karon,unknown,UNKNOWN,4.23,17083,6341
6343,"The Forever of Ella and Micha (The Secret, #2)",Jessica Sorensen,eng,ENG,4.1,24776,6342
6344,"Say Goodbye (Quincy & Rainie, #6)",Lisa Gardner,eng,ENG,4.12,16057,6343
6345,Scuffy the Tugboat (Big Little Golden Book),Gertrude Crampton,unknown,UNKNOWN,4.11,17186,6344
6346,"Dawn (Warriors: The New Prophecy, #3)",Erin Hunter,en-US,EN-US,4.31,19824,6345
6347,Just Me and My Dad (Little Critter),Mercer Mayer,en-US,EN-US,4.19,16315,6346
6348,All I Really Need to Know I Learned in Kindergarten,Robert Fulghum,eng,ENG,4.03,15816,6347
6349,Temple,Matthew Reilly,eng,ENG,4.04,14961,6348
6350,"Peter and the Secret of Rundoon (Peter and the Starcatchers, #3)","Dave Barry, Ridley Pearson, Greg Call",en-US,EN-US,4.16,18570,6349
6351,Holy Cow: An Indian Adventure,Sarah Macdonald,eng,ENG,3.51,13627,6350
6352,"Last to Die (Rizzoli & Isles, #10)",Tess Gerritsen,unknown,UNKNOWN,4.1,16036,6351
6353,Kraken,China Miéville,unknown,UNKNOWN,3.6,16078,6352
6354,The Wall,Jean-Paul Sartre,eng,ENG,4.07,12180,6353
6355,The House We Grew Up In,Lisa Jewell,eng,ENG,3.88,11546,6354
6356,"A Dance with Dragons: Dreams and Dust (A Song of Ice and Fire #5, Part 1 of 2)",George R.R. Martin,en-GB,EN-GB,4.32,11636,6355
6357,"Full Black (Scot Harvath, #10)",Brad Thor,en-US,EN-US,4.26,13240,6356
6358,The Sisterhood,Helen Bryan,en,EN,3.75,7967,6357
6359,"Five on a Treasure Island (Famous Five, #1)",Enid Blyton,eng,ENG,4.06,15877,6358
6360,Summer People,Elin Hilderbrand,eng,ENG,3.93,14369,6359
6361,There's Treasure Everywhere: A Calvin and Hobbes Collection,Bill Watterson,eng,ENG,4.74,16766,6360
6362,"Boys Over Flowers: Hana Yori Dango, Vol. 1 (Boys Over Flowers, #1)","Yoko Kamio, 神尾葉子",eng,ENG,4.12,14295,6361
6363,"In the Plex: How Google Thinks, Works, and Shapes Our Lives",Steven Levy,en-US,EN-US,3.83,18464,6362
6364,When We Were Orphans,Kazuo Ishiguro,eng,ENG,3.45,13886,6363
6365,"Price of a Kiss (Forbidden Men, #1)",Linda Kage,eng,ENG,4.1,25625,6364
6366,Stitches,David Small,eng,ENG,4.03,17589,6365
6367,The Last Nude,Ellis Avery,en-US,EN-US,3.77,13280,6366
6368,"Daja's Book (Circle of Magic, #3)",Tamora Pierce,eng,ENG,4.06,22695,6367
6369,"All the Weyrs of Pern (Pern, #11)",Anne McCaffrey,eng,ENG,4.15,18265,6368
6370,"Beautiful Sacrifice (The Maddox Brothers, #3)",Jamie McGuire,eng,ENG,4.08,21020,6369
6371,"Black Powder War (Temeraire, #3)",Naomi Novik,en-US,EN-US,3.9,18778,6370
6372,"Heartbreaker (Buchanan-Renard, #1)",Julie Garwood,en-US,EN-US,4.02,19000,6371
6373,David Goes To School,David Shannon,eng,ENG,4.16,15654,6372
6374,"Briar's Book (Circle of Magic, #4)",Tamora Pierce,eng,ENG,4.14,23152,6373
6375,"The First Man in Rome (Masters of Rome, #1)",Colleen McCullough,eng,ENG,4.08,15362,6374
6376,"Every Dead Thing (Charlie Parker, #1)",John Connolly,eng,ENG,4.01,14390,6375
6377,"The Confessor (Gabriel Allon, #3)",Daniel Silva,eng,ENG,4.14,13166,6376
6378,"The Wallflower, Vol. 1 (The Wallflower, #1)","Tomoko Hayakawa, David Ury",eng,ENG,4.15,16399,6377
6379,Rise of the Governor (The Walking Dead #1),"Robert Kirkman, Jay Bonansinga",eng,ENG,3.9,13076,6378
6380,"The Thousand Orcs (Forgotten Realms: Hunter's Blades, #1; Legend of Drizzt, #14)",R.A. Salvatore,eng,ENG,4.08,14329,6379
6381,Miller's Valley,Anna Quindlen,en-GB,EN-GB,3.89,12391,6380
6382,The Painted Bird,Jerzy Kosiński,unknown,UNKNOWN,3.94,14284,6381
6383,The Glass Lake,Maeve Binchy,eng,ENG,3.89,16073,6382
6384,The Happiness Hypothesis: Finding Modern Truth in Ancient Wisdom,Jonathan Haidt,eng,ENG,4.12,13282,6383
6385,The Masque of the Red Death,Edgar Allan Poe,eng,ENG,4.08,17728,6384
6386,The Evolutionary Void,Peter F. Hamilton,eng,ENG,4.25,13440,6385
6387,"The Forbidden Game (The Forbidden Game, #1-3)",L.J. Smith,en-US,EN-US,4.19,18443,6386
6388,Perfect You,Elizabeth Scott,en-US,EN-US,3.7,20858,6387
6389,Jazz,Toni Morrison,eng,ENG,3.78,14853,6388
6390,The Te of Piglet,Benjamin Hoff,eng,ENG,3.81,13325,6389
6391,"You're the One That I Want (Gossip Girl, #6)",Cecily von Ziegesar,eng,ENG,3.71,16643,6390
6392,The Twelve Chairs,"Ilya Ilf, Eugene Petrov, Maurice Friedberg, John H.C. Richardson",unknown,UNKNOWN,4.42,13688,6391
6393,"Chicken Soup for the Teenage Soul: 101 Stories of Life, Love and Learning (Chicken Soup for the Soul)","Jack Canfield, Mark Victor Hansen, Kimberly Kirberger",eng,ENG,3.91,14722,6392
6394,The Fever,Megan Abbott,unknown,UNKNOWN,3.12,14775,6393
6395,The Very Quiet Cricket,Eric Carle,en-US,EN-US,4.07,17016,6394
6396,"The Naming (The Books of Pellinor, #1)",Alison Croggon,en-US,EN-US,4.0,19214,6395
6397,"Something from the Nightside (Nightside, #1)",Simon R. Green,eng,ENG,3.77,19206,6396
6398,The Millionaire Mind,Thomas J. Stanley,unknown,UNKNOWN,4.15,14795,6397
6399,The Stars Shine Down,Sidney Sheldon,eng,ENG,3.65,12874,6398
6400,The Beatles Anthology,"The Beatles, Paul McCartney, Ringo Starr, John Lennon, George Harrison",eng,ENG,4.38,12474,6399
6401,Sex at Dawn: The Prehistoric Origins of Modern Sexuality,"Christopher  Ryan, Cacilda Jethá",en-US,EN-US,4.02,12521,6400
6402,"You Know You Love Me (Gossip Girl, #2)",Cecily von Ziegesar,en-US,EN-US,3.53,18052,6401
6403,Night World: The Ultimate Fan Guide,"Annette Pollert, L.J. Smith",unknown,UNKNOWN,4.36,13626,6402
6404,A Chair for My Mother,Vera B. Williams,eng,ENG,4.2,19919,6403
6405,The Crow Road,Iain Banks,eng,ENG,4.07,14365,6404
6406,The Book of Joe,Jonathan Tropper,en-US,EN-US,3.95,13064,6405
6407,Dragonlance Chronicles (Dragonlance #1-3),"Margaret Weis, Tracy Hickman",unknown,UNKNOWN,4.21,13553,6406
6408,"Beauty Pop, Vol. 1 (Beauty Pop, #1)",Kiyoko Arai,eng,ENG,4.15,16223,6407
6409,From Head to Toe,Eric Carle,unknown,UNKNOWN,4.18,16074,6408
6410,Boy Meets Girl: Say Hello to Courtship,Joshua Harris,en-GB,EN-GB,3.78,13868,6409
6411,"Fables, Vol. 6: Homelands","Bill Willingham, Mark Buckingham, David Hahn, Steve Leialoha",eng,ENG,4.3,18893,6410
6412,"Reasonable Doubt: Volume 1 (Reasonable Doubt, #1)",Whitney G.,eng,ENG,4.13,25788,6411
6413,"Home (Gilead, #2)",Marilynne Robinson,eng,ENG,3.97,13851,6412
6414,For the Love: Fighting for Grace in a World of Impossible Standards,Jen Hatmaker,unknown,UNKNOWN,4.1,16200,6413
6415,"The Game Changer (The Perfect Game, #2)",J. Sterling,en,EN,4.11,23295,6414
6416,"Sweet Filthy Boy (Wild Seasons, #1)",Christina Lauren,eng,ENG,4.16,25337,6415
6417,The Winter's Tale,William Shakespeare,eng,ENG,3.69,15385,6416
6418,The Temporal Void,Peter F. Hamilton,eng,ENG,4.24,13478,6417
6419,"Sex Criminals, Vol. 1: One Weird Trick","Matt Fraction, Chip Zdarsky",eng,ENG,3.99,22017,6418
6420,"The Rising: Antichrist is Born  (Before They Were Left Behind, #1)","Tim LaHaye, Jerry B. Jenkins",eng,ENG,4.18,13412,6419
6421,"Teardrop (Teardrop, #1)",Lauren Kate,eng,ENG,3.65,18998,6420
6422,"The Scarpetta Factor (Kay Scarpetta, #17)",Patricia Cornwell,en-US,EN-US,3.67,16388,6421
6423,"The Winner's Kiss (The Winner's Trilogy, #3)",Marie Rutkoski,eng,ENG,4.29,23125,6422
6424,"Bad Things (Tristan & Danika, #1)",R.K. Lilley,eng,ENG,4.33,27420,6423
6425,"Here be Dragons (Welsh Princes, #1)",Sharon Kay Penman,eng,ENG,4.3,16205,6424
6426,Loving What Is: Four Questions That Can Change Your Life,"Byron Katie, Stephen Mitchell",unknown,UNKNOWN,4.15,12568,6425
6427,The Whipping Boy,"Sid Fleischman, Peter Sís",eng,ENG,3.54,18090,6426
6428,"Short Stories from Hogwarts of Heroism, Hardship and Dangerous Hobbies (Pottermore Presents, #1)","J.K. Rowling, MinaLima",eng,ENG,4.22,16285,6427
6429,Nancy Drew: #1-64,Carolyn Keene,eng,ENG,4.19,16743,6428
6430,Pygmalion and Three Other Plays,"George Bernard Shaw, John A. Bertolini",en-US,EN-US,4.01,16568,6429
6431,"Path of Destruction (Star Wars: Darth Bane, #1)",Drew Karpyshyn,eng,ENG,4.25,13197,6430
6432,Miramont's Ghost,Elizabeth  Hall,en-GB,EN-GB,3.34,14295,6431
6433,"Storm (Elemental, #1)",Brigid Kemmerer,en-US,EN-US,3.96,21281,6432
6434,"The Last Little Blue Envelope (Little Blue Envelope, #2)",Maureen Johnson,en-US,EN-US,3.86,19275,6433
6435,The Making of the Atomic Bomb,Richard Rhodes,eng,ENG,4.32,12201,6434
6436,Minding Frankie,Maeve Binchy,eng,ENG,3.78,15606,6435
6437,Unveiled: Tamar (Lineage of Grace #1),Francine Rivers,unknown,UNKNOWN,4.26,14441,6436
6438,"Angels in America, Part Two: Perestroika",Tony Kushner,en-US,EN-US,4.26,16498,6437
6439,The Third Twin,Ken Follett,en-GB,EN-GB,3.64,14499,6438
6440,"The Butlerian Jihad (Legends of Dune, #1)","Brian Herbert, Kevin J. Anderson",eng,ENG,3.57,14868,6439
6441,The 80/20 Principle: The Secret to Achieving More with Less,Richard Koch,unknown,UNKNOWN,3.99,13241,6440
6442,The Complete Poetry and Prose,"William Blake, David V. Erdman, Harold Bloom",en-US,EN-US,4.23,14157,6441
6443,Nutshell,Ian McEwan,eng,ENG,3.71,10904,6442
6444,"Death Note, Vol. 2: Confluence (Death Note, #2)","Tsugumi Ohba, Takeshi Obata",eng,ENG,4.42,20177,6443
6445,"Akira, Vol. 1","Katsuhiro Otomo, Yoko Umezawa, Linda M. York, Jo Duffy",eng,ENG,4.36,16116,6444
6446,"Imperium: A Novel of Ancient Rome (Cicero, #1)",Robert   Harris,en-US,EN-US,4.05,13959,6445
6447,The Sportswriter,Richard Ford,unknown,UNKNOWN,3.7,12606,6446
6448,"Grim Tuesday (The Keys to the Kingdom, #2)",Garth Nix,unknown,UNKNOWN,3.86,19133,6447
6449,Le bleu est une couleur chaude,Julie Maroh,fre,FRE,3.92,8504,6448
6450,The Road to Little Dribbling: Adventures of an American in Britain,Bill Bryson,eng,ENG,3.71,9694,6449
6451,"The Firebird (Slains, #2)",Susanna Kearsley,eng,ENG,4.08,12421,6450
6452,"Gakuen Alice, Vol. 01 (Gakuen Alice, #1)","Tachibana Higuchi, 樋口 橘",eng,ENG,4.23,15373,6451
6453,Blue Highways,William Least Heat-Moon,unknown,UNKNOWN,4.0,15693,6452
6454,Breathing Lessons,Anne Tyler,eng,ENG,3.66,18053,6453
6455,Selected Poems,Emily Dickinson,eng,ENG,4.16,16218,6454
6456,The Strange Case of Dr. Jekyll and Mr. Hyde and Other Stories ,"Robert Louis Stevenson, Jenny Davidson",eng,ENG,3.96,20812,6455
6457,The Miracle of Forgiveness,Spencer W. Kimball,unknown,UNKNOWN,4.37,13795,6456
6458,Juliet,Anne Fortier,en-US,EN-US,3.9,19328,6457
6459,The Darkest Secret (Lords of the Underworld #7),Gena Showalter,eng,ENG,4.32,23247,6458
6460,God Help the Child,Toni Morrison,eng,ENG,3.7,12228,6459
6461,"The Umbrella Academy, Vol. 1: The Apocalypse Suite","Gerard Way, Gabriel Bá, Dave Stewart, Nate Piekos, Tony Ong",eng,ENG,3.97,17384,6460
6462,"Sentinel (Covenant, #5)",Jennifer L. Armentrout,eng,ENG,4.49,24150,6461
6463,Founders at Work: Stories of Startups' Early Days,Jessica Livingston,en-US,EN-US,3.94,15049,6462
6464,"Crush (Crush, #1)",Lacey Weatherford,en-GB,EN-GB,3.97,22025,6463
6465,"Infected (Infected, #1)",Scott Sigler,en-US,EN-US,3.85,14346,6464
6466,This Song Will Save Your Life,Leila Sales,eng,ENG,3.95,19947,6465
6467,The Women of Brewster Place,Gloria Naylor,en-US,EN-US,4.13,14777,6466
6468,"Ms. Marvel, Vol. 2: Generation Why","G. Willow Wilson, Adrian Alphona, Jacob Wyatt",eng,ENG,4.14,17048,6467
6469,Passion and Purity: Learning to Bring Your Love Life Under Christ's Control,Elisabeth Elliot,unknown,UNKNOWN,4.15,13767,6468
6470,"Burn for Burn (Burn for Burn, #1)","Jenny Han, Siobhan Vivian",eng,ENG,3.87,18772,6469
6471,The Greater Journey: Americans in Paris,David McCullough,eng,ENG,3.9,14001,6470
6472,"The Hidden City (The Tamuli, #3)",David Eddings,eng,ENG,3.97,18718,6471
6473,The Glassblower,"Petra Durst-Benning, Samuel Willcocks",eng,ENG,3.87,13478,6472
6474,Seating Arrangements,Maggie Shipstead,unknown,UNKNOWN,3.02,14243,6473
6475,The Broom of the System,David Foster Wallace,unknown,UNKNOWN,3.84,13011,6474
6476,Practice Makes Perfect (Berkley Sensation),Julie James,eng,ENG,3.99,23783,6475
6477,"The Dark Hills Divide (The Land of Elyon, #1)",Patrick Carman,en-US,EN-US,3.71,19358,6476
6478,"Fracture Me (Shatter Me, #2.5)",Tahereh Mafi,eng,ENG,3.77,24092,6477
6479,You Will Know Me,Megan Abbott,eng,ENG,3.45,17002,6478
6480,The Sunne in Splendour,Sharon Kay Penman,eng,ENG,4.4,15364,6479
6481,Arcadia,Tom Stoppard,en-US,EN-US,4.19,15362,6480
6482,An Innocent Client,Scott Pratt,eng,ENG,4.16,8045,6481
6483,West Side Story,Irving Shulman,unknown,UNKNOWN,4.12,16593,6482
6484,"The Masterharper of Pern (Pern, #15)",Anne McCaffrey,eng,ENG,4.22,18322,6483
6485,The Drunkard's Walk: How Randomness Rules Our Lives,Leonard Mlodinow,eng,ENG,3.88,12818,6484
6486,"Merry Christmas, Alex Cross (Alex Cross, #19)",James Patterson,eng,ENG,3.85,12343,6485
6487,Don't Make Me Think: A Common Sense Approach to Web Usability,Steve Krug,en-US,EN-US,4.24,7296,6486
6488,"Shakespeare's Landlord (Lily Bard, #1)",Charlaine Harris,eng,ENG,3.76,21091,6487
6489,"Shadows (Lux, #0.5)",Jennifer L. Armentrout,eng,ENG,4.16,26697,6488
6490,"Pathfinder (Pathfinder, #1)",Orson Scott Card,en-US,EN-US,3.98,16979,6489
6491,Shrill: Notes from a Loud Woman,Lindy West,eng,ENG,4.23,15258,6490
6492,"Queen of the Darkness (The Black Jewels, #3)",Anne Bishop,unknown,UNKNOWN,4.37,19743,6491
6493,"Axel (Corps Security, #1)",Harper Sloan,unknown,UNKNOWN,4.13,9556,6492
6494,"A Lot like Love (FBI/US Attorney, #2)",Julie James,eng,ENG,4.09,23883,6493
6495,"Big Red (Big Red, #1)","Jim Kjelgaard, Carl Pfeuffer",unknown,UNKNOWN,4.11,15923,6494
6496,"The Angel of Darkness (Dr. Laszlo Kreizler, #2)",Caleb Carr,en-US,EN-US,3.94,16343,6495
6497,"A Dance with Dragons: After the Feast (A Song of Ice and Fire #5, Part 2 of 2)",George R.R. Martin,eng,ENG,4.41,11486,6496
6498,I Was So Mad,Mercer Mayer,en-GB,EN-GB,4.21,15379,6497
6499,"Silver Blaze (The Memoirs of Sherlock Holmes, #1)",Arthur Conan Doyle,eng,ENG,4.18,14024,6498
6500,Sellevision,Augusten Burroughs,unknown,UNKNOWN,3.54,12934,6499
6501,Crooked House,Agatha Christie,eng,ENG,3.98,15657,6500
6502,"The Sword in the Stone (The Once and Future King, #1)",T.H. White,eng,ENG,3.92,17104,6501
6503,"The Year of Secret Assignments (Ashbury/Brookfield, #2)",Jaclyn Moriarty,eng,ENG,3.9,16357,6502
6504,"Prince Lestat (The Vampire Chronicles, #11)",Anne Rice,eng,ENG,3.76,12463,6503
6505,The Blue Castle ,L.M. Montgomery,en-US,EN-US,4.23,18190,6504
6506,The Gift,Cecelia Ahern,en-GB,EN-GB,3.68,15310,6505
6507,"Deeply Odd (Odd Thomas, #6)",Dean Koontz,eng,ENG,4.01,8881,6506
6508,"Swamp Thing, Vol. 1: Saga of the Swamp Thing","Alan Moore, Stephen R. Bissette, John Totleben, Rick Veitch, Ramsey Campbell",eng,ENG,4.2,16374,6507
6509,"3001: The Final Odyssey (Space Odyssey, #4)",Arthur C. Clarke,unknown,UNKNOWN,3.49,14392,6508
6510,"Prayers for Rain (Kenzie & Gennaro, #5)",Dennis Lehane,unknown,UNKNOWN,4.08,14713,6509
6511,"The Immortals Boxed Set (The Immortals, #1-3)",Alyson Noel,unknown,UNKNOWN,4.28,13128,6510
6512,"The Mirror Crack'd from Side to Side (Miss Marple, #9)",Agatha Christie,eng,ENG,3.89,20177,6511
6513,"Shades of Midnight (Midnight Breed, #7)",Lara Adrian,en-US,EN-US,4.28,21786,6512
6514,The Hat,Jan Brett,eng,ENG,4.25,17033,6513
6515,"Pivot Point (Pivot Point, #1)",Kasie West,eng,ENG,4.08,20173,6514
6516,"The Dogs of Riga (Kurt Wallander, #2)","Henning Mankell, Laurie Thompson",eng,ENG,3.72,14794,6515
6517,The Water Knife,Paolo Bacigalupi,eng,ENG,3.83,11438,6516
6518,"Food Inc.: A Participant Guide: How Industrial Food is Making Us Sicker, Fatter, and Poorer-And What You Can Do About It",Karl Weber,eng,ENG,4.19,13467,6517
6519,The Cove  (FBI Thriller #1),Catherine Coulter,en-US,EN-US,3.86,17561,6518
6520,"The Monkey's Raincoat (Elvis Cole, #1)",Robert Crais,en-US,EN-US,3.98,14940,6519
6521,The Caine Mutiny,Herman Wouk,en-US,EN-US,4.23,15820,6520
6522,Black Ice,Becca Fitzpatrick,unknown,UNKNOWN,3.88,17571,6521
6523,"The Neon Rain (Dave Robicheaux, #1)",James Lee Burke,eng,ENG,3.98,14693,6522
6524,The Imitation of Christ,"Thomas à Kempis, William Benham",unknown,UNKNOWN,4.19,12563,6523
6525,"Avoiding Responsibility (Avoiding, #2)",K.A. Linde,en-US,EN-US,4.07,22024,6524
6526,Kitten's First Full Moon,Kevin Henkes,eng,ENG,4.07,18458,6525
6527,"Saga, Vol. 6 (Saga, #6)","Brian K. Vaughan, Fiona Staples",eng,ENG,4.49,18433,6526
6528,"A Good Yarn (Blossom Street, #2)",Debbie Macomber,en-US,EN-US,4.11,16467,6527
6529,"Naked Heat (Nikki Heat, #2)",Richard Castle,en-US,EN-US,3.75,16146,6528
6530,Titus Andronicus,William Shakespeare,en-US,EN-US,3.71,16235,6529
6531,"The Initiation / The Captive Part I (The Secret Circle, #1-2)",L.J. Smith,eng,ENG,3.96,19563,6530
6532,"Night of the Living Dummy (Goosebumps, #7)",R.L. Stine,unknown,UNKNOWN,3.8,16646,6531
6533,"Shall We Tell the President? (Kane & Abel, #3)",Jeffrey Archer,eng,ENG,3.69,12792,6532
6534,"Grave Secret (Harper Connelly, #4)",Charlaine Harris,eng,ENG,3.94,22334,6533
6535,Equus,Peter Shaffer,eng,ENG,3.94,15126,6534
6536,"Shards of a Broken Crown (The Serpentwar Saga, #4)",Raymond E. Feist,unknown,UNKNOWN,3.99,16227,6535
6537,"The Enchantress Returns (The Land of Stories, #2)","Chris Colfer, Brandon Dorman",eng,ENG,4.49,17845,6536
6538,"The Master Magician (The Paper Magician Trilogy, #3)",Charlie N. Holmberg,en-GB,EN-GB,3.82,17142,6537
6539,One Door Away from Heaven,Dean Koontz,en-US,EN-US,3.95,16299,6538
6540,"Love in the Afternoon (The Hathaways, #5)",Lisa Kleypas,eng,ENG,4.2,24803,6539
6541,"Attack of the Fiend (The Last Apprentice / Wardstone Chronicles, #4)","Joseph Delaney, Patrick  Arrasmith",eng,ENG,4.19,14814,6540
6542,"The Marriage Trap (Marriage to a Billionaire, #2)",Jennifer Probst,eng,ENG,3.9,23655,6541
6543,The Jordan Rules,"Sam Smith, Doug Grud",unknown,UNKNOWN,4.23,11148,6542
6544,The Heretic Queen,Michelle Moran,eng,ENG,4.21,16155,6543
6545,"If You Want to Walk on Water, You've Got to Get Out of the Boat",John Ortberg,unknown,UNKNOWN,4.13,12608,6544
6546,The Piano Teacher,Janice Y.K. Lee,en-US,EN-US,3.32,16172,6545
6547,I Have Lived a Thousand Years,Livia E. Bitton-Jackson,eng,ENG,4.17,15987,6546
6548,Willpower: Rediscovering the Greatest Human Strength,"Roy F. Baumeister, John Tierney",unknown,UNKNOWN,3.95,12667,6547
6549,"Secrets to the Grave (Oak Knoll, #2)",Tami Hoag,eng,ENG,4.09,15381,6548
6550,"Prized (Birthmarked, #2)",Caragh M. O'Brien,en-US,EN-US,3.99,19328,6549
6551,"With a Tangled Skein (Incarnations of Immortality, #3)",Piers Anthony,en-GB,EN-GB,3.98,17286,6550
6552,Body Surfing,Anita Shreve,en-US,EN-US,3.31,15041,6551
6553,The Good Soldier,"Ford Madox Ford, Kenneth Womack, William Baker",unknown,UNKNOWN,3.72,14471,6552
6554,"Into the Labyrinth (The Death Gate Cycle, #6)","Margaret Weis, Tracy Hickman",en-US,EN-US,4.09,16582,6553
6555,"Day by Day Armageddon (Day by Day Armageddon,#1)",J.L. Bourne,eng,ENG,4.01,11646,6554
6556,The Berenstain Bears' Trouble at School,"Stan Berenstain, Jan Berenstain",en-US,EN-US,4.19,15672,6555
6557,The Talisman (Volume 1): The Road of Trials,"Robin Furth, Stephen King, Peter Straub, Tony Shasteen, Nei Ruffino",en-US,EN-US,4.34,12413,6556
6558,"Sundiver (The Uplift Saga, #1)",David Brin,eng,ENG,3.65,17327,6557
6559,Moab Is My Washpot (Memoir #1),Stephen Fry,eng,ENG,3.98,14403,6558
6560,"Hardline (Hacker, #3)",Meredith Wild,eng,ENG,4.26,7246,6559
6561,"Eyes of Prey (Lucas Davenport, #3)",John Sandford,en-US,EN-US,4.18,16249,6560
6562,"The Dead of Night (The 39 Clues: Cahills vs. Vespers, #3)",Peter Lerangis,eng,ENG,4.16,15394,6561
6563,"Kissing Coffins (Vampire Kisses, #2)",Ellen Schreiber,en-US,EN-US,3.87,22124,6562
6564,War,Sebastian Junger,eng,ENG,4.22,13946,6563
6565,Where Things Come Back,John Corey Whaley,eng,ENG,3.81,14852,6564
6566,A Wedding in December,Anita Shreve,unknown,UNKNOWN,3.08,15869,6565
6567,Big Bang: The Origin of the Universe,Simon Singh,unknown,UNKNOWN,4.14,12488,6566
6568,"The League of Extraordinary Gentlemen, Vol. 2","Alan Moore, Kevin O'Neill",eng,ENG,3.94,17034,6567
6569,"Birds of a Feather (Maisie Dobbs, #2)",Jacqueline Winspear,en-US,EN-US,3.95,18359,6568
6570,You Can Win: A Step by Step Tool for Top Achievers,Shiv Khera,unknown,UNKNOWN,3.83,10752,6569
6571,"The Outcasts (Brotherband Chronicles, #1)",John Flanagan,eng,ENG,4.37,16613,6570
6572,On Ugliness,Umberto Eco,unknown,UNKNOWN,3.88,12728,6571
6573,How to Talk to Anyone: 92 Little Tricks for Big Success in Relationships,Leil Lowndes,en-US,EN-US,3.8,12206,6572
6574,"Case Closed, Vol. 1",Gosho Aoyama,eng,ENG,4.36,12867,6573
6575,The Abolition of Man,C.S. Lewis,en-US,EN-US,4.07,14677,6574
6576,"Yu Yu Hakusho, Volume 1: Goodbye, Material World! (Yu Yu Hakusho, #1)",Yoshihiro Togashi,eng,ENG,4.29,13807,6575
6577,"The King's Curse (The Plantagenet and Tudor Novels, #7)",Philippa Gregory,eng,ENG,3.98,7655,6576
6578,"Shaman's Crossing (Soldier Son, #1)",Robin Hobb,unknown,UNKNOWN,3.42,15287,6577
6579,Gods in Alabama,Joshilyn Jackson,en-US,EN-US,3.86,15290,6578
6580,"U Is for Undertow (Kinsey Millhone, #21)",Sue Grafton,en-US,EN-US,3.93,18716,6579
6581,"Passage to Dawn (Forgotten Realms: Legacy of the Drow, #4; Legend of Drizzt, #10)",R.A. Salvatore,eng,ENG,4.07,13900,6580
6582,"Bloody Jack (Bloody Jack, #1)",L.A. Meyer,eng,ENG,4.11,19147,6581
6583,Shoe Dog: A Memoir by the Creator of NIKE,Phil Knight,eng,ENG,4.46,22373,6582
6584,"The One You Love (Emma Holden Suspense Mystery, #1)",Paul Pilkington,eng,ENG,3.39,7175,6583
6585,"Survivor In Death (In Death, #20)",J.D. Robb,en-US,EN-US,4.38,19512,6584
6586,Figure Drawing for All It's Worth (How to draw and paint),Andrew Loomis,unknown,UNKNOWN,3.99,12735,6585
6587,Affinity,Sarah Waters,eng,ENG,3.73,13767,6586
6588,The Water is Wide: A Memoir,Pat Conroy,unknown,UNKNOWN,4.09,13513,6587
6589,"Iceberg (Dirk Pitt, #3)",Clive Cussler,eng,ENG,3.83,16195,6588
6590,The Authoritative Calvin and Hobbes: A Calvin and Hobbes Treasury,Bill Watterson,eng,ENG,4.73,16087,6589
6591,Cloudstreet,Tim Winton,eng,ENG,3.97,13067,6590
6592,The Girl Next Door,Jack Ketchum,en-GB,EN-GB,3.95,13491,6591
6593,A Separate Reality,Carlos Castaneda,unknown,UNKNOWN,4.06,12296,6592
6594,Out,"Natsuo Kirino, Stephen Snyder",eng,ENG,3.93,14795,6593
6595,Tom's Midnight Garden,"Philippa Pearce, Susan Einzig",unknown,UNKNOWN,4.05,16398,6594
6596,"Murder of Crows (The Others, #2)",Anne Bishop,eng,ENG,4.31,22994,6595
6597,"What Really Happened in Peru (The Bane Chronicles, #1)","Cassandra Clare, Sarah Rees Brennan",eng,ENG,3.74,20700,6596
6598,"Brothers Majere (Dragonlance: Preludes, #3)",Kevin Stein,unknown,UNKNOWN,4.08,15313,6597
6599,"Grain Brain: The Surprising Truth about Wheat, Carbs,  and Sugar--Your Brain's Silent Killers","David  Perlmutter, Kristin Loberg",eng,ENG,3.88,10305,6598
6600,Pilgrim at Tinker Creek,Annie Dillard,eng,ENG,4.1,14685,6599
6601,"Prince of the Blood (Krondor's Sons, #1)",Raymond E. Feist,en-US,EN-US,3.94,16466,6600
6602,The Courts of Chaos (The Chronicles of Amber #5),Roger Zelazny,eng,ENG,4.19,16453,6601
6603,"Why Nations Fail: The Origins of Power, Prosperity, and Poverty","Daron Acemoğlu, James A. Robinson",unknown,UNKNOWN,3.99,11752,6602
6604,Zorro,"Isabel Allende, Margaret Sayers Peden",eng,ENG,3.75,14327,6603
6605,The Introvert Advantage: How to Thrive in an Extrovert World,Marti Olsen Laney,eng,ENG,3.88,12950,6604
6606,"Preacher, Volume 5: Dixie Fried","Garth Ennis, Steve Dillon",eng,ENG,4.29,15961,6605
6607,The Rainbow,"D.H. Lawrence, Daphne Merkin",eng,ENG,3.67,14044,6606
6608,"The Capture (Guardians of Ga'Hoole, #1)",Kathryn Lasky,eng,ENG,3.88,18830,6607
6609,Why We Get Fat: And What to Do About It,Gary Taubes,en-GB,EN-GB,4.04,11569,6608
6610,"T is for Trespass (Kinsey Millhone, #20)",Sue Grafton,en-US,EN-US,3.91,18582,6609
6611,"Preacher, Volume 4: Ancient History","Garth Ennis, Steve Dillon, Steve Pugh, Matt Hollingsworth, Carlos Ezquerra, Richard Case",eng,ENG,4.25,14945,6610
6612,The Great Influenza: The Story of the Deadliest Pandemic in History,John M. Barry,eng,ENG,3.95,14762,6611
6613,The Heavenly Man: The Remarkable True Story of Chinese Christian Brother Yun,"Paul Hattaway, Brother Yun",eng,ENG,4.33,12537,6612
6614,"Prince of Fools (The Red Queen's War, #1)",Mark  Lawrence,eng,ENG,4.07,11579,6613
6615,Herzog,"Saul Bellow, Philip Roth",eng,ENG,3.79,14324,6614
6616,"UnSouled (Unwind, #3)",Neal Shusterman,en-US,EN-US,4.23,15526,6615
6617,The Miracle of Mindfulness: An Introduction to the Practice of Meditation,Thich Nhat Hanh,unknown,UNKNOWN,4.26,13241,6616
6618,David Gets In Trouble,David Shannon,unknown,UNKNOWN,4.22,15055,6617
6619,"The Face Of Deception (Eve Duncan, #1)",Iris Johansen,eng,ENG,4.07,17235,6618
6620,The Language Instinct: How the Mind Creates Language,Steven Pinker,eng,ENG,4.05,12870,6619
6621,Descent,Tim Johnston,eng,ENG,3.59,11443,6620
6622,"Black Cat, Volume 01",Kentaro Yabuki,eng,ENG,4.08,13945,6621
6623,Dare Me,Megan Abbott,eng,ENG,3.23,15618,6622
6624,"Last Breath (The Morganville Vampires, #11)",Rachel Caine,eng,ENG,4.32,19963,6623
6625,The Yacoubian Building,"Alaa Al Aswany, علاء الأسواني",eng,ENG,3.65,7308,6624
6626,Martha Stewart's Cookies: The Very Best Treats to Bake and to Share,"Martha Stewart, Victor Schrager",eng,ENG,4.04,13991,6625
6627,"Pardonable Lies (Maisie Dobbs, #3)",Jacqueline Winspear,en-US,EN-US,4.09,17947,6626
6628,"The Frog Princess (Tales of the Frog Princess, #1)",E.D. Baker,eng,ENG,3.81,22176,6627
6629,Twelve Angry Men,"Reginald Rose, David Mamet",unknown,UNKNOWN,4.07,15986,6628
6630,Batman: Whatever Happened to the Caped Crusader?,"Neil Gaiman, Andy Kubert, Matt Wagner, Simon Bisley, Bernie Mireault, Mark Buckingham",eng,ENG,3.97,14359,6629
6631,The Pioneer Woman: Black Heels to Tractor Wheels,Ree Drummond,en-US,EN-US,3.81,14976,6630
6632,Swimmy,Leo Lionni,en-US,EN-US,4.13,19168,6631
6633,Babbitt,Sinclair Lewis,unknown,UNKNOWN,3.64,14204,6632
6634,Suttree,Cormac McCarthy,eng,ENG,4.18,12824,6633
6635,"Love Bites (Vampire Kisses, #7)",Ellen Schreiber,en-US,EN-US,4.13,17707,6634
6636,The Gathering,Anne Enright,eng,ENG,3.04,14292,6635
6637,sTORI Telling,Tori Spelling,en-US,EN-US,3.62,14699,6636
6638,"Cross My Heart (Alex Cross, #21)",James Patterson,eng,ENG,4.03,10946,6637
6639,The Righteous Mind: Why Good People are Divided by Politics and Religion,Jonathan Haidt,eng,ENG,4.16,12677,6638
6640,"Lady Friday (The Keys to the Kingdom, #5)",Garth Nix,en-US,EN-US,3.91,17675,6639
6641,"Rock Chick Rescue (Rock Chick, #2)",Kristen Ashley,eng,ENG,4.31,26661,6640
6642,"Locke & Key, Vol. 5: Clockworks","Joe Hill, Gabriel Rodríguez",eng,ENG,4.5,16441,6641
6643,Every Soul a Star,Wendy Mass,eng,ENG,4.1,17282,6642
6644,Jesus Land,Julia Scheeres,en-US,EN-US,3.97,13562,6643
6645,Flotsam,David Wiesner,en-US,EN-US,4.28,19541,6644
6646,"Silent Scream (D.I. Kim Stone, #1)",Angela Marsons,eng,ENG,4.02,9547,6645
6647,The Lion and the Mouse,Jerry Pinkney,eng,ENG,4.23,17941,6646
6648,The Collected Poems,Langston Hughes,unknown,UNKNOWN,4.32,13835,6647
6649,"Girl of Nightmares (Anna, #2)",Kendare Blake,eng,ENG,3.9,20708,6648
6650,"Barrayar (Vorkosigan Saga, #7)",Lois McMaster Bujold,eng,ENG,4.31,17549,6649
6651,"Alice in the Country of Hearts, Vol. 01 (Alice in the Country of Hearts, #1)","QuinRose, Soumei Hoshino",eng,ENG,4.21,14692,6650
6652,"Lord of the Shadows (Cirque Du Freak, #11)",Darren Shan,eng,ENG,4.22,15794,6651
6653,"Elric of Melniboné (Elric, #1)",Michael Moorcock,en-US,EN-US,3.89,17728,6652
6654,The Endurance: Shackleton's Legendary Antarctic Expedition,Caroline Alexander,eng,ENG,4.31,14529,6653
6655,"The Candymakers (The Candymakers, #1)",Wendy Mass,eng,ENG,4.31,15780,6654
6656,Winnie the Pooh and Tigger Too (Disney's Wonderful World of Reading),Walt Disney Company,eng,ENG,4.39,14121,6655
6657,"More Than This (More Than, #1)",Jay McLean,eng,ENG,4.15,23670,6656
6658,"The Fury (The Vampire Diaries, #3)",L.J. Smith,en-US,EN-US,3.55,19911,6657
6659,Hamilton: The Revolution,"Lin-Manuel Miranda, Jeremy McCarter",eng,ENG,4.47,24800,6658
6660,"Shelter (Mickey Bolitar, #1)",Harlan Coben,eng,ENG,3.92,9081,6659
6661,"Out of Oz (The Wicked Years, #4)","Gregory Maguire, Douglas Smith",en-US,EN-US,3.84,14240,6660
6662,Selected Stories,"O. Henry, Victoria Blake",unknown,UNKNOWN,4.16,15308,6661
6663,The Taste of Home Cookbook,"Janet Briggs, Beth Wittlinger",unknown,UNKNOWN,4.25,14469,6662
6664,"The Metamorphosis, In the Penal Colony, and Other Stories: The Great Short Works of Franz Kafka",Franz Kafka,eng,ENG,4.02,12744,6663
6665,Cry to Heaven,Anne Rice,en-US,EN-US,3.83,16988,6664
6666,"Goddess (Starcrossed, #3)",Josephine Angelini,eng,ENG,4.24,20589,6665
6667,"Crave (Fallen Angels, #2)",J.R. Ward,en-US,EN-US,4.09,22105,6666
6668,The Dogs of War,Frederick Forsyth,unknown,UNKNOWN,3.96,14860,6667
6669,"Necroscope (Necroscope, #1)",Brian Lumley,unknown,UNKNOWN,3.99,14397,6668
6670,When Rabbit Howls,"Truddi Chase, Robert A. Phillips Jr.",en-GB,EN-GB,4.03,13975,6669
6671,"Variant (Variant, #1)",Robison Wells,en-US,EN-US,3.92,18473,6670
6672,"Path of the Assassin (Scot Harvath, #2)",Brad Thor,eng,ENG,4.17,12652,6671
6673,"Waylander (The Drenai Saga, #3)",David Gemmell,eng,ENG,4.26,13977,6672
6674,After,Amy Efaw,eng,ENG,3.73,17238,6673
6675,Surfacing,Margaret Atwood,eng,ENG,3.45,15494,6674
6676,You Had Me At Hello,Mhairi McFarlane,unknown,UNKNOWN,3.79,12687,6675
6677,Ghost in the Wires: My Adventures as the World's Most Wanted Hacker,"Kevin D. Mitnick, William L. Simon, Steve Wozniak",en-US,EN-US,3.95,12831,6676
6678,"The Wheel of Time: Boxed Set #1 (Wheel of Time, #1-3)",Robert Jordan,unknown,UNKNOWN,4.43,13049,6677
6679,"Pure (Pure, #1)",Julianna Baggott,en-US,EN-US,3.74,18778,6678
6680,Something Like Fate,Susane Colasanti,unknown,UNKNOWN,3.72,17347,6679
6681,"Excalibur (The Warlord Chronicles, #3)",Bernard Cornwell,unknown,UNKNOWN,4.38,12925,6680
6682,My Name is Mary Sutter,Robin Oliveira,en-US,EN-US,3.81,16348,6681
6683,"So You Want to Be a Wizard (Young Wizards, #1)",Diane Duane,en-US,EN-US,3.8,20408,6682
6684,"Death in the Clouds (Hercule Poirot, #12)",Agatha Christie,eng,ENG,3.78,17308,6683
6685,"Foreign Influence (Scot Harvath, #9)",Brad Thor,en-US,EN-US,4.24,13392,6684
6686,"Cemetery Dance (Pendergast, #9)","Douglas Preston, Lincoln Child",eng,ENG,4.0,16120,6685
6687,Hitch-22: A Memoir,Christopher Hitchens,eng,ENG,4.03,12643,6686
6688,Baudolino,"Umberto Eco, William Weaver, R.C.S. Libri",en-US,EN-US,3.71,13941,6687
6689,"Dark Magic (Dark, #4)",Christine Feehan,eng,ENG,4.24,20156,6688
6690,The Amber Room,Steve Berry,unknown,UNKNOWN,3.83,16519,6689
6691,"The Omen Machine (Sword of Truth, #12; Richard and Kahlan, #1)",Terry Goodkind,eng,ENG,3.66,13301,6690
6692,The Comedy of Errors,William Shakespeare,unknown,UNKNOWN,3.74,16049,6691
6693,Zodiac,Robert Graysmith,unknown,UNKNOWN,3.89,13120,6692
6694,15th Affair (Women's Murder Club #15),"James Patterson, Maxine Paetro",eng,ENG,4.04,11112,6693
6695,The Constant Gardener,John le Carré,unknown,UNKNOWN,3.78,13347,6694
6696,Wish You Well,David Baldacci,eng,ENG,3.94,14838,6695
6697,Barnyard Dance,Sandra Boynton,en-US,EN-US,4.25,18694,6696
6698,"Field of Prey (Lucas Davenport, #24)",John Sandford,eng,ENG,4.22,10919,6697
6699,The Passenger,Lisa Lutz,eng,ENG,3.71,13544,6698
6700,"Rush Too Far (Rosemary Beach, #4; Too Far, #4)",Abbi Glines,eng,ENG,4.25,25432,6699
6701,"Red Prophet (Tales of Alvin Maker, #2)",Orson Scott Card,en-US,EN-US,3.78,16704,6700
6702,Animalia,Graeme Base,eng,ENG,4.28,18886,6701
6703,"A Hidden Fire (Elemental Mysteries, #1)",Elizabeth   Hunter,unknown,UNKNOWN,4.05,13646,6702
6704,Stone Butch Blues,Leslie Feinberg,en-US,EN-US,4.27,13570,6703
6705,Don't Look Back,Jennifer L. Armentrout,eng,ENG,4.11,11499,6704
6706,"Girl Waits with Gun (Kopp Sisters, #1)",Amy  Stewart,eng,ENG,3.78,13775,6705
6707,Astonish Me,Maggie Shipstead,eng,ENG,3.57,7504,6706
6708,A Fish Out of Water,"Helen Marion Palmer, P.D. Eastman",eng,ENG,4.21,19536,6707
6709,"Look to Windward (Culture, #7)",Iain M. Banks,eng,ENG,4.16,13916,6708
6710,The Running Dream,Wendelin Van Draanen,eng,ENG,4.3,17061,6709
6711,"Epilogue (The Dark Duet, #3)",C.J. Roberts,en-GB,EN-GB,4.29,24750,6710
6712,Ultramarathon Man: Confessions of an All-Night Runner,Dean Karnazes,unknown,UNKNOWN,3.94,11706,6711
6713,An Officer and a Spy,Robert   Harris,eng,ENG,4.14,9411,6712
6714,In the Kingdom of Ice: The Grand and Terrible Polar Voyage of the USS Jeannette,Hampton Sides,eng,ENG,4.18,11444,6713
6715,A Stranger Is Watching,Mary Higgins Clark,eng,ENG,3.91,15659,6714
6716,"Double Fudge (Fudge, #5)",Judy Blume,eng,ENG,3.96,17622,6715
6717,"The Morganville Vampires, Volume 3 (The Morganville Vampires, #5-6)",Rachel Caine,eng,ENG,4.39,13849,6716
6718,Be Careful What You Wish For,Alexandra Potter,en-GB,EN-GB,3.75,12698,6717
6719,Storm Born (Dark Swan #1),Richelle Mead,eng,ENG,3.9,25018,6718
6720,"Locke & Key, Vol. 4: Keys to the Kingdom","Joe Hill, Gabriel Rodríguez",eng,ENG,4.44,17333,6719
6721,"Envy (Luxe, #3)",Anna Godbersen,en-US,EN-US,3.91,20432,6720
6722,"Horde (Razorland, #3)",Ann Aguirre,en-CA,EN-CA,4.28,17422,6721
6723,Girls of Riyadh,Rajaa Alsanea,eng,ENG,3.17,8200,6722
6724,The Mixed-Up Chameleon,Eric Carle,unknown,UNKNOWN,4.21,15530,6723
6725,Kitty and the Midnight Hour (Kitty Norville #1),Carrie Vaughn,en-US,EN-US,3.66,25102,6724
6726,Waiting,Ha Jin,en-US,EN-US,3.49,15277,6725
6727,Burmese Days,George Orwell,unknown,UNKNOWN,3.84,12119,6726
6728,The Jester,"James Patterson, Andrew Gross",en-GB,EN-GB,3.79,15313,6727
6729,Ordinary People,Judith Guest,eng,ENG,3.9,15207,6728
6730,In Real Life,"Cory Doctorow, Jen Wang",eng,ENG,3.8,16704,6729
6731,Bad Moon Rising (Dark-Hunter #18; Were-Hunter #4; Hellchaser #2),Sherrilyn Kenyon,eng,ENG,4.29,13608,6730
6732,"Robin Hood, The Prince of Thieves",Alexandre Dumas,eng,ENG,4.0,14710,6731
6733,"Peeps (Peeps, #1)",Scott Westerfeld,eng,ENG,3.77,20702,6732
6734,"The Riddle (The Books of Pellinor, #2)",Alison Croggon,en-US,EN-US,4.1,16605,6733
6735,"Jealousy (Strange Angels, #3)","Lili St. Crow, Lilith Saintcrow",unknown,UNKNOWN,4.15,21396,6734
6736,Collected Poems,Dylan Thomas,eng,ENG,4.2,13188,6735
6737,Vinegar Girl,Anne Tyler,eng,ENG,3.42,13216,6736
6738,"The Hedge Knight (The Hedge Knight Graphic Novels, #1)","Ben Avery, Mike S. Miller, George R.R. Martin",eng,ENG,4.11,12192,6737
6739,"Breathe (Colorado Mountain, #4)",Kristen Ashley,eng,ENG,4.38,26589,6738
6740,"The Blackhouse (Lewis Trilogy, #1)",Peter  May,eng,ENG,4.04,11745,6739
6741,"Scandal in Spring (Wallflowers, #4)",Lisa Kleypas,en-US,EN-US,4.02,25262,6740
6742,On the Street Where You Live,Mary Higgins Clark,eng,ENG,3.85,16327,6741
6743,"Succubus on Top (Georgina Kincaid, #2)",Richelle Mead,en-US,EN-US,4.07,24091,6742
6744,"The Silent Blade (Forgotten Realms: Paths of Darkness, #1; Legend of Drizzt, #11)",R.A. Salvatore,en-US,EN-US,4.1,13813,6743
6745,Inherit the Wind,"Jerome Lawrence, Robert E.  Lee",eng,ENG,3.96,16418,6744
6746,Round Ireland with a Fridge,Tony Hawks,en-US,EN-US,3.78,13143,6745
6747,"The Dark and Hollow Places (The Forest of Hands and Teeth, #3)",Carrie Ryan,eng,ENG,4.03,19282,6746
6748,Uganda Be Kidding Me,Chelsea Handler,eng,ENG,3.63,11627,6747
6749,"This Book Is Not Good for You (Secret, #3)","Pseudonymous Bosch, Gilbert Ford",en-US,EN-US,4.29,16852,6748
6750,Eating the Dinosaur,Chuck Klosterman,eng,ENG,3.75,12571,6749
6751,The Declaration of Independence and The Constitution of the United States,Founding Fathers,unknown,UNKNOWN,4.44,14047,6750
6752,"Aztec (Aztec, #1)",Gary Jennings,en-US,EN-US,4.19,12422,6751
6753,All the Birds in the Sky,Charlie Jane Anders,eng,ENG,3.58,14769,6752
6754,Dodger,Terry Pratchett,eng,ENG,3.9,14775,6753
6755,"The River (Brian's Saga, #2)",Gary Paulsen,unknown,UNKNOWN,3.77,14198,6754
6756,"Wildwood Dancing (Wildwood, #1)",Juliet Marillier,en-US,EN-US,4.09,21810,6755
6757,Home Again,Kristin Hannah,eng,ENG,3.95,13791,6756
6758,Books of Blood: Volume One (Books of Blood #1),Clive Barker,eng,ENG,4.0,14751,6757
6759,"Indebted (The Premonition, #3)",Amy A. Bartol,en-GB,EN-GB,4.37,17988,6758
6760,The Man From St. Petersburg,Ken Follett,eng,ENG,3.84,13193,6759
6761,"Daring to Dream (Dream Trilogy, #1)",Nora Roberts,eng,ENG,4.01,18952,6760
6762,"Judgment in Death (In Death, #11)","J.D. Robb, Nora Roberts",eng,ENG,4.33,21446,6761
6763,"Innocent in Death (In Death, #24)",J.D. Robb,en-US,EN-US,4.36,19210,6762
6764,Waiting to Be Heard: A Memoir,Amanda Knox,eng,ENG,3.8,11891,6763
6765,"Once Upon a Marigold (Upon a Marigold, #1)",Jean Ferris,eng,ENG,3.98,20394,6764
6766,"The Wedding (Lairds' Fiancées, #2)",Julie Garwood,eng,ENG,4.18,20297,6765
6767,"The Dead in Their Vaulted Arches (Flavia de Luce, #6)",Alan Bradley,eng,ENG,4.16,17789,6766
6768,Heart of Darkness and The Secret Sharer,Joseph Conrad,eng,ENG,3.49,13649,6767
6769,S.,"J.J. Abrams, Doug Dorst",eng,ENG,3.84,12533,6768
6770,Lullabies for Little Criminals,Heather O'Neill,eng,ENG,3.95,14535,6769
6771,"Fairest (An Unfortunate Fairy Tale, #2)",Chanda Hahn,en-US,EN-US,4.12,16315,6770
6772,رباعيات خيام,"Omar Khayyám, محمدعلی فروغی, قاسم غنی",per,PER,4.18,3200,6771
6773,"Sever (The Chemical Garden, #3)",Lauren DeStefano,eng,ENG,3.8,21349,6772
6774,"Fourth Grave Beneath My Feet (Charley Davidson, #4)",Darynda Jones,eng,ENG,4.4,13274,6773
6775,"Runaways, Vol. 1: Pride and Joy (Runaways, #1)","Brian K. Vaughan, Adrian Alphona",eng,ENG,4.02,18111,6774
6776,"The Legend of Huma (Dragonlance: Heroes, #1)",Richard A. Knaak,en-US,EN-US,4.03,14765,6775
6777,The Dogs of Babel,Carolyn  Parkhurst,eng,ENG,3.56,14966,6776
6778,Madeline and the Bad Hat,Ludwig Bemelmans,en-US,EN-US,4.27,16180,6777
6779,"77 Shadow Street (Pendleton, #1)",Dean Koontz,eng,ENG,3.29,14092,6778
6780,"Sir Thursday (The Keys to the Kingdom, #4)",Garth Nix,en-US,EN-US,3.94,17624,6779
6781,"Parallel Worlds: A Journey Through Creation, Higher Dimensions, and the Future of the Cosmos",Michio Kaku,eng,ENG,4.17,12620,6780
6782,Facing Your Giants: A David and Goliath Story for Everyday People,Max Lucado,unknown,UNKNOWN,4.43,11691,6781
6783,"Fate (My Blood Approves, #2)",Amanda Hocking,en-GB,EN-GB,3.99,18021,6782
6784,Ina May's Guide to Childbirth,Ina May Gaskin,unknown,UNKNOWN,4.42,12044,6783
6785,Anne Frank : The Biography,"Melissa Müller, Rita Kimber, Robert Kimber",unknown,UNKNOWN,4.31,15656,6784
6786,The Krishna Key,Ashwin Sanghi,en-US,EN-US,3.48,11563,6785
6787,Tropic of Capricorn,Henry Miller,eng,ENG,3.85,12082,6786
6788,An Occurrence at Owl Creek Bridge,Ambrose Bierce,eng,ENG,4.02,15332,6787
6789,The Sweet Gum Tree,Katherine Allred,eng,ENG,4.3,22577,6788
6790,"Flight of the Old Dog (Patrick McLanahan, #1)",Dale Brown,eng,ENG,4.08,13607,6789
6791,A Complicated Kindness,Miriam Toews,en-US,EN-US,3.64,13981,6790
6792,"Raven Rise (Pendragon, #9)",D.J. MacHale,en-US,EN-US,4.2,17691,6791
6793,Glory over Everything: Beyond The Kitchen House,Kathleen Grissom,eng,ENG,4.24,13451,6792
6794,"Class A (Cherub, #2)",Robert Muchamore,en-US,EN-US,4.26,14299,6793
6795,"A New Song (Mitford Years, #5)",Jan Karon,unknown,UNKNOWN,4.28,15387,6794
6796,"Deeper Than the Dead (Oak Knoll, #1)",Tami Hoag,eng,ENG,4.04,14611,6795
6797,"Dust of Dreams (The Malazan Book of the Fallen, #9)",Steven Erikson,eng,ENG,4.31,14435,6796
6798,Accelerando (Singularity),Charles Stross,en-US,EN-US,3.87,14690,6797
6799,Girl at War,Sara Nović,eng,ENG,3.98,13827,6798
6800,"Lord Loss (The Demonata, #1)",Darren Shan,eng,ENG,4.21,15325,6799
6801,"Runaway (Airhead, #3)",Meg Cabot,eng,ENG,3.93,20846,6800
6802,"Sidetracked (Kurt Wallander, #5)","Henning Mankell, Steven T. Murray",eng,ENG,4.05,13401,6801
6803,"Sometimes It Lasts (Sea Breeze, #5)",Abbi Glines,eng,ENG,4.28,23166,6802
6804,Drift: The Unmooring of American Military Power,Rachel Maddow,eng,ENG,4.07,12980,6803
6805,"Graduation Day (The Testing, #3)",Joelle Charbonneau,eng,ENG,3.81,14963,6804
6806,The Honk and Holler Opening Soon,Billie Letts,en-US,EN-US,3.93,16487,6805
6807,Strange Highways,Dean Koontz,unknown,UNKNOWN,3.83,15265,6806
6808,The Passion,Jeanette Winterson,eng,ENG,4.12,13391,6807
6809,The Power of the Dog,Don Winslow,eng,ENG,4.36,10195,6808
6810,America's First Daughter,"Stephanie Dray, Laura Kamoie",eng,ENG,4.22,13279,6809
6811,"The Undead Pool (The Hollows, #12)",Kim Harrison,eng,ENG,4.43,17043,6810
6812,"On the Edge (The Edge, #1)",Ilona Andrews,eng,ENG,4.02,25915,6811
6813,Kira-Kira,Cynthia Kadohata,eng,ENG,3.9,18166,6812
6814,"The Human Division (Old Man's War, #5)",John Scalzi,en-CA,EN-CA,4.07,13685,6813
6815,"The Fate of Ten (Lorien Legacies, #6)",Pittacus Lore,eng,ENG,4.32,16819,6814
6816,"The Fourth Bear (Nursery Crime, #2)",Jasper Fforde,en-US,EN-US,4.07,16851,6815
6817,"The Unwritten, Vol. 1: Tommy Taylor and the Bogus Identity","Mike Carey, Bill Willingham, Peter Gross",eng,ENG,3.76,16759,6816
6818,The Enchantress of Florence,Salman Rushdie,eng,ENG,3.57,12310,6817
6819,"Life is What You Make It: A Story of Love, Hope and How Determination Can Overcome Even Destiny",Preeti Shenoy,eng,ENG,3.54,11292,6818
6820,"The History of Sexuality, Volume 1: An Introduction","Michel Foucault, Robert Hurley",eng,ENG,4.03,12565,6819
6821,"Takedown (Scot Harvath, #5)",Brad Thor,eng,ENG,4.26,13372,6820
6822,"From the Earth to the Moon (Extraordinary Voyages, #4)",Jules Verne,eng,ENG,3.78,14721,6821
6823,"Armageddon: The Cosmic Battle of the Ages (Left Behind, #11)","Tim LaHaye, Jerry B. Jenkins",en-US,EN-US,4.02,14251,6822
6824,Van Gogh: The Life,"Steven Naifeh, Gregory White Smith",eng,ENG,4.09,13659,6823
6825,Care of the Soul: A Guide for Cultivating Depth and Sacredness in Everyday Life,Thomas  Moore,unknown,UNKNOWN,3.99,12375,6824
6826,"Moonlight Mile (Kenzie & Gennaro,#6)",Dennis Lehane,en-US,EN-US,3.71,15028,6825
6827,Vampires in the Lemon Grove,Karen Russell,eng,ENG,3.67,14384,6826
6828,"First Among Sequels (Thursday Next, #5)",Jasper Fforde,eng,ENG,4.0,18722,6827
6829,The Idiot Girls' Action-Adventure Club: True Tales from a Magnificent and Clumsy Life,Laurie Notaro,en-GB,EN-GB,3.89,15198,6828
6830,"City of Dragons (Rain Wild Chronicles, #3)",Robin Hobb,en-US,EN-US,4.05,13498,6829
6831,"The Heist (Gabriel Allon, #14)",Daniel Silva,eng,ENG,4.11,10479,6830
6832,The Judgment of Paris: The Revolutionary Decade That Gave the World Impressionism,Ross King,en-US,EN-US,3.81,10382,6831
6833,Darkfall,Dean Koontz,en-US,EN-US,3.8,15301,6832
6834,"Sweet Reckoning (Sweet, #3)",Wendy Higgins,eng,ENG,4.35,23969,6833
6835,"Well-Schooled in Murder (Inspector Lynley, #3)",Elizabeth  George,eng,ENG,4.11,16485,6834
6836,"Perfect (Second Opportunities, #2)",Judith McNaught,eng,ENG,4.3,18498,6835
6837,Someone,Alice McDermott,eng,ENG,3.76,12401,6836
6838,"Brilliance of the Moon (Tales of the Otori, #3)",Lian Hearn,unknown,UNKNOWN,4.04,13124,6837
6839,Suicide Notes,Michael Thomas Ford,eng,ENG,3.92,14749,6838
6840,Starter for Ten,David Nicholls,eng,ENG,3.58,11757,6839
6841,The Three Little Pigs,"Elizabeth Ross, ROFry",eng,ENG,4.26,14779,6840
6842,"Twenty Years After (The D'Artagnan Romances, #2)","Alexandre Dumas, David Coward, Auguste Maquet",unknown,UNKNOWN,4.01,14539,6841
6843,Friction,Sandra Brown,en-CA,EN-CA,3.93,9969,6842
6844,Moon Palace,Paul Auster,eng,ENG,3.99,12170,6843
6845,"The Seventh Gate (The Death Gate Cycle, #7)","Margaret Weis, Tracy Hickman",en-US,EN-US,4.09,14827,6844
6846,"Hellboy, Vol. 2: Wake the Devil (Hellboy, #2)",Mike Mignola,eng,ENG,4.2,14144,6845
6847,"The Unwanteds (Unwanteds, #1)",Lisa McMann,eng,ENG,4.07,16776,6846
6848,"Ashfall (Ashfall, #1)",Mike Mullin,eng,ENG,3.96,18583,6847
6849,"Bright Side (Bright Side, #1)",Kim Holden,eng,ENG,4.42,17046,6848
6850,The Day Jimmy's Boa Ate the Wash,"Trinka Hakes Noble, Steven Kellogg",unknown,UNKNOWN,4.16,16875,6849
6851,"The Panther  (John Corey, #6)",Nelson DeMille,eng,ENG,3.93,11695,6850
6852,Under the Skin,Michel Faber,unknown,UNKNOWN,3.72,11360,6851
6853,The Unexpected Mrs. Pollifax  (Mrs. Pollifax #1),Dorothy Gilman,eng,ENG,4.14,15666,6852
6854,"White Fire (Pendergast, #13)","Douglas Preston, Lincoln Child",eng,ENG,4.07,12277,6853
6855,"The Innocent Mage (Kingmaker, Kingbreaker, #1)",Karen Miller,eng,ENG,3.65,15419,6854
6856,Wir Kinder vom Bahnhof Zoo,"Christiane F., Kai Hermann, Horst Rieck",ger,GER,4.16,10070,6855
6857,Dragons of Eden: Speculations on the Evolution of Human Intelligence,Carl Sagan,eng,ENG,4.16,13310,6856
6858,"S is for Silence (Kinsey Millhone, #19)",Sue Grafton,eng,ENG,3.9,17879,6857
6859,"Maximum Security (Cherub, #3)",Robert Muchamore,eng,ENG,4.24,14860,6858
6860,Frédéric,Leo Lionni,fre,FRE,4.19,16222,6859
6861,"Inside Out (Insider, #1)",Maria V. Snyder,eng,ENG,3.82,20472,6860
6862,"March: Book One (March, #1)","John             Lewis, Andrew Aydin, Nate Powell",eng,ENG,4.33,19430,6861
6863,Everything That Rises Must Converge: Stories,"Flannery O'Connor, Robert Fitzgerald",eng,ENG,4.27,14534,6862
6864,"Dream Chaser (Dark-Hunter #13, Dream-Hunter #3)",Sherrilyn Kenyon,eng,ENG,4.2,23294,6863
6865,The Gun Seller,Hugh Laurie,en-US,EN-US,3.69,13247,6864
6866,I Remember Nothing: and Other Reflections,Nora Ephron,en-US,EN-US,3.73,13875,6865
6867,Malgudi Days,"R.K. Narayan, Jhumpa Lahiri",eng,ENG,4.2,11527,6866
6868,The Subtle Art of Not Giving a F*ck: A Counterintuitive Approach to Living a Good Life,Mark Manson,eng,ENG,4.03,41087,6867
6869,Six Days of the Condor,James Grady,eng,ENG,4.08,13779,6868
6870,Digging to America,Anne Tyler,eng,ENG,3.53,15484,6869
6871,"The Dark Monk (The Hangman's Daughter, #2)","Oliver Pötzsch, Lee Chadeayne",en-US,EN-US,3.82,10785,6870
6872,"Flaskepost fra P (Afdeling Q, #3)",Jussi Adler-Olsen,dan,DAN,4.04,9658,6871
6873,"The Bellmaker (Redwall, #7)",Brian Jacques,unknown,UNKNOWN,3.95,17476,6872
6874,Caressed by Ice (Psy-Changeling #3),Nalini Singh,eng,ENG,4.33,24390,6873
6875,Artisan Bread in Five Minutes a Day: The Discovery That Revolutionizes Home Baking,"Jeff Hertzberg, Zoë François, Mark Luinenburg",eng,ENG,4.11,13984,6874
6876,"The Code of the Woosters (Jeeves, #7)",P.G. Wodehouse,eng,ENG,4.36,8979,6875
6877,A House for Mr Biswas,V.S. Naipaul,en-GB,EN-GB,3.82,13073,6876
6878,"The Bone Bed (Kay Scarpetta, #20)",Patricia Cornwell,en-US,EN-US,3.64,13557,6877
6879,The Fry Chronicles (Memoir #2),Stephen Fry,eng,ENG,3.87,14037,6878
6880,Second Treatise of Government,"John Locke, C.B. Macpherson",eng,ENG,3.75,14549,6879
6881,Better off Friends,Elizabeth Eulberg,eng,ENG,3.95,15692,6880
6882,The Shallows: What the Internet is Doing to Our Brains,Nicholas Carr,eng,ENG,3.85,6938,6881
6883,The House at Tyneford,Natasha Solomons,eng,ENG,3.78,14092,6882
6884,"The Autobiography of Martin Luther King, Jr.","Martin Luther King Jr., Clayborne Carson",eng,ENG,4.31,11261,6883
6885,"Geisha, a Life","Mineko Iwasaki, Rande Brown",en-US,EN-US,3.92,12995,6884
6886,The Knowledge of the Holy,A.W. Tozer,eng,ENG,4.37,13800,6885
6887,Day Watch (Watch #2),"Sergei Lukyanenko, Andrew Bromfield",eng,ENG,4.05,13812,6886
6888,The Codex,Douglas Preston,unknown,UNKNOWN,3.88,15047,6887
6889,A Home at the End of the World,Michael Cunningham,en-US,EN-US,3.89,13228,6888
6890,"Batman, Volume 2: The City of Owls","Scott Snyder, Greg Capullo, Jonathan Glapion, James Tynion IV, Rafael Albuquerque, Jason Fabok, Becky Cloonan, Andy Clarke, Sandu Florea",eng,ENG,4.26,13864,6889
6891,Magic's Pawn (Valdemar: Last Herald-Mage #1),Mercedes Lackey,en-US,EN-US,4.21,19865,6890
6892,CivilWarLand in Bad Decline,George Saunders,eng,ENG,4.22,10525,6891
6893,SEAL Team Six: Memoirs of an Elite Navy SEAL Sniper,"Howard E. Wasdin, Stephen Templin",en-US,EN-US,4.0,10582,6892
6894,Sacred Contracts: Awakening Your Divine Potential,Caroline Myss,en-US,EN-US,3.97,12218,6893
6895,How We Are Hungry,Dave Eggers,eng,ENG,3.75,11282,6894
6896,"Five Dialogues: Euthyphro, Apology, Crito, Meno, Phaedo","Plato, G.M.A. Grube, John M. Cooper",eng,ENG,4.1,13301,6895
6897,"Wrong (Wrong, #1)",Jana Aston,eng,ENG,3.94,14596,6896
6898,The Happy Prince,Oscar Wilde,eng,ENG,4.22,17522,6897
6899,"The Line (Witching Savannah, #1)",J.D. Horn,eng,ENG,3.78,7834,6898
6900,"Twisted Palace (The Royals, #3)",Erin Watt,eng,ENG,4.0,16342,6899
6901,"The Diamond of Darkhold (Book of Ember, #4)",Jeanne DuPrau,eng,ENG,3.79,18425,6900
6902,Standing for Something: 10 Neglected Virtues That Will Heal Our Hearts and Homes,Gordon B. Hinckley,unknown,UNKNOWN,4.61,12708,6901
6903,"A Death in Vienna (Gabriel Allon, #4)",Daniel Silva,eng,ENG,4.17,12761,6902
6904,"Pucked (Pucked, #1)",Helena Hunting,eng,ENG,4.05,20014,6903
6905,Notorious RBG: The Life and Times of Ruth Bader Ginsburg,"Irin Carmon, Shana Knizhnik",eng,ENG,4.22,15626,6904
6906,"Touch of Frost (Mythos Academy, #1)",Jennifer Estep,en-US,EN-US,3.96,23343,6905
6907,Never Knowing,Chevy Stevens,eng,ENG,3.85,16178,6906
6908,The Aquitaine Progression,Robert Ludlum,eng,ENG,3.9,14100,6907
6909,"The Forsyte Saga (The Forsyte Chronicles, #1-3)",John Galsworthy,eng,ENG,4.15,14218,6908
6910,"O is for Outlaw (Kinsey Millhone, #15)",Sue Grafton,eng,ENG,3.92,18715,6909
6911,"Deadly Little Secret (Touch, #1)",Laurie Faria Stolarz,eng,ENG,3.86,20156,6910
6912,"The Chase (Fox and O'Hare, #2)","Janet Evanovich, Lee Goldberg",eng,ENG,3.93,14059,6911
6913,The Orange Girl,"Jostein Gaarder, James Anderson",eng,ENG,3.91,10355,6912
6914,The House of Thunder,"Leigh Nichols, Dean Koontz",eng,ENG,3.78,14618,6913
6915,"The Dead of Night (Tomorrow, #2)",John Marsden,eng,ENG,4.13,15240,6914
6916,My Cousin Rachel,Daphne du Maurier,eng,ENG,3.92,9557,6915
6917,Absurdistan,Gary Shteyngart,eng,ENG,3.29,10712,6916
6918,"Invincible (Chronicles of Nick, #2)",Sherrilyn Kenyon,en-US,EN-US,4.27,19887,6917
6919,Napalm & Silly Putty,George Carlin,eng,ENG,4.12,12798,6918
6920,The Indispensable Calvin and Hobbes,Bill Watterson,eng,ENG,4.73,14597,6919
6921,Funny in Farsi: A Memoir of Growing Up Iranian in America,Firoozeh Dumas,eng,ENG,3.76,10008,6920
6922,Leading Change,John P. Kotter,unknown,UNKNOWN,4.01,12245,6921
6923,"Witness in Death (In Death, #10)","J.D. Robb, Susan Ericksen",eng,ENG,4.3,19178,6922
6924,The Shadow of the Torturer (The Book of the New Sun #1),Gene Wolfe,eng,ENG,3.8,15507,6923
6925,Ask the Passengers,A.S. King,en-US,EN-US,3.88,17896,6924
6926,"Foxglove Summer (Peter Grant, #5)",Ben Aaronovitch,eng,ENG,4.18,12167,6925
6927,The Grand Sophy,Georgette Heyer,eng,ENG,4.16,16282,6926
6928,The Road to Serfdom,Friedrich A. Hayek,en-US,EN-US,4.18,11306,6927
6929,Terms of Enlistment (Frontlines #1),Marko Kloos,eng,ENG,3.96,12890,6928
6930,"Reaper's Legacy (Reapers MC, #2)",Joanna Wylde,eng,ENG,4.27,28046,6929
6931,"Lord John and the Brotherhood of the Blade  (Lord John Grey, #2)",Diana Gabaldon,en-US,EN-US,3.86,14952,6930
6932,The Executioner's Song,Norman Mailer,eng,ENG,4.07,13829,6931
6933,"Suspect (Scott James & Maggie, #1)",Robert Crais,eng,ENG,4.14,14501,6932
6934,Tar Baby,Toni Morrison,en-CA,EN-CA,3.91,13951,6933
6935,The Twenty-One Balloons,William Pène du Bois,en-US,EN-US,3.96,17385,6934
6936,"Stolen Prey (Lucas Davenport, #22)",John Sandford,eng,ENG,4.17,13426,6935
6937,The Design of Everyday Things,Donald A. Norman,en-US,EN-US,4.18,11838,6936
6938,Running Out of Time,Margaret Peterson Haddix,eng,ENG,3.98,19126,6937
6939,Damaged: The Heartbreaking True Story of a Forgotten Child,Cathy Glass,unknown,UNKNOWN,4.2,11465,6938
6940,"Her Final Breath (Tracy Crosswhite, #2)",Robert Dugoni,eng,ENG,4.27,17504,6939
6941,"Something Wonderful (Sequels, #2)",Judith McNaught,eng,ENG,4.33,20049,6940
6942,Tribute,Nora Roberts,eng,ENG,3.92,18811,6941
6943,"16 Lighthouse Road (Cedar Cove, #1)",Debbie Macomber,eng,ENG,4.08,9938,6942
6944,A Man in Full,Tom Wolfe,unknown,UNKNOWN,3.8,12540,6943
6945,Having a Mary Heart in a Martha World: Finding Intimacy With God in the Busyness of Life,Joanna Weaver,en-US,EN-US,4.16,12501,6944
6946,I'd Know You Anywhere,Laura Lippman,en-US,EN-US,3.47,15337,6945
6947,The Strange and Beautiful Sorrows of Ava Lavender,Leslye Walton,eng,ENG,4.12,18562,6946
6948,"Sense & Sensibility (The Austen Project, #1)",Joanna Trollope,eng,ENG,3.55,11346,6947
6949,7: An Experimental Mutiny Against Excess,Jen Hatmaker,eng,ENG,4.13,13434,6948
6950,"Archangel's Consort (Guild Hunter, #3)",Nalini Singh,en-US,EN-US,4.24,24487,6949
6951,Sacajawea (Lewis & Clark Expedition),Anna Lee Waldo,eng,ENG,4.23,13504,6950
6952,"The Declaration (The Declaration, #1)",Gemma Malley,unknown,UNKNOWN,3.71,16224,6951
6953,"Avatar: The Last Airbender (The Rift, #1)","Gene Luen Yang, Michael Dante DiMartino, Bryan Konietzko, Gurihiru",eng,ENG,4.33,10560,6952
6954,Independence Day,Richard Ford,eng,ENG,3.86,11663,6953
6955,"The Last Patriot (Scot Harvath, #7)",Brad Thor,eng,ENG,4.16,12264,6954
6956,"Leven Thumps and the Gateway to Foo (Leven Thumps, #1)",Obert Skye,unknown,UNKNOWN,3.71,17760,6955
6957,Bridge to Haven,Francine Rivers,eng,ENG,4.07,11325,6956
6958,The Engagements,J. Courtney Sullivan,eng,ENG,3.59,8634,6957
6959,"Runaway Ralph (Ralph S. Mouse, #2)",Beverly Cleary,unknown,UNKNOWN,3.95,16845,6958
6960,"Creed (Unfinished Hero, #2)",Kristen Ashley,eng,ENG,4.17,26696,6959
6961,Blink,Ted Dekker,unknown,UNKNOWN,4.17,12037,6960
6962,"The Black Widow (Gabriel Allon, #16)",Daniel Silva,eng,ENG,4.34,8822,6961
6963,Believing Christ: The Parable of the Bicycle and Other Good News,Stephen E. Robinson,eng,ENG,4.51,12951,6962
6964,Wake (Watersong #1),Amanda Hocking,en-US,EN-US,3.7,17833,6963
6965,A Dark Lure,Loreth Anne White,en-US,EN-US,4.14,12579,6964
6966,The Code Book: The Science of Secrecy from Ancient Egypt to Quantum Cryptography,Simon Singh,eng,ENG,4.28,12919,6965
6967,"Touch the Dark (Cassandra Palmer, #1)",Karen Chance,eng,ENG,3.7,26970,6966
6968,Carrion Comfort,Dan Simmons,eng,ENG,3.89,13285,6967
6969,"The Mind Readers (Mind Readers, #1)",Lori Brighton,eng,ENG,3.76,9825,6968
6970,"The Highlander's Touch (Highlander, #3)",Karen Marie Moning,eng,ENG,4.15,22072,6969
6971,The Smitten Kitchen Cookbook,Deb Perelman,unknown,UNKNOWN,4.14,15860,6970
6972,"The Cross of Lead (Crispin, #1)",Avi,eng,ENG,3.59,18277,6971
6973,"Wielding a Red Sword (Incarnations of Immortality, #4)",Piers Anthony,en-US,EN-US,3.93,16222,6972
6974,"Deep (Stage Dive, #4)",Kylie Scott,eng,ENG,4.09,25588,6973
6975,Honor Among Thieves,Jeffrey Archer,unknown,UNKNOWN,3.82,12409,6974
6976,"Superman: Earth One, Volume 1","J. Michael Straczynski, Shane Davis, Sandra Hope, Barbara Ciardo, Rob Leigh",eng,ENG,3.9,12982,6975
6977,The Mortal Instruments (The Mortal Instruments #1-4),Cassandra Clare,eng,ENG,4.59,13996,6976
6978,Foxe's Book of Martyrs,"John Foxe, W. Grinton Berry",en-CA,EN-CA,4.25,12117,6977
6979,"See Jane Score (Chinooks Hockey Team, #2)",Rachel Gibson,eng,ENG,4.06,20770,6978
6980,A Yellow Raft in Blue Water,Michael Dorris,en-US,EN-US,3.84,14380,6979
6981,"Rosemary and Rue (October Daye, #1)",Seanan McGuire,en-US,EN-US,3.74,21030,6980
6982,"Another Fine Myth (Myth Adventures, #1)",Robert Lynn Asprin,en-US,EN-US,4.03,17018,6981
6983,"Forever Mine (The Moreno Brothers, #1)",Elizabeth Reyes,en-GB,EN-GB,3.88,18346,6982
6984,"Soccernomics: Why England Loses, Why Germany and Brazil Win, and Why the U.S., Japan, Australia, Turkey--and Even Iraq--Are Destined to Become the Kings of the World's Most Popular Sport","Simon Kuper, Stefan Szymanski",en-US,EN-US,3.91,10577,6983
6985,"Sapphique (Incarceron, #2)",Catherine Fisher,eng,ENG,3.7,16475,6984
6986,"Don't Die, My Love",Lurlene McDaniel,unknown,UNKNOWN,4.12,14197,6985
6987,Harvest,Tess Gerritsen,eng,ENG,4.09,14274,6986
6988,How to Cook Everything Vegetarian: Simple Meatless Recipes for Great Food,Mark Bittman,eng,ENG,4.08,12262,6987
6989,A Little Something Different,Sandy   Hall,eng,ENG,3.65,14206,6988
6990,This is the Story of a Happy Marriage,Ann Patchett,eng,ENG,4.03,13126,6989
6991,Diary of a Wimpy Kid: #1-4,Jeff Kinney,en-US,EN-US,4.45,10752,6990
6992,"Think of a Number (Dave Gurney, #1)",John Verdon,eng,ENG,3.83,11877,6991
6993,Lullabies,Lang Leav,eng,ENG,4.05,14539,6992
6994,Birthright,Nora Roberts,eng,ENG,3.99,19024,6993
6995,The Peacegiver: How Christ Offers to Heal Our Hearts and Homes,James L. Ferrell,eng,ENG,4.41,12313,6994
6996,Cod: A Biography of the Fish that Changed the World,Mark Kurlansky,eng,ENG,3.92,13137,6995
6997,The Hidden Reality: Parallel Universes and the Deep Laws of the Cosmos,Brian Greene,eng,ENG,4.05,12080,6996
6998,The Feminine Mystique,"Betty Friedan, Anna Quindlen",eng,ENG,3.85,9823,6997
6999,Brighton Rock,"Graham Greene, J.M. Coetzee",eng,ENG,3.72,13871,6998
7000,كخه يا بابا,عبدالله المغلوث,ara,ARA,3.71,12587,6999
7001,"Stones Into Schools: Promoting Peace With Books, Not Bombs, in Afghanistan and Pakistan","Greg Mortenson, Khaled Hosseini",eng,ENG,3.86,13543,7000
7002,A Mercy,Toni Morrison,en-US,EN-US,3.65,14707,7001
7003,Zodiac,Neal Stephenson,eng,ENG,3.7,13353,7002
7004,Departure,A.G. Riddle,eng,ENG,3.79,11143,7003
7005,"Rock Chick Redemption (Rock Chick, #3)",Kristen Ashley,en-GB,EN-GB,4.43,25766,7004
7006,"The Mystery of the Blue Train (Hercule Poirot, #6)",Agatha Christie,eng,ENG,3.77,17011,7005
7007,"Private #1 Suspect (Private, #2)","James Patterson, Maxine Paetro",eng,ENG,3.95,13428,7006
7008,Pastoralia,George Saunders,eng,ENG,4.11,10786,7007
7009,The Defining Decade: Why Your Twenties Matter--And How to Make the Most of Them Now,Meg Jay,unknown,UNKNOWN,4.11,12731,7008
7010,"The Walking Dead, Vol. 07: The Calm Before","Robert Kirkman, Charlie Adlard, Cliff Rathburn",eng,ENG,4.27,16769,7009
7011,Curious George Rides a Bike,H.A. Rey,unknown,UNKNOWN,4.24,15461,7010
7012,Methuselah's Children,Robert A. Heinlein,en-US,EN-US,3.98,15028,7011
7013,"Hana (Delirium, #1.5)",Lauren Oliver,eng,ENG,3.63,20107,7012
7014,"Preacher, Volume 8: All Hell's a-Coming","Garth Ennis, Steve Dillon, John McCrea",eng,ENG,4.33,14300,7013
7015,"The Little Sisters of Eluria (The Dark Tower, #0.5)","Stephen King, Michael Whelan",eng,ENG,4.24,14287,7014
7016,"Inside, Outside, Upside Down (Berenstain Bears Bright and Early Board Book)","Stan Berenstain, Jan Berenstain",eng,ENG,4.13,15032,7015
7017,"The First Rule (Elvis Cole, #13; Joe Pike, #2)",Robert Crais,en-US,EN-US,4.2,14169,7016
7018,"The Magical Worlds of Harry Potter: A Treasury of Myths, Legends, and Fascinating Facts",David Colbert,eng,ENG,3.96,13820,7017
7019,The Dot,Peter H. Reynolds,en-US,EN-US,4.26,17436,7018
7020,"Forest Born (The Books of Bayern, #4)",Shannon Hale,en-US,EN-US,4.01,20603,7019
7021,The Damnation Game,Clive Barker,eng,ENG,3.82,14299,7020
7022,Ignorance,"Milan Kundera, Linda Asher",fre,FRE,3.76,9625,7021
7023,"Private (Private, #1)",Kate Brian,eng,ENG,3.81,16556,7022
7024,استمتع بحياتك,محمد عبد الرحمن العريفي,ara,ARA,4.21,10882,7023
7025,Sisters,Danielle Steel,eng,ENG,3.81,13621,7024
7026,The Difference Engine ,"William Gibson, Bruce Sterling",en-US,EN-US,3.41,14517,7025
7027,"Preacher, Volume 7: Salvation","Garth Ennis, Steve Dillon",unknown,UNKNOWN,4.3,13902,7026
7028,How Will You Measure Your Life?,"Clayton M. Christensen, James Allworth, Karen Dillon",unknown,UNKNOWN,4.06,11475,7027
7029,I Want My Hat Back,Jon Klassen,eng,ENG,4.39,18489,7028
7030,"The Lone Drow (Forgotten Realms: Hunter's Blades, #2; Legend of Drizzt, #15)",R.A. Salvatore,en-US,EN-US,4.15,12877,7029
7031,"Why We Suck: A Feel Good Guide to Staying Fat, Loud, Lazy and Stupid",Denis Leary,unknown,UNKNOWN,3.67,12880,7030
7032,Bonjour tristesse,Françoise Sagan,fre,FRE,3.62,12355,7031
7033,"Cometh the Hour (The Clifton Chronicles, #6)",Jeffrey Archer,eng,ENG,4.13,7197,7032
7034,A Walk Across the Sun,Corban Addison,en-US,EN-US,4.13,12091,7033
7035,House of Suns,Alastair Reynolds,eng,ENG,4.19,13033,7034
7036,"A Shadow of Light (A Shade of Vampire, #4)",Bella Forrest,eng,ENG,4.1,16380,7035
7037,The Black Cat,Edgar Allan Poe,eng,ENG,4.07,16132,7036
7038,Armor,John Steakley,eng,ENG,4.12,13330,7037
7039,The Brothers Lionheart,"Astrid Lindgren, Ilon Wikland, Jill M. Morgan",eng,ENG,4.35,16325,7038
7040,Don't Go,Lisa Scottoline,eng,ENG,3.72,13056,7039
7041,"Loyalty in Death (In Death, #9)","J.D. Robb, Susan Ericksen",en-GB,EN-GB,4.3,19219,7040
7042,"Q is for Quarry (Kinsey Millhone, #17)",Sue Grafton,eng,ENG,3.91,17505,7041
7043,نادي السيارات,"Alaa Al Aswany, علاء الأسواني",ara,ARA,3.41,8576,7042
7044,The Ship of Brides,Jojo Moyes,en-US,EN-US,3.74,12821,7043
7045,The Story of Tracy Beaker,"Jacqueline Wilson, Nick Sharratt",eng,ENG,3.69,14772,7044
7046,"Generation Kill: Devil Dogs, Iceman, Captain America, and the New Face of American War",Evan Wright,en-US,EN-US,4.25,11680,7045
7047,The Servants of Twilight,"Leigh Nichols, Dean Koontz",eng,ENG,3.81,14476,7046
7048,"Moscow Rules (Gabriel Allon, #8)",Daniel Silva,eng,ENG,4.17,13558,7047
7049,Lab Girl,Hope Jahren,eng,ENG,4.04,16594,7048
7050,"Playing with Fire (Skulduggery Pleasant, #2)",Derek Landy,en-US,EN-US,4.31,15533,7049
7051,"Forever with You (Fixed, #3)",Laurelin Paige,unknown,UNKNOWN,4.33,22824,7050
7052,The Saving Graces,Patricia Gaffney,en-US,EN-US,3.78,13969,7051
7053,Fade Away (Myron Bolitar #3),Harlan Coben,eng,ENG,3.99,14679,7052
7054,"Sons of Destiny (Cirque Du Freak, #12)",Darren Shan,unknown,UNKNOWN,4.22,14997,7053
7055,Amadeus,Peter Shaffer,eng,ENG,4.2,14285,7054
7056,"The Icewind Dale Trilogy Collector's Edition (Forgotten Realms: Icewind Dale, #1-3; Legend of Drizzt, #4-6)",R.A. Salvatore,en-US,EN-US,4.28,11293,7055
7057,"Monument 14 (Monument 14, #1)",Emmy Laybourne,eng,ENG,3.89,17360,7056
7058,"The Black Lyon (Montgomery/Taggert, #1)",Jude Deveraux,eng,ENG,3.99,14456,7057
7059,Grace (Eventually): Thoughts on Faith,Anne Lamott,en-US,EN-US,3.98,12863,7058
7060,Everyday Food: Great Food Fast,Martha Stewart,eng,ENG,3.93,11969,7059
7061,"Beautiful Bombshell (Beautiful Bastard, #2.5)",Christina Lauren,en-US,EN-US,4.06,23755,7060
7062,"Slated (Slated, #1)",Teri Terry,eng,ENG,4.07,17404,7061
7063,Bumi Manusia,Pramoedya Ananta Toer,ind,IND,4.37,8574,7062
7064,"Dark Gold (Dark, #3)",Christine Feehan,eng,ENG,4.16,19210,7063
7065,"206 Bones (Temperance Brennan, #12)",Kathy Reichs,en-US,EN-US,3.92,17160,7064
7066,A Gate at the Stairs,Lorrie Moore,eng,ENG,3.14,13590,7065
7067,"Hostile Witness (Witness Series, #1)",Rebecca Forster,eng,ENG,3.72,8031,7066
7068,Martin Eden,"Jack London, Andrew Sinclair",eng,ENG,4.39,12744,7067
7069,"Wieża Jaskółki (Saga o Wiedźminie, #6)",Andrzej Sapkowski,pol,POL,4.34,10195,7068
7070,"Genghis: Lords of the Bow (Conqueror, #2)",Conn Iggulden,eng,ENG,4.31,11600,7069
7071,A Death in Sweden,Kevin Wignall,unknown,UNKNOWN,3.79,12956,7070
7072,"Wonder Woman, Volume 1: Blood","Brian Azzarello, Cliff Chiang, Tony Akins, Dan Green, Matthew Wilson, Jared K. Fletcher",eng,ENG,3.87,15698,7071
7073,Loving Mr. Daniels,Brittainy C. Cherry,eng,ENG,4.28,18058,7072
7074,"King Henry IV, Part 1 (Wars of the Roses, #2)","William Shakespeare, David Scott Kastan",eng,ENG,3.81,14988,7073
7075,"Go Away, Big Green Monster!",Ed Emberley,eng,ENG,4.21,14322,7074
7076,"Deadman Wonderland, Volume 1 (Deadman Wonderland, #1)","Jinsei Kataoka, Kazuma Kondou",eng,ENG,4.2,12932,7075
7077,The Bloodletter's Daughter: A Novel of Old Bohemia,Linda Lafferty,eng,ENG,3.75,7654,7076
7078,Steel Magnolias (DPS Acting Edition),Robert Harling,eng,ENG,4.24,14651,7077
7079,Rabbit at Rest (Rabbit Angstrom #4),John Updike,eng,ENG,3.96,12221,7078
7080,Icebound,"David Axton, Dean Koontz",eng,ENG,3.73,15271,7079
7081,"The Lives of Christopher Chant (Chrestomanci, #2)",Diana Wynne Jones,unknown,UNKNOWN,4.22,17117,7080
7082,Fevre Dream,George R.R. Martin,eng,ENG,3.85,12708,7081
7083,Snowmen at Night,"Caralyn Buehner, Mark Buehner",en-US,EN-US,4.23,15697,7082
7084,"Hollywood Dirt (Hollywood Dirt, #1)",Alessandra Torre,eng,ENG,4.12,20467,7083
7085,"Futures and Frosting (Chocolate Lovers, #2)",Tara Sivec,eng,ENG,4.28,16341,7084
7086,"Common Sense, The Rights of Man and Other Essential Writings","Thomas Paine, Sidney Hook, Jack Fruchtman Jr.",eng,ENG,4.12,13088,7085
7087,The Good Luck of Right Now,Matthew Quick,eng,ENG,3.61,12230,7086
7088,"The Miracle at Speedy Motors (No.1 Ladies' Detective Agency, #9)",Alexander McCall Smith,en-US,EN-US,4.09,16887,7087
7089,"Goldfinger (James Bond, #7)",Ian Fleming,eng,ENG,3.8,13267,7088
7090,"Nana (Les Rougon-Macquart, #9)",Émile Zola,ger,GER,3.84,13610,7089
7091,"Rise of the Elgen (Michael Vey, #2)",Richard Paul Evans,eng,ENG,4.29,15152,7090
7092,Cabal,Clive Barker,en-US,EN-US,3.92,13557,7091
7093,The Abstinence Teacher,Tom Perrotta,unknown,UNKNOWN,3.24,13303,7092
7094,"No Man's Land (John Puller, #4)",David Baldacci,eng,ENG,4.19,8834,7093
7095,The Runelords (Runelords #1),David Farland,en-US,EN-US,3.74,14938,7094
7096,The Other Typist,Suzanne Rindell,en-GB,EN-GB,3.55,7107,7095
7097,"Welcome to Shadowhunter Academy (Tales from the Shadowhunter Academy, #1)","Cassandra Clare, Sarah Rees Brennan",eng,ENG,4.1,17740,7096
7098,Alien,Alan Dean Foster,eng,ENG,4.08,13669,7097
7099,"The Sentry (Elvis Cole, #14; Joe Pike, #3)",Robert Crais,eng,ENG,4.2,14248,7098
7100,"Sempre (Sempre, #1)",J.M. Darhower,eng,ENG,4.21,14217,7099
7101,"Magic Shifts (Kate Daniels, #8)",Ilona Andrews,eng,ENG,4.47,16363,7100
7102,Mariana,Susanna Kearsley,unknown,UNKNOWN,4.06,13572,7101
7103,Going Solo,"Roald Dahl, Quentin Blake",eng,ENG,4.04,14086,7102
7104,"Clementine (Clementine, #1)","Sara Pennypacker, Marla Frazee",en-US,EN-US,3.9,15584,7103
7105,"The Dragon's Path (The Dagger and the Coin, #1)",Daniel Abraham,eng,ENG,3.78,13508,7104
7106,Old Possum's Book of Practical Cats,"T.S. Eliot, Edward Gorey",en-US,EN-US,4.09,15410,7105
7107,"The Taming of the Queen (The Plantagenet and Tudor Novels, #11)",Philippa Gregory,eng,ENG,3.89,9793,7106
7108,The Pecan Man,Cassie Dandridge Selleck,unknown,UNKNOWN,4.07,12912,7107
7109,"The Man Who Smiled (Kurt Wallander, #4)","Henning Mankell, Laurie Thompson",eng,ENG,3.93,12545,7108
7110,"Paradise Kiss, Vol. 1 (Paradise Kiss, #1)",Ai Yazawa,eng,ENG,4.11,14065,7109
7111,Talent is Overrated: What Really Separates World-Class Performers from Everybody Else,Geoff Colvin,en-US,EN-US,3.96,12511,7110
7112,One Silent Night (Dark-Hunter #15),Sherrilyn Kenyon,eng,ENG,4.13,21869,7111
7113,"The Warrior's Apprentice (Vorkosigan Saga, #2)",Lois McMaster Bujold,eng,ENG,4.29,15782,7112
7114,عابر سرير,"أحلام مستغانمي, Ahlam Mosteghanemi",ara,ARA,3.64,11783,7113
7115,The Complete Phantom of the Opera,"George C. Perry, Clive Barda, Jane Rice, Andrew Lloyd Webber",eng,ENG,4.29,13681,7114
7116,"The Unusual Suspects (The Sisters Grimm, #2)","Michael Buckley, Peter Ferguson",en-US,EN-US,4.22,17793,7115
7117,Life Together: The Classic Exploration of Christian Community,Dietrich Bonhoeffer,unknown,UNKNOWN,4.29,12811,7116
7118,"White Gold Wielder (The Second Chronicles of Thomas Covenant, #3)",Stephen R. Donaldson,eng,ENG,4.01,14117,7117
7119,"The Ship Who Sang (Brainship, #1)",Anne McCaffrey,en-US,EN-US,4.0,18613,7118
7120,"The Dark Forest (Remembrance of Earth’s Past, #2)","Liu Cixin, Joel Martinsen",eng,ENG,4.38,12476,7119
7121,"Blackout (Newsflesh Trilogy, #3)",Mira Grant,eng,ENG,4.11,14819,7120
7122,"Cold Vengeance (Pendergast, #11)","Douglas Preston, Lincoln Child",unknown,UNKNOWN,4.09,13230,7121
7123,The Eyes of Darkness,"Leigh Nichols, Dean Koontz",eng,ENG,3.85,14002,7122
7124,"Heir to the Shadows (The Black Jewels, #2)",Anne Bishop,en-US,EN-US,4.33,18541,7123
7125,"Tears of Tess (Monsters in the Dark, #1)",Pepper Winters,eng,ENG,4.09,22331,7124
7126,"Guilty as Sin  (Deer Lake, #2)",Tami Hoag,eng,ENG,4.1,13575,7125
7127,"Kushiel's Scion (Imriel's Trilogy, #1)",Jacqueline Carey,en-GB,EN-GB,4.19,16358,7126
7128,Chasm City,Alastair Reynolds,eng,ENG,4.12,13802,7127
7129,"The Lost Child of Philomena Lee: A Mother, Her Son and a 50 Year Search",Martin Sixsmith,eng,ENG,3.65,7261,7128
7130,Let's Pretend This Never Happened (Dear Dumb Diary #1),Jim Benton,unknown,UNKNOWN,3.98,13347,7129
7131,"Breaking Night: A Memoir of Forgiveness, Survival, and My Journey from Homeless to Harvard",Liz Murray,en-US,EN-US,4.19,12664,7130
7132,"Treachery in Death (In Death, #32)","J.D. Robb, Nora Roberts",en-US,EN-US,4.43,17289,7131
7133,Under the Wide and Starry Sky,Nancy Horan,eng,ENG,3.57,12105,7132
7134,"Blood Rites (The Grey Wolves, #2)",Quinn Loftis,eng,ENG,4.41,16421,7133
7135,The Adventures of Augie March,"Saul Bellow, Christopher Hitchens",unknown,UNKNOWN,3.84,12830,7134
7136,"Carter Reed (Carter Reed, #1)",Tijan,eng,ENG,4.03,26670,7135
7137,"Man and Boy (Harry Silver, #1)",Tony Parsons,eng,ENG,3.55,11603,7136
7138,The Memoirs of Cleopatra,Margaret George,eng,ENG,4.17,14235,7137
7139,"The Jefferson Key (Cotton Malone, #7)",Steve Berry,en-US,EN-US,3.88,13472,7138
7140,All My Puny Sorrows,Miriam Toews,eng,ENG,3.93,11602,7139
7141,Bittersweet,Miranda Beverly-Whittemore,eng,ENG,3.44,11544,7140
7142,In Search of Schrödinger's Cat: Quantum Physics and Reality,John Gribbin,eng,ENG,4.0,12399,7141
7143,"The Keep (Adversary Cycle, #1)",F. Paul Wilson,en-US,EN-US,3.98,13211,7142
7144,"Middle School: The Worst Years of My Life (Midde School, #1)","James Patterson, Chris Tebbetts, Laura Park",eng,ENG,4.01,14178,7143
7145,"Dawn (Xenogenesis, #1)",Octavia E. Butler,eng,ENG,4.1,13744,7144
7146,"The Google Story: Inside the Hottest Business, Media, and Technology Success of Our Time",David A. Vise,unknown,UNKNOWN,3.81,11158,7145
7147,Every Man Dies Alone,"Hans Fallada, Michael Hofmann, Geoff Wilkes",eng,ENG,4.21,6838,7146
7148,"Rebel of the Sands (Rebel of the Sands, #1)",Alwyn Hamilton,eng,ENG,3.96,16789,7147
7149,"Forever Peace (The Forever War, #2)",Joe Haldeman,en-US,EN-US,3.73,14124,7148
7150,"Betrayal in Death (In Death, #12)","J.D. Robb, Nora Roberts",eng,ENG,4.31,19215,7149
7151,Man and His Symbols,"C.G. Jung, Joseph L. Henderson, Aniela Jaffé, Jolande Jacobi, John Freeman, Marie-Louise von Franz",eng,ENG,4.18,12463,7150
7152,"Pillar of Light (The Work and the Glory, #1)",Gerald N. Lund,unknown,UNKNOWN,4.28,12722,7151
7153,"The Cloud Searchers (Amulet, #3)",Kazu Kibuishi,eng,ENG,4.36,15936,7152
7154,Lily and the Octopus,Steven  Rowley,eng,ENG,3.74,13667,7153
7155,In the Lake of the Woods,Tim O'Brien,eng,ENG,3.78,12441,7154
7156,"Tempt Me at Twilight (The Hathaways, #3)","Lisa Kleypas, Rosalyn Landor",eng,ENG,4.18,23125,7155
7157,"Tiger's Destiny (The Tiger Saga, #4)",Colleen Houck,eng,ENG,4.41,18503,7156
7158,Back Spin (Myron Bolitar #4),Harlan Coben,eng,ENG,3.96,14333,7157
7159,"This Heart of Mine (Chicago Stars, #5)",Susan Elizabeth Phillips,eng,ENG,4.12,21976,7158
7160,"Elixir (Covenant, #3.5)",Jennifer L. Armentrout,unknown,UNKNOWN,4.41,21974,7159
7161,Apple Tree Yard,Louise Doughty,eng,ENG,3.71,10082,7160
7162,The Ice Limit (Ice Limit #1),"Douglas Preston, Lincoln Child",fre,FRE,3.97,12250,7161
7163,"Twisted (Tangled, #2)",Emma Chase,eng,ENG,4.04,24823,7162
7164,"Heartless (Parasol Protectorate, #4)",Gail Carriger,eng,ENG,4.07,22670,7163
7165,"When Calls the Heart (Canadian West, #1)",Janette Oke,en-US,EN-US,4.19,13609,7164
7166,Big Girl Panties,Stephanie Evanovich,eng,ENG,3.44,9798,7165
7167,Saving Grace,Julie Garwood,eng,ENG,4.25,19061,7166
7168,"Married By Morning (The Hathaways, #4)",Lisa Kleypas,eng,ENG,4.14,22830,7167
7169,Pnin,"Vladimir Nabokov, David Lodge",eng,ENG,3.9,11538,7168
7170,"Being a Green Mother (Incarnations of Immortality, #5)",Piers Anthony,en-GB,EN-GB,3.95,15569,7169
7171,"The Inkheart Trilogy: Inkheart, Inkspell, Inkdeath (Inkworld, #1-3)",Cornelia Funke,eng,ENG,4.17,14014,7170
7172,The Overcoat,Nikolai Gogol,unknown,UNKNOWN,4.12,12091,7171
7173,Musashi,"Eiji Yoshikawa, Charles Terry, Edwin O. Reischauer",eng,ENG,4.43,9574,7172
7174,"Finally (Willow Falls, #2)",Wendy Mass,unknown,UNKNOWN,4.19,13268,7173
7175,Ford County,John Grisham,eng,ENG,3.56,13770,7174
7176,The Monk,Matthew      Lewis,eng,ENG,3.8,13633,7175
7177,"Gathering Prey (Lucas Davenport, #25)",John Sandford,unknown,UNKNOWN,4.18,9757,7176
7178,Songs of Willow Frost,Jamie Ford,eng,ENG,3.64,13645,7177
7179,"Jar City (Inspector Erlendur, #3)","Arnaldur Indriðason, Bernard Scudder",eng,ENG,3.8,11803,7178
7180,"The Vanished Man (Lincoln Rhyme, #5)",Jeffery Deaver,en-US,EN-US,4.08,13353,7179
7181,One for the Murphys,Lynda Mullaly Hunt,eng,ENG,4.31,16058,7180
7182,"Fresh Wind, Fresh Fire: What Happens When God's Spirit Invades the Heart of His People","Jim Cymbala, Dean Merrill",unknown,UNKNOWN,4.24,11677,7181
7183,"The Madman’s Daughter (The Madman’s Daughter, #1)",Megan Shepherd,eng,ENG,3.69,17647,7182
7184,"Second Honeymoon (Honeymoon, #2)","James Patterson, Howard Roughan",eng,ENG,3.89,11418,7183
7185,"Hero (Hero, #1)",Samantha Young,eng,ENG,4.1,21777,7184
7186,Brain Droppings,George Carlin,eng,ENG,4.11,13255,7185
7187,Last Chance to See,"Douglas Adams, Mark Carwardine",unknown,UNKNOWN,4.33,13860,7186
7188,"Swindle (Swindle, #1)",Gordon Korman,eng,ENG,3.94,13562,7187
7189,Relish: My Life in the Kitchen,Lucy Knisley,eng,ENG,3.89,13518,7188
7190,What I Thought Was True,Huntley Fitzpatrick,eng,ENG,3.71,16390,7189
7191,Pretty Little Liars (TV Series),Lambert M. Surhone,eng,ENG,4.46,11643,7190
7192,"Ruthless (Pretty Little Liars, #10)",Sara Shepard,en-US,EN-US,3.93,16885,7191
7193,The Secret Life of Violet Grant,Beatriz Williams,eng,ENG,3.97,12825,7192
7194,"Wicked Ties (Wicked Lovers, #1)",Shayla Black,en-US,EN-US,3.97,22097,7193
7195,"Charlie Bone and the Beast (The Children of the Red King, #6)",Jenny Nimmo,en-US,EN-US,3.93,16397,7194
7196,The Baller: A Down and Dirty Football Novel,Vi Keeland,eng,ENG,4.13,17375,7195
7197,"The Providence of Fire (Chronicle of the Unhewn Throne, #2)",Brian Staveley,eng,ENG,4.16,11629,7196
7198,Existentialism Is a Humanism,"Jean-Paul Sartre, Arlette Elkaïm-Sartre, Annie Cohen-Solal, Carol Macomber",en-GB,EN-GB,3.96,12493,7197
7199,My Life on the Road,Gloria Steinem,eng,ENG,4.08,15997,7198
7200,Making Ideas Happen: Overcoming the Obstacles Between Vision and Reality,Scott Belsky,unknown,UNKNOWN,3.94,13229,7199
7201,"Sweet Little Lies (L.A. Candy, #2)",Lauren Conrad,en-US,EN-US,3.53,14901,7200
7202,"Remy (Real, #3)",Katy Evans,eng,ENG,4.31,25386,7201
7203,"Rock Chick Revenge (Rock Chick, #5)",Kristen Ashley,eng,ENG,4.5,26940,7202
7204,The Little Match Girl,"Hans Christian Andersen, Rachel Isadora",eng,ENG,4.08,16478,7203
7205,The Places in Between,Rory Stewart,en-US,EN-US,3.88,11445,7204
7206,"Stars of Fortune (The Guardians Trilogy, #1)",Nora Roberts,eng,ENG,4.0,12822,7205
7207,I Suck at Girls,Justin Halpern,unknown,UNKNOWN,3.79,12554,7206
7208,"Cat Among the Pigeons (Hercule Poirot, #32)",Agatha Christie,eng,ENG,3.82,17221,7207
7209,Paris,Edward Rutherfurd,eng,ENG,3.95,8441,7208
7210,The Necklace and Other Short Stories,Guy de Maupassant,eng,ENG,3.94,11688,7209
7211,Void Moon,Michael Connelly,eng,ENG,3.95,14090,7210
7212,Captains Courageous,Rudyard Kipling,eng,ENG,3.88,14823,7211
7213,"Shadow Prey (Lucas Davenport, #2)",John Sandford,eng,ENG,3.99,14690,7212
7214,Violin,Anne Rice,eng,ENG,3.26,14911,7213
7215,The Forgetting Time,Sharon Guskin,eng,ENG,3.79,8457,7214
7216,Dear Zoo: A Lift-the-Flap Book,Rod Campbell,unknown,UNKNOWN,4.25,16432,7215
7217,"Death Note, Vol. 3: Hard Run (Death Note, #3)","Tsugumi Ohba, Takeshi Obata",eng,ENG,4.42,18012,7216
7218,"The Lost Stories (Ranger's Apprentice, #11)",John Flanagan,eng,ENG,4.27,15816,7217
7219,"Deep Down (Jack Reacher, #16.5)",Lee Child,en-US,EN-US,3.87,9916,7218
7220,Saving June,Hannah Harrington,eng,ENG,3.97,14867,7219
7221,"Eeny Meeny (Helen Grace, #1)",M.J. Arlidge,eng,ENG,3.88,8498,7220
7222,"Of Triton (The Syrena Legacy, #2)",Anna Banks,eng,ENG,4.0,19216,7221
7223,What the Night Knows,Dean Koontz,eng,ENG,3.74,13873,7222
7224,"Knight & Play (Knight, #1)",Kitty French,eng,ENG,4.04,24297,7223
7225,"Queen of Fire (Raven's Shadow, #3)",Anthony  Ryan,eng,ENG,3.64,11985,7224
7226,"The Wounded Land (The Second Chronicles of Thomas Covenant, #1)",Stephen R. Donaldson,unknown,UNKNOWN,3.96,14549,7225
7227,Darkness Visible: A Memoir of Madness,William Styron,unknown,UNKNOWN,4.04,13396,7226
7228,In the Shadow of the Banyan,Vaddey Ratner,unknown,UNKNOWN,4.04,12946,7227
7229,Dead End in Norvelt,Jack Gantos,eng,ENG,3.72,15877,7228
7230,"Spider's Bite (Elemental Assassin, #1)",Jennifer Estep,eng,ENG,3.87,24192,7229
7231,Self-Reliance and Other Essays,Ralph Waldo Emerson,en-US,EN-US,4.14,14484,7230
7232,Crash,J.G. Ballard,en-CA,EN-CA,3.58,13217,7231
7233,How to Talk So Kids Will Listen & Listen So Kids Will Talk,"Adele Faber, Elaine Mazlish, Kimberly Ann Coe",en-US,EN-US,4.24,10931,7232
7234,Fiddler on the Roof,"Joseph Stein, Jerry Bock, Sheldon Harnick",eng,ENG,4.2,14049,7233
7235,"Afterburn (Jax & Gia, #1)",Sylvia Day,eng,ENG,3.97,17821,7234
7236,"All-of-a-Kind Family (All-of-a-Kind Family, #1)",Sydney Taylor,eng,ENG,4.23,18383,7235
7237,Influx,Daniel Suarez,eng,ENG,3.91,6938,7236
7238,"Ilse Witch (Voyage of the Jerle Shannara, #1)",Terry Brooks,en-US,EN-US,3.95,14386,7237
7239,Personal History,Katharine Graham,en-US,EN-US,4.13,13714,7238
7240,"The Dry (Aaron Falk, #1)",Jane Harper,eng,ENG,4.07,19843,7239
7241,Full House (Full #1),"Janet Evanovich, Charlotte Hughes",eng,ENG,3.63,17813,7240
7242,The Broken Wings,"Kahlil Gibran, Anthony R. Ferris",eng,ENG,3.93,5611,7241
7243,"Two Graves (Pendergast, #12)","Douglas Preston, Lincoln Child",unknown,UNKNOWN,4.03,12164,7242
7244,"Blood of Dragons (Rain Wild Chronicles, #4)",Robin Hobb,eng,ENG,4.12,12165,7243
7245,A Bridge Too Far,Cornelius Ryan,eng,ENG,4.24,13676,7244
7246,Loser,Jerry Spinelli,eng,ENG,3.72,15079,7245
7247,"Sepulchre (Languedoc, #2)",Kate Mosse,en-GB,EN-GB,3.73,13368,7246
7248,"Kill the Dead (Sandman Slim, #2)",Richard Kadrey,en-US,EN-US,4.06,13583,7247
7249,Vagabonding: An Uncommon Guide to the Art of Long-Term World Travel,Rolf Potts,eng,ENG,3.92,13128,7248
7250,"Kiss the Dead (Anita Blake, Vampire Hunter #21)",Laurell K. Hamilton,eng,ENG,3.79,18225,7249
7251,The Garden of Eden,Ernest Hemingway,en-US,EN-US,3.74,12948,7250
7252,"Sweet Surrender (Sweet, #1)",Maya Banks,en-US,EN-US,3.99,20856,7251
7253,"The One Tree (The Second Chronicles of Thomas Covenant, #2)",Stephen R. Donaldson,eng,ENG,3.96,13812,7252
7254,Homicidal Psycho Jungle Cat: A Calvin and Hobbes Collection,Bill Watterson,eng,ENG,4.71,14113,7253
7255,"Surrender Your Love (Surrender Your Love, #1)",J.C. Reed,eng,ENG,3.91,20398,7254
7256,CyberStorm,Matthew Mather,eng,ENG,3.75,6028,7255
7257,Fargo Rock City: A Heavy Metal Odyssey in Rural North Dakota,Chuck Klosterman,en-US,EN-US,3.8,11376,7256
7258,"To Green Angel Tower, Part 1 (Memory, Sorrow, and Thorn, #3; Part 1)",Tad Williams,en-US,EN-US,4.18,13830,7257
7259,"I Am Nujood, Age 10 and Divorced","Nujood Ali, Delphine Minoui, Linda Coverdale",eng,ENG,3.79,13607,7258
7260,The Feast of All Saints,Anne Rice,en-US,EN-US,3.83,15221,7259
7261,To Rise Again at a Decent Hour,Joshua Ferris,eng,ENG,3.08,10270,7260
7262,Proof,David Auburn,eng,ENG,4.01,13777,7261
7263,"The Past Through Tomorrow (Future History, #1-21)","Robert A. Heinlein, Damon Knight",eng,ENG,4.15,13920,7262
7264,"Master of the Senate (The Years of Lyndon Johnson, #3)",Robert A. Caro,eng,ENG,4.41,11411,7263
7265,"Saint Odd (Odd Thomas, #7)",Dean Koontz,eng,ENG,4.12,11714,7264
7266,The Wonderful Story of Henry Sugar and Six More,Roald Dahl,eng,ENG,4.15,13419,7265
7267,"Real Murders (Aurora Teagarden, #1)",Charlaine Harris,eng,ENG,3.66,18154,7266
7268,"Port Mortuary (Kay Scarpetta, #18)",Patricia Cornwell,en-US,EN-US,3.55,14765,7267
7269,Arch of Triumph: A Novel of a Man Without a Country,Erich Maria Remarque,unknown,UNKNOWN,4.4,11391,7268
7270,The Death of Superman,"Dan Jurgens, Jerry Ordway, Louise Simonson, Roger Stern, Jon Bogdanove, Tom Grummett, Jackson Butch Guice, Brett Breeding, Rick Burchett, Doug Hazlewood, Dennis Janke, Denis Rodier",en-US,EN-US,3.89,12630,7269
7271,The Raw Shark Texts,Steven Hall,en-US,EN-US,3.87,11010,7270
7272,"The Hammer of Thor (Magnus Chase and the Gods of Asgard, #2)",Rick Riordan,eng,ENG,4.37,22736,7271
7273,Wave,Sonali Deraniyagala,eng,ENG,3.7,12008,7272
7274,"Fire Sea (The Death Gate Cycle, #3)","Margaret Weis, Tracy Hickman",en-US,EN-US,4.05,14707,7273
7275,"Far from the Tree: Parents, Children, and the Search for Identity",Andrew Solomon,eng,ENG,4.26,11879,7274
7276,"Junie B. Jones and the  Stupid Smelly Bus (Junie B. Jones, #1)","Barbara Park, Denise Brunkus",en-US,EN-US,3.9,16918,7275
7277,The Autumn of the Patriarch,"Gabriel García Márquez, Gregory Rabassa",eng,ENG,3.84,10576,7276
7278,"Bones of the Hills (Conqueror, #3)",Conn Iggulden,eng,ENG,4.32,11461,7277
7279,Hallucinations,Oliver Sacks,eng,ENG,3.85,11443,7278
7280,"Burned (Fever, #7)",Karen Marie Moning,eng,ENG,4.12,17562,7279
7281,The Murders in the Rue Morgue,Edgar Allan Poe,eng,ENG,3.92,15114,7280
7282,The Summer Tree (The Fionavar Tapestry #1),Guy Gavriel Kay,en-US,EN-US,3.99,16187,7281
7283,"Betsy-Tacy (Betsy-Tacy, #1)","Maud Hart Lovelace, Lois Lenski",en-US,EN-US,4.07,18024,7282
7284,Sweethearts,Sara Zarr,en-US,EN-US,3.64,16515,7283
7285,The Monsters of Templeton,Lauren Groff,eng,ENG,3.58,13849,7284
7286,"Midnight Crossroad (Midnight, Texas, #1)",Charlaine Harris,eng,ENG,3.63,15029,7285
7287,"Catering to Nobody (A Goldy Bear Culinary Mystery, #1)",Diane Mott Davidson,en-US,EN-US,3.85,15777,7286
7288,"The Lost Prince (The Iron Fey: Call of the Forgotten, #1)",Julie Kagawa,eng,ENG,4.05,21049,7287
7289,"Devil Bones (Temperance Brennan, #11)",Kathy Reichs,eng,ENG,3.89,18180,7288
7290,From Here to Eternity,James  Jones,eng,ENG,4.09,13106,7289
7291,Change Your Thoughts - Change Your Life: Living the Wisdom of the Tao,Wayne W. Dyer,eng,ENG,4.24,11997,7290
7292,"Dude, Where's My Country?",Michael Moore,en-US,EN-US,3.4,12468,7291
7293,The Last Don,Mario Puzo,eng,ENG,3.8,11327,7292
7294,محال,"يوسف زيدان, Youssef Ziedan",ara,ARA,3.31,10074,7293
7295,"Ready or Not (All-American Girl, #2)",Meg Cabot,eng,ENG,3.4,21089,7294
7296,"Cross Bones (Temperance Brennan, #8)",Kathy Reichs,unknown,UNKNOWN,3.86,17850,7295
7297,All But My Life: A Memoir,Gerda Weissmann Klein,en-US,EN-US,4.28,13710,7296
7298,Rikki-Tikki-Tavi,"Rudyard Kipling, Jerry Pinkney",unknown,UNKNOWN,3.96,13851,7297
7299,"All-Star Superman, Vol. 2","Grant Morrison, Frank Quitely",eng,ENG,4.33,12420,7298
7300,The World of Ice & Fire: The Untold History of Westeros and the Game of Thrones,"George R.R. Martin, Elio M. García Jr., Linda Antonsson",eng,ENG,4.25,12119,7299
7301,"To Sir Phillip, With Love (Bridgertons, #5)",Julia Quinn,eng,ENG,3.89,21928,7300
7302,Miracle in the Andes,"Nando Parrado, Vince Rause",unknown,UNKNOWN,4.21,11057,7301
7303,"Lost & Found (Lost & Found, #1)",Nicole  Williams,eng,ENG,4.13,21272,7302
7304,"Among the Barons (Shadow Children, #4)",Margaret Peterson Haddix,en-US,EN-US,4.08,17495,7303
7305,The War that Saved My Life (The War That Saved My Life #1),"Kimberly Brubaker Bradley, مرضیه ورشوساز",eng,ENG,4.43,18782,7304
7306,"Say Cheese and Die! (Goosebumps, #4)",R.L. Stine,eng,ENG,3.72,15540,7305
7307,"Sharpe's Tiger (Sharpe, #1)",Bernard Cornwell,en-US,EN-US,4.08,12793,7306
7308,Jinx,Meg Cabot,en-US,EN-US,3.72,21745,7307
7309,Death in Venice and Other Tales,"Thomas Mann, Joachim Neugroschel",eng,ENG,3.87,11873,7308
7310,"As Chimney Sweepers Come to Dust (Flavia de Luce, #7)",Alan Bradley,eng,ENG,3.94,14337,7309
7311,What Was She Thinking? [Notes on a Scandal],Zoë Heller,eng,ENG,3.69,11774,7310
7312,"The Beast (Black Dagger Brotherhood, #14)",J.R. Ward,eng,ENG,4.45,13243,7311
7313,"Sullivan's Island (Lowcountry Tales, #1)",Dorothea Benton Frank,eng,ENG,4.02,13081,7312
7314,"Cardcaptor Sakura: Master of the Clow, Vol. 1 (Cardcaptor Sakura, #7)","CLAMP, Anita Sengupta",eng,ENG,4.34,12151,7313
7315,"The Soulkeepers (The Soulkeepers, #1)",G.P. Ching,en-US,EN-US,3.71,7328,7314
7316,Up Country,Nelson DeMille,unknown,UNKNOWN,3.99,12902,7315
7317,Private Peaceful,Michael Morpurgo,eng,ENG,4.16,13123,7316
7318,"Her Royal Spyness (Her Royal Spyness Mysteries, #1)",Rhys Bowen,en-US,EN-US,3.76,17498,7317
7319,"Gunmetal Magic (Kate Daniels, #5.5)",Ilona Andrews,eng,ENG,4.28,21396,7318
7320,"Half a War (Shattered Sea, #3)",Joe Abercrombie,eng,ENG,4.01,10629,7319
7321,"Rock Chick Renegade (Rock Chick, #4)",Kristen Ashley,en-GB,EN-GB,4.46,26554,7320
7322,"The Marriage Mistake (Marriage to a Billionaire, #3)",Jennifer Probst,eng,ENG,3.96,21512,7321
7323,Jamberry,Bruce Degen,unknown,UNKNOWN,4.17,15478,7322
7324,"Darkest Powers Trilogy (Darkest Powers, #1-3)",Kelley Armstrong,eng,ENG,4.47,14473,7323
7325,"Rhapsody: Child of Blood (Symphony of Ages, #1)",Elizabeth Haydon,eng,ENG,3.95,16329,7324
7326,Doctors,Erich Segal,eng,ENG,4.0,11331,7325
7327,Samarkand,"Amin Maalouf, Russell Harris",eng,ENG,4.2,7600,7326
7328,"Indulgence in Death (In Death, #31)",J.D. Robb,eng,ENG,4.32,16464,7327
7329,We Need New Names,NoViolet Bulawayo,eng,ENG,3.71,11262,7328
7330,The Little Red Caboose (Little Golden Book),Marian Potter,unknown,UNKNOWN,4.21,15978,7329
7331,Pretty in Plaid,Jen Lancaster,eng,ENG,3.88,14860,7330
7332,Wicca: A Guide for the Solitary Practitioner,Scott Cunningham,en-US,EN-US,4.01,12264,7331
7333,All My Sons,"Arthur Miller, Christopher Bigsby",eng,ENG,3.87,15337,7332
7334,Graffiti Moon,Cath Crowley,eng,ENG,3.9,14176,7333
7335,Mufaro's Beautiful Daughters: An African Tale,John Steptoe,en-US,EN-US,4.32,16479,7334
7336,"Paladin of Souls (World of the Five Gods, #2)",Lois McMaster Bujold,eng,ENG,4.13,15855,7335
7337,Mastery,Robert Greene,unknown,UNKNOWN,4.27,12717,7336
7338,"God Bless You, Dr. Kevorkian",Kurt Vonnegut Jr.,eng,ENG,3.83,11543,7337
7339,A Homemade Life: Stories and Recipes from My Kitchen Table,Molly Wizenberg,eng,ENG,3.94,13310,7338
7340,The Three Pigs,David Wiesner,en-US,EN-US,4.15,16295,7339
7341,Learned Optimism: How to Change Your Mind and Your Life,Martin E.P. Seligman,en-GB,EN-GB,3.98,11310,7340
7342,"Desires of the Dead (The Body Finder, #2)",Kimberly Derting,en-US,EN-US,4.07,20654,7341
7343,The Littles,"John Lawrence Peterson, Roberta Carter Clark",unknown,UNKNOWN,3.98,15650,7342
7344,Amelia Bedelia and the Surprise Shower,"Peggy Parish, Barbara Siebel Thomas",eng,ENG,4.27,14438,7343
7345,"Homecoming (Tillerman Cycle, #1)",Cynthia Voigt,eng,ENG,3.92,17023,7344
7346,"Spell of the Highlander (Highlander, #7)",Karen Marie Moning,eng,ENG,4.27,21143,7345
7347,"The Hand of Chaos (The Death Gate Cycle, #5)","Margaret Weis, Tracy Hickman",en-US,EN-US,4.05,14911,7346
7348,One False Move (Myron Bolitar #5),Harlan Coben,eng,ENG,4.07,13599,7347
7349,The Guns of Avalon (The Chronicles of Amber #2),Roger Zelazny,eng,ENG,4.16,15131,7348
7350,The Great Gilly Hopkins,Katherine Paterson,eng,ENG,3.83,15886,7349
7351,"Trojan Odyssey (Dirk Pitt, #17)",Clive Cussler,eng,ENG,3.92,13635,7350
7352,Follow the River,James Alexander Thom,en-US,EN-US,4.21,13697,7351
7353,Measure for Measure,"William Shakespeare, Barbara A. Mowat, Paul Werstine",eng,ENG,3.67,15474,7352
7354,The Mask,"Owen  West, Dean Koontz",eng,ENG,3.75,14336,7353
7355,All Our Yesterdays,Cristin Terrill,eng,ENG,4.05,16338,7354
7356,Coming Clean,Kimberly Rae Miller,en-US,EN-US,3.88,10002,7355
7357,Forever Amber ,Kathleen Winsor,eng,ENG,3.98,13286,7356
7358,"The Emerald Atlas (The Books of Beginning, #1)",John  Stephens,eng,ENG,3.92,15057,7357
7359,Swing Time,Zadie Smith,eng,ENG,3.6,17311,7358
7360,In Harm's Way: The Sinking of the U.S.S. Indianapolis and the Extraordinary Story of Its Survivors,Doug Stanton,unknown,UNKNOWN,4.25,12406,7359
7361,"Chibi Vampire, Vol. 01",Yuna Kagesaki,eng,ENG,3.99,13110,7360
7362,Everything Leads to You,Nina LaCour,eng,ENG,3.89,17583,7361
7363,Jeremy Fink and the Meaning of Life,Wendy Mass,en-US,EN-US,4.02,15567,7362
7364,"Thank You, Mr. Falker",Patricia Polacco,en-US,EN-US,4.52,13049,7363
7365,The Peripheral,William Gibson,eng,ENG,3.94,8839,7364
7366,Too Much Happiness,Alice Munro,eng,ENG,3.82,12106,7365
7367,"Tempting the Best Man (Gamble Brothers, #1)","J. Lynn, Jennifer L. Armentrout",eng,ENG,3.73,25398,7366
7368,"Captive Prince: Volume Two (Captive Prince, #2)",C.S. Pacat,eng,ENG,4.51,15899,7367
7369,"The Siren (The Original Sinners, #1)",Tiffany Reisz,unknown,UNKNOWN,4.05,19094,7368
7370,Ironweed,William  Kennedy,eng,ENG,3.86,12194,7369
7371,"Deception (Alex Delaware, #25)",Jonathan Kellerman,en-US,EN-US,3.96,13026,7370
7372,Stupid White Men,Michael Moore,en-GB,EN-GB,3.3,10835,7371
7373,"A Court of Wings and Ruin (A Court of Thorns and Roses, #3)",Sarah J. Maas,eng,ENG,4.54,55037,7372
7374,"The Faceless Ones (Skulduggery Pleasant, #3)",Derek Landy,eng,ENG,4.4,14971,7373
7375,The Great Railway Bazaar,Paul Theroux,en-US,EN-US,3.91,12110,7374
7376,"Black List (Scot Harvath, #11)",Brad Thor,eng,ENG,4.2,11176,7375
7377,"Transmetropolitan, Vol. 2: Lust for Life (Transmetropolitan, #2)","Warren Ellis, Darick Robertson",eng,ENG,4.35,13527,7376
7378,"The Atrocity Archives (Laundry Files, #1)",Charles Stross,en-US,EN-US,3.95,12600,7377
7379,The Pleasure of My Company,Steve Martin,en-US,EN-US,3.78,12378,7378
7380,"Dark Fire (Matthew Shardlake, #2)",C.J. Sansom,en-US,EN-US,4.24,11927,7379
7381,"Beautiful Beginning (Beautiful Bastard, #3.5)",Christina Lauren,en-US,EN-US,4.24,22100,7380
7382,Heft,Liz Moore,unknown,UNKNOWN,3.96,12722,7381
7383,"Outcast of Redwall (Redwall, #8)",Brian Jacques,en-US,EN-US,3.9,15874,7382
7384,Mister Pip,Lloyd Jones,eng,ENG,3.66,11657,7383
7385,Giada's Family Dinners,"Giada De Laurentiis, Victoria Pearson",unknown,UNKNOWN,3.99,12061,7384
7386,Doubt,John Patrick Shanley,unknown,UNKNOWN,4.13,14050,7385
7387,"Book of Shadows (Sweep, #1)",Cate Tiernan,eng,ENG,4.04,18691,7386
7388,"Secrets of a Shoe Addict (Shoe Addict, #2)",Beth Harbison,unknown,UNKNOWN,3.73,12762,7387
7389,"After We Fell (After, #3)",Anna Todd,eng,ENG,3.88,12776,7388
7390,Elizabeth Street,Laurie Fabiano,eng,ENG,3.9,7821,7389
7391,"The Assassin and the Pirate Lord (Throne of Glass, #0.1)",Sarah J. Maas,eng,ENG,4.23,20559,7390
7392,Fear and Trembling,"Søren Kierkegaard, Alastair Hannay",eng,ENG,4.01,10983,7391
7393,"Hawksong (The Kiesha'ra, #1)",Amelia Atwater-Rhodes,eng,ENG,4.15,18231,7392
7394,"The Naked God (Night's Dawn, #3)",Peter F. Hamilton,unknown,UNKNOWN,4.2,12418,7393
7395,"Come Back, Amelia Bedelia","Peggy Parish, Wallace Tripp",unknown,UNKNOWN,4.25,14154,7394
7396,Kon-Tiki: Across The Pacific In A Raft,Thor Heyerdahl,en-US,EN-US,4.1,13541,7395
7397,How to Get Filthy Rich in Rising Asia,Mohsin Hamid,eng,ENG,3.76,11023,7396
7398,Relativity: The Special and the General Theory,"Albert Einstein, Nigel Calder, Robert W. Lawson",eng,ENG,4.17,11069,7397
7399,Getting Over It,Anna Maxted,unknown,UNKNOWN,3.53,13240,7398
7400,The List,Siobhan Vivian,eng,ENG,3.46,16569,7399
7401,The Brothers K,David James Duncan,eng,ENG,4.39,11010,7400
7402,The Happiness Advantage: The Seven Principles of Positive Psychology That Fuel Success and Performance at Work,Shawn Achor,unknown,UNKNOWN,4.15,11131,7401
7403,"A Dog's Journey (A Dog's Purpose, #2)",W. Bruce Cameron,en-US,EN-US,4.41,12513,7402
7404,The Meaning of Marriage: Facing the Complexities of Commitment with the Wisdom of God,"Timothy J. Keller, Kathy  Keller",eng,ENG,4.43,11196,7403
7405,Batman & Robin: Batman Reborn,"Grant Morrison, Frank Quitely, Philip Tan, Jonathan Glapion, Alex Sinclair",eng,ENG,4.08,13542,7404
7406,"MeruPuri, Vol. 1 (MeruPuri, #1)",Matsuri Hino,eng,ENG,4.14,14343,7405
7407,The Flanders Panel,"Arturo Pérez-Reverte, Margaret Jull Costa",en-CA,EN-CA,3.8,11868,7406
7408,The Princess and the Pea,"Janet Stevens, Hans Christian Andersen",unknown,UNKNOWN,4.1,14851,7407
7409,The Short Stories,"F. Scott Fitzgerald, Matthew J. Bruccoli",eng,ENG,4.23,11525,7408
7410,"Dark Angel (Casteel, #2)",V.C. Andrews,eng,ENG,3.96,14720,7409
7411,"Specter of the Past (Star Wars: The Hand of Thrawn, #1)",Timothy Zahn,eng,ENG,3.98,13705,7410
7412,Binge,Tyler Oakley,unknown,UNKNOWN,4.3,13541,7411
7413,Black Lies,Alessandra Torre,eng,ENG,4.32,18741,7412
7414,What the Dead Know,Laura Lippman,en-US,EN-US,3.54,14404,7413
7415,"Rome (Marked Men, #3)","Jay Crownover, Charlotte Connan de vries",eng,ENG,4.22,26881,7414
7416,"The Life and Opinions of Tristram Shandy, Gentleman","Laurence Sterne, Melvyn New",eng,ENG,3.74,13641,7415
7417,Giraffes Can't Dance,"Giles Andreae, Guy Parker-Rees",en-US,EN-US,4.28,14144,7416
7418,The Passion of Artemisia,Susan Vreeland,eng,ENG,3.86,13791,7417
7419,Heal Your Body: The Mental Causes for Physical Illness and the Metaphysical Way to Overcome Them,Louise L. Hay,en-US,EN-US,4.34,11502,7418
7420,"Tokyo Mew Mew, Vol. 1 (Tokyo Mew Mew, #1)","Mia Ikumi, Reiko Yoshida",en-US,EN-US,3.95,12970,7419
7421,The Miseducation of Cameron Post,Emily M. Danforth,en-US,EN-US,3.99,16235,7420
7422,Coraline (Illustrated/Graphic Novel Edition),"Neil Gaiman, P. Craig Russell",eng,ENG,3.96,14909,7421
7423,"House of Many Ways (Howl's Moving Castle, #3)",Diana Wynne Jones,en-US,EN-US,4.03,17697,7422
7424,The Cartel,Don Winslow,eng,ENG,4.28,9270,7423
7425,A Mother's Reckoning: Living in the Aftermath of Tragedy,Sue Klebold,eng,ENG,4.13,12795,7424
7426,"Skin Tight (Mick Stranahan, #1)",Carl Hiaasen,en-US,EN-US,3.96,13039,7425
7427,"Moonraker (James Bond, #3)",Ian Fleming,eng,ENG,3.7,12016,7426
7428,Two Treatises of Government,"John Locke, Peter Laslett, Raymond Geuss",eng,ENG,3.81,13056,7427
7429,Civil Disobedience and Other Essays,Henry David Thoreau,eng,ENG,4.06,12557,7428
7430,"Rose in Bloom (Eight Cousins, #2)",Louisa May Alcott,en-US,EN-US,4.03,16842,7429
7431,Mosquitoland,David  Arnold,eng,ENG,3.92,14312,7430
7432,The Perfect Son,Barbara Claypole White,eng,ENG,3.97,10090,7431
7433,Looking for Alibrandi,Melina Marchetta,eng,ENG,3.85,14685,7432
7434,"Raid (Unfinished Hero, #3)",Kristen Ashley,eng,ENG,4.23,24604,7433
7435,"Fifth Grave Past the Light (Charley Davidson, #5)",Darynda Jones,eng,ENG,4.49,21286,7434
7436,"The Seventh Scroll (Ancient Egypt, #2)",Wilbur Smith,en-US,EN-US,4.1,11501,7435
7437,A Midsummer's Nightmare,Kody Keplinger,eng,ENG,3.83,17247,7436
7438,The Troop,Nick Cutter,eng,ENG,3.71,11620,7437
7439,"Revelation (Matthew Shardlake, #4)",C.J. Sansom,eng,ENG,4.32,11868,7438
7440,100 Love Sonnets,"Pablo Neruda, Stephen Tapscott",eng,ENG,4.4,11425,7439
7441,Lucky Us,Amy Bloom,unknown,UNKNOWN,3.21,11205,7440
7442,"It's in His Kiss (Bridgertons, #7)",Julia Quinn,eng,ENG,4.01,20377,7441
7443,"Short Stories from Hogwarts of Power, Politics and Pesky Poltergeists (Pottermore Presents, #2)","J.K. Rowling, MinaLima",eng,ENG,4.2,10032,7442
7444,Phenomenology of Spirit,"Georg Wilhelm Friedrich Hegel, A.V. Miller, John Niemeyer Findlay",eng,ENG,3.91,11744,7443
7445,"Fire Inside (Chaos, #2)",Kristen Ashley,eng,ENG,4.33,20786,7444
7446,"The Neutronium Alchemist (Night's Dawn, #2)",Peter F. Hamilton,eng,ENG,4.25,12726,7445
7447,The Darkest Seduction (Lords of the Underworld #9),Gena Showalter,eng,ENG,4.35,20057,7446
7448,"King's Cage (Red Queen, #3)",Victoria Aveyard,eng,ENG,4.03,30692,7447
7449,Invisible,Paul Auster,eng,ENG,3.71,11706,7448
7450,ظل الأفعى,يوسف زيدان,ara,ARA,3.0,8299,7449
7451,Ten Things We Did (and Probably Shouldn't Have),Sarah Mlynowski,en-US,EN-US,3.74,15396,7450
7452,"Rebel Heart (Dust Lands, #2)",Moira Young,eng,ENG,3.89,16265,7451
7453,Sickened: The Memoir of a Munchausen by Proxy Childhood,Julie Gregory,unknown,UNKNOWN,3.72,11860,7452
7454,The Last Time They Met,Anita Shreve,unknown,UNKNOWN,3.48,13180,7453
7455,News of the World,Paulette Jiles,eng,ENG,4.14,15476,7454
7456,"Blowback (Scot Harvath, #4)",Brad Thor,eng,ENG,4.17,11410,7455
7457,Jaya: An Illustrated Retelling of the Mahabharata,Devdutt Pattanaik,eng,ENG,4.2,9534,7456
7458,Women of the Silk,Gail Tsukiyama,en-US,EN-US,3.94,12769,7457
7459,The Prisoner of Zenda,Anthony Hope,eng,ENG,3.87,12530,7458
7460,"Flutter (My Blood Approves, #3)",Amanda Hocking,eng,ENG,3.97,14828,7459
7461,"Tall, Tatted and Tempting (The Reed Brothers, #1)",Tammy Falkner,en-US,EN-US,4.23,24680,7460
7462,Leviathan,Paul Auster,eng,ENG,3.95,10002,7461
7463,Saving Faith,David Baldacci,eng,ENG,3.82,13377,7462
7464,"The Spine of the World (Forgotten Realms: Paths of Darkness, #2; Legend of Drizzt, #12)",R.A. Salvatore,en-US,EN-US,3.89,12099,7463
7465,"The Haunted Mask (Goosebumps, #11)",R.L. Stine,eng,ENG,3.77,14043,7464
7466,Tyrannosaur Canyon (Wyman Ford #1),Douglas Preston,eng,ENG,3.78,13452,7465
7467,The Girl Before,J.P. Delaney,eng,ENG,3.7,23500,7466
7468,Wayside School Gets A Little Stranger (Wayside School #3),Louis Sachar,eng,ENG,4.18,15566,7467
7469,Summer of Night,Dan Simmons,en-US,EN-US,4.0,13014,7468
7470,"The Dresden Files:  Storm Front, Volume 1-  The Gathering Storm","Jim Butcher, Mark Powers, Ardian Syaf",eng,ENG,4.36,11953,7469
7471,Tourist Season,Carl Hiaasen,en-US,EN-US,3.95,13850,7470
7472,السنجة,أحمد خالد توفيق,ara,ARA,3.16,10449,7471
7473,"204 Rosewood Lane (Cedar Cove, #2)",Debbie Macomber,eng,ENG,4.15,14454,7472
7474,"Unseen (Will Trent, #7)",Karin Slaughter,eng,ENG,4.17,12277,7473
7475,"Eleventh Grade Burns (The Chronicles of Vladimir Tod, #4)",Heather Brewer,unknown,UNKNOWN,4.31,14758,7474
7476,Double Star,Robert A. Heinlein,eng,ENG,3.88,14661,7475
7477,"A Perfect Evil (Maggie O'Dell, #1)",Alex Kava,eng,ENG,4.02,13542,7476
7478,Help Thanks Wow: The Three Essential Prayers,Anne Lamott,eng,ENG,3.97,12245,7477
7479,"The Long Patrol (Redwall, #10)","Brian Jacques, Allan Curless",unknown,UNKNOWN,4.1,15343,7478
7480,The Better Angels of Our Nature: Why Violence Has Declined,Steven Pinker,eng,ENG,4.19,11437,7479
7481,"When We Were Very Young (Winnie-the-Pooh, #3)","A.A. Milne, Ernest H. Shepard",en-US,EN-US,4.32,17922,7480
7482,My Sunshine Away,M.O. Walsh,eng,ENG,3.6,11118,7481
7483,The Truth Seeker (O'Malley #3),Dee Henderson,unknown,UNKNOWN,4.39,13796,7482
7484,Filosofi Kopi: Kumpulan Cerita dan Prosa Satu Dekade,Dee Lestari,ind,IND,3.82,8904,7483
7485,سینوهه,"Mika Waltari, ذبیح‌الله منصوری",per,PER,4.08,5907,7484
7486,Great House,Nicole Krauss,eng,ENG,3.45,13582,7485
7487,"The Kept Woman (Will Trent, #8)",Karin Slaughter,eng,ENG,4.1,8175,7486
7488,"Maid for Love (Gansett Island Series, #1)",Marie Force,eng,ENG,3.98,14989,7487
7489,And the Shofar Blew,Francine Rivers,eng,ENG,4.11,11618,7488
7490,"Prentice Alvin (Tales of Alvin Maker, #3)",Orson Scott Card,en-US,EN-US,3.77,14326,7489
7491,"44 Scotland Street (44 Scotland Street, #1)",Alexander McCall Smith,eng,ENG,3.61,14795,7490
7492,Chill Factor,Sandra Brown,en-US,EN-US,3.95,13255,7491
7493,Odd and the Frost Giants,"Neil Gaiman, Mark Buckingham",eng,ENG,3.95,15407,7492
7494,The Magpies,Mark  Edwards,eng,ENG,3.8,6663,7493
7495,Season of Migration to the North,"Tayeb Salih, Denys Johnson-Davies",eng,ENG,3.71,5985,7494
7496,The Golden Notebook,Doris Lessing,en-US,EN-US,3.75,13790,7495
7497,"The Winter Rose (The Tea Rose, #2)",Jennifer Donnelly,unknown,UNKNOWN,4.29,13930,7496
7498,"The Last Full Measure (The Civil War Trilogy, #3)",Jeff Shaara,eng,ENG,4.22,12037,7497
7499,Oscar et la dame rose,Éric-Emmanuel Schmitt,unknown,UNKNOWN,4.2,9928,7498
7500,When Bad Things Happen to Good People,Harold S. Kushner,unknown,UNKNOWN,4.02,10615,7499
7501,"Post Captain (Aubrey/Maturin, #2)",Patrick O'Brian,en-US,EN-US,4.29,7714,7500
7502,"Dragon Flight (Dragon Slippers, #2)",Jessica Day George,en-US,EN-US,4.18,15918,7501
7503,"What Katy Did (Carr Family, #1)",Susan Coolidge,eng,ENG,3.89,13935,7502
7504,Homer Price (A Puffin Book),Robert McCloskey,eng,ENG,4.07,16836,7503
7505,"Shatterglass (The Circle Opens, #4)",Tamora Pierce,eng,ENG,4.16,18253,7504
7506,"The Belgariad, Vol. 1: Pawn of Prophecy / Queen of Sorcery / Magician's Gambit (The Belgariad, #1-3)",David Eddings,eng,ENG,4.27,13215,7505
7507,The Lucifer Effect: Understanding How Good People Turn Evil,Philip G. Zimbardo,eng,ENG,3.94,11860,7506
7508,The Scent of Rain and Lightning,Nancy Pickard,eng,ENG,3.79,14423,7507
7509,"Pacific Vortex! (Dirk Pitt, #1)","Clive Cussler, Michael Pritchard",eng,ENG,3.76,14476,7508
7510,"One More Chance (Rosemary Beach, #8; Chance, #2)",Abbi Glines,eng,ENG,4.29,23899,7509
7511,Aurora,Kim Stanley Robinson,eng,ENG,3.73,9686,7510
7512,"Purity in Death (In Death, #15)",J.D. Robb,eng,ENG,4.33,16947,7511
7513,"The Hollow Hills (Arthurian Saga, #2)",Mary  Stewart,eng,ENG,4.23,17045,7512
7514,"Among the Brave (Shadow Children, #5)",Margaret Peterson Haddix,en-US,EN-US,4.14,16527,7513
7515,"Marching Powder: A True Story of Friendship, Cocaine, and South America's Strangest Jail","Rusty Young, Thomas McFadden",eng,ENG,4.22,7313,7514
7516,"Mars, Volume 01",Fuyumi Soryo,eng,ENG,4.13,14044,7515
7517,Six Easy Pieces: Essentials of Physics By Its Most Brilliant Teacher,Richard Feynman,eng,ENG,4.19,11867,7516
7518,"The Art of Simple Food: Notes, Lessons, and Recipes from a Delicious Revolution",Alice Waters,unknown,UNKNOWN,4.11,13022,7517
7519,"Centaur Aisle (Xanth, #4)",Piers Anthony,unknown,UNKNOWN,3.77,15431,7518
7520,The Year of Fog,Michelle Richmond,unknown,UNKNOWN,3.46,12248,7519
7521,Crisis on Infinite Earths,"Marv Wolfman, George Pérez",en-US,EN-US,4.01,12915,7520
7522,The Areas of My Expertise: An Almanac of Complete World Knowledge Compiled with Instructive Annotation and Arranged in Useful Order,John Hodgman,en-US,EN-US,3.81,11246,7521
7523,"Hogwarts: An Incomplete and Unreliable Guide (Pottermore Presents, #3)",J.K. Rowling,eng,ENG,4.21,14977,7522
7524,"Ronia, the Robber's Daughter","Astrid Lindgren, Patricia Crampton, Trina Schart Hyman",eng,ENG,4.27,14470,7523
7525,"Spider Bones (Temperance Brennan, #13)",Kathy Reichs,eng,ENG,3.9,15403,7524
7526,No Talking,Andrew Clements,eng,ENG,3.94,14083,7525
7527,"Blood on Snow (Blood on Snow, #1)","Jo Nesbø, Neil Smith",eng,ENG,3.5,9370,7526
7528,"Wait for Me (Against All Odds, #1)",Elisabeth Naughton,eng,ENG,3.98,12572,7527
7529,The Garden of Evening Mists,Tan Twan Eng,eng,ENG,4.08,10211,7528
7530,"The Cellar (The Cellar, #1)",Natasha Preston,eng,ENG,3.94,8103,7529
7531,"The Gentlemen's Alliance †, Vol. 1",Arina Tanemura,eng,ENG,3.96,13260,7530
7532,"Rusty Nailed (Cocktail, #2)",Alice Clayton,eng,ENG,3.97,22614,7531
7533,"Dark Guardian (Dark, #9)",Christine Feehan,en-US,EN-US,4.33,17197,7532
7534,Prophet,Frank E. Peretti,en-US,EN-US,3.92,11708,7533
7535,"The Wicked Will Rise (Dorothy Must Die, #2)",Danielle  Paige,eng,ENG,3.82,16739,7534
7536,"Dark Fire (Dark, #6)",Christine Feehan,eng,ENG,4.3,17704,7535
7537,Citizen: An American Lyric,Claudia Rankine,eng,ENG,4.3,14115,7536
7538,"Carry on, Jeeves (Jeeves, #3)",P.G. Wodehouse,eng,ENG,4.28,13133,7537
7539,"The Magic Thief (Magic Thief, #1)","Sarah Prineas, Antonio Javier Caparo",eng,ENG,3.94,14371,7538
7540,Our Band Could Be Your Life: Scenes from the American Indie Underground 1981-1991,Michael Azerrad,unknown,UNKNOWN,4.2,10562,7539
7541,"I, Elizabeth",Rosalind Miles,en-US,EN-US,4.01,12132,7540
7542,The Woman Who Stole My Life,Marian Keyes,eng,ENG,3.52,8693,7541
7543,Pyongyang: A Journey in North Korea,Guy Delisle,eng,ENG,3.93,12903,7542
7544,Night Over Water,Ken Follett,eng,ENG,3.78,12329,7543
7545,I Am Having So Much Fun Here Without You,Courtney Maum,eng,ENG,3.37,9374,7544
7546,"All I Want is Everything (Gossip Girl, #3)",Cecily von Ziegesar,eng,ENG,3.56,15467,7545
7547,Competitive Strategy: Techniques for Analyzing Industries and Competitors,Michael E. Porter,unknown,UNKNOWN,4.14,10850,7546
7548,Systematic Theology: An Introduction to Biblical Doctrine,Wayne A. Grudem,unknown,UNKNOWN,4.23,11053,7547
7549,"P is for Peril (Kinsey Millhone, #16)",Sue Grafton,unknown,UNKNOWN,3.85,16799,7548
7550,"Adulthood Is a Myth (Sarah's Scribbles, #1)",Sarah Andersen,eng,ENG,4.14,39601,7549
7551,"The Darkness That Comes Before (The Prince of Nothing, #1)",R. Scott Bakker,eng,ENG,3.78,13146,7550
7552,"The Dirty Life: On Farming, Food, and Love",Kristin Kimball,eng,ENG,4.04,11559,7551
7553,"Dust & Decay (Rot & Ruin, #2)",Jonathan Maberry,eng,ENG,4.29,13646,7552
7554,"Alienated (Alienated, #1)",Melissa Landers,eng,ENG,3.95,18171,7553
7555,Bone Gap,Laura Ruby,eng,ENG,3.86,15150,7554
7556,"Big Cherry Holler (Big Stone Gap, #2)",Adriana Trigiani,eng,ENG,3.92,13356,7555
7557,"Yes, Chef",Marcus Samuelsson,eng,ENG,3.8,12230,7556
7558,Teen Idol,Meg Cabot,en-US,EN-US,3.53,20271,7557
7559,The Thing Around Your Neck,Chimamanda Ngozi Adichie,eng,ENG,4.18,11861,7558
7560,Caraval,Stephanie Garber,eng,ENG,3.97,30975,7559
7561,Bright Shiny Morning,James Frey,eng,ENG,3.8,10762,7560
7562,The Story of an Hour,Kate Chopin,eng,ENG,4.08,13308,7561
7563,Rabbit Is Rich (Rabbit Angstrom #3),John Updike,eng,ENG,3.9,12455,7562
7564,"Lots of Candles, Plenty of Cake",Anna Quindlen,eng,ENG,3.71,12792,7563
7565,Scars,Cheryl Rainfield,en-US,EN-US,4.17,12452,7564
7566,The Fixer Upper,Mary Kay Andrews,en-US,EN-US,3.88,14560,7565
7567,"Negeri 5 Menara (Negeri 5 Menara, #1)",Ahmad Fuadi,ind,IND,4.04,10018,7566
7568,"Empire of Ivory (Temeraire, #4)",Naomi Novik,unknown,UNKNOWN,3.93,15449,7567
7569,"An Army at Dawn: The War in North Africa, 1942-1943 (World War II Liberation Trilogy, #1)",Rick Atkinson,eng,ENG,4.25,11111,7568
7570,Daddy's Little Girl,Mary Higgins Clark,unknown,UNKNOWN,3.85,14602,7569
7571,Ricochet,Sandra Brown,eng,ENG,3.96,13327,7570
7572,Can't Wait to Get to Heaven,Fannie Flagg,eng,ENG,3.89,12262,7571
7573,Among Others,Jo Walton,eng,ENG,3.68,14761,7572
7574,"Seduction in Death (In Death, #13)",J.D. Robb,eng,ENG,4.3,17565,7573
7575,Double Indemnity,James M. Cain,eng,ENG,4.12,13559,7574
7576,"Upon the Midnight Clear (Dark-Hunter #12, Dream-Hunter #2)",Sherrilyn Kenyon,eng,ENG,4.0,21567,7575
7577,Presentation Zen: Simple Ideas on Presentation Design and Delivery,Garr Reynolds,unknown,UNKNOWN,4.08,10896,7576
7578,"Sea of Swords (Forgotten Realms: Paths of Darkness, #4; Legend of Drizzt, #13)",R.A. Salvatore,eng,ENG,4.07,11816,7577
7579,"Goodbye, Columbus and Five Short Stories",Philip Roth,unknown,UNKNOWN,3.87,10089,7578
7580,"Bone: Quest for the Spark, Vol. 1","Tom Sniegoski, Jeff Smith, Thomas E. Sniegoski, Steve Hamaker",eng,ENG,4.33,11416,7579
7581,The Personal MBA: Master the Art of Business,Josh Kaufman,unknown,UNKNOWN,4.04,12165,7580
7582,The Last Original Wife,Dorothea Benton Frank,eng,ENG,3.67,10974,7581
7583,"No Mercy (Dark-Hunter #18, Were-Hunter, #5)",Sherrilyn Kenyon,en-US,EN-US,4.28,19453,7582
7584,The Library at Mount Char,Scott  Hawkins,eng,ENG,4.07,7814,7583
7585,"Fire Star (The Last Dragon Chronicles, #3)",Chris d'Lacey,eng,ENG,3.91,13595,7584
7586,Texas,James A. Michener,unknown,UNKNOWN,4.06,13581,7585
7587,Your Best Life Now: 7 Steps to Living at Your Full Potential,Joel Osteen,unknown,UNKNOWN,4.0,10338,7586
7588,Turtle in Paradise,Jennifer L. Holm,en-US,EN-US,3.93,14714,7587
7589,"The Vor Game (Vorkosigan Saga, #6)",Lois McMaster Bujold,eng,ENG,4.28,15252,7588
7590,Choosing to SEE,"Mary Beth Chapman, Steven Curtis Chapman",unknown,UNKNOWN,4.3,11110,7589
7591,Broken Monsters,Lauren Beukes,eng,ENG,3.59,7086,7590
7592,The Unabridged Journals of Sylvia Plath,"Sylvia Plath, Karen V. Kukil",eng,ENG,4.29,12419,7591
7593,"This Is Water: Some Thoughts, Delivered on a Significant Occasion, about Living a Compassionate Life",David Foster Wallace,eng,ENG,4.53,13312,7592
7594,QED: The Strange Theory of Light and Matter,Richard Feynman,unknown,UNKNOWN,4.23,10438,7593
7595,"Defiance (Strange Angels, #4)","Lili St. Crow, Lilith Saintcrow",unknown,UNKNOWN,4.19,18321,7594
7596,"Haunted (Women of the Otherworld, #5)",Kelley Armstrong,eng,ENG,4.08,19974,7595
7597,The Sweet Potato Queens' Book of Love,Jill Conner Browne,eng,ENG,3.7,12903,7596
7598,"Mastiff (Beka Cooper, #3)",Tamora Pierce,en-US,EN-US,4.24,19695,7597
7599,The Madonnas of Leningrad,Debra Dean,unknown,UNKNOWN,3.77,12620,7598
7600,"Divine Misdemeanors (Merry Gentry, #8)",Laurell K. Hamilton,eng,ENG,4.04,19184,7599
7601,"Sweetheart (Archie Sheridan & Gretchen Lowell, #2)",Chelsea Cain,en-US,EN-US,4.05,14342,7600
7602,Caim,José Saramago,por,POR,3.89,7402,7601
7603,"All Tomorrow's Parties (Bridge, #3)",William Gibson,en-US,EN-US,3.88,11672,7602
7604,"The Quantum Thief (Jean le Flambeur, #1)",Hannu Rajaniemi,eng,ENG,3.83,11137,7603
7605,"Shock Wave (Virgil Flowers, #5)",John Sandford,eng,ENG,4.19,11578,7604
7606,Tractatus Logico-Philosophicus,Ludwig Wittgenstein,en-US,EN-US,4.06,11069,7605
7607,"Lord Edgware Dies (Hercule Poirot, #9)",Agatha Christie,eng,ENG,3.88,14117,7606
7608,"Batman: Hush, Vol. 2","Jeph Loeb, Jim Lee, Scott Williams",eng,ENG,4.25,12151,7607
7609,Dog on It (A Chet and Bernie Mystery #1),Spencer Quinn,en-US,EN-US,3.85,13525,7608
7610,Spring Fever,Mary Kay Andrews,en-US,EN-US,3.92,14050,7609
7611,And to Think That I Saw it on Mulberry Street,Dr. Seuss,en-US,EN-US,3.99,17584,7610
7612,"The Bully Pulpit: Theodore Roosevelt, William Howard Taft, and the Golden Age of Journalism",Doris Kearns Goodwin,eng,ENG,4.16,10384,7611
7613,"Chasing the Prophecy (Beyonders, #3)",Brandon Mull,eng,ENG,4.35,11816,7612
7614,"The Short Victorious War (Honor Harrington, #3)",David Weber,unknown,UNKNOWN,4.16,14563,7613
7615,Drinking: A Love Story,Caroline Knapp,unknown,UNKNOWN,4.04,12234,7614
7616,"Five Weeks in a Balloon (Extraordinary Voyages, #1)",Jules Verne,unknown,UNKNOWN,3.74,13062,7615
7617,"Dragon's Oath (House of Night Novellas, #1)","P.C. Cast, Kristin Cast",en-US,EN-US,4.06,16558,7616
7618,"Grave Witch (Alex Craft, #1)",Kalayna Price,en-US,EN-US,3.96,22112,7617
7619,"Sleeping Murder (Miss Marple, #13)",Agatha Christie,eng,ENG,3.91,15612,7618
7620,Ethan Frome and Other Short Fiction,"Edith Wharton, Mary Gordon",en-US,EN-US,3.65,14271,7619
7621,"The Assassin and the Desert (Throne of Glass, #0.3)",Sarah J. Maas,eng,ENG,4.4,18943,7620
7622,On the Genealogy of Morals/Ecce Homo,"Friedrich Nietzsche, Walter Kaufmann, R.J. Hollingdale",en-US,EN-US,4.14,11893,7621
7623,Adrift: Seventy-Six Days Lost at Sea,Steven Callahan,en-US,EN-US,4.09,10666,7622
7624,"Once and Always (Sequels, #1)",Judith McNaught,eng,ENG,4.21,18197,7623
7625,"Bloodline (Sigma Force, #8)",James Rollins,eng,ENG,4.23,12189,7624
7626,"Best Friends for Never (The Clique, #2)",Lisi Harrison,unknown,UNKNOWN,3.73,15345,7625
7627,"Death of Kings (The Saxon Stories, #6)",Bernard Cornwell,eng,ENG,4.28,10479,7626
7628,Onward: How Starbucks Fought for Its Life without Losing Its Soul,"Howard Schultz, Joanne Gordon",en-CA,EN-CA,3.79,11119,7627
7629,Auschwitz,Laurence Rees,eng,ENG,4.24,10437,7628
7630,The Long Walk: The True Story of a Trek to Freedom,Slavomir Rawicz,eng,ENG,4.18,10188,7629
7631,Three Fates,Nora Roberts,eng,ENG,4.03,17082,7630
7632,"Passenger (Passenger, #1)",Alexandra Bracken,eng,ENG,3.84,23070,7631
7633,"Born in Death (In Death, #23)","J.D. Robb, Susan Ericksen",en-US,EN-US,4.33,17912,7632
7634,"Close Your Eyes, Hold Hands",Chris Bohjalian,eng,ENG,3.59,12107,7633
7635,"A Pocket Full of Rye (Miss Marple, #7)",Agatha Christie,eng,ENG,3.83,17513,7634
7636,Of Course I Love You...! Till I Find Someone Better...,"Durjoy Datta, Maanvi Ahuja",en-GB,EN-GB,3.21,6671,7635
7637,"Virgin River (Virgin River, #1)",Robyn Carr,unknown,UNKNOWN,4.12,17371,7636
7638,The Algebraist,Iain M. Banks,eng,ENG,3.99,13210,7637
7639,درخت زیبای من,"José Mauro de Vasconcelos, قاسم صنعوی",per,PER,4.36,2716,7638
7640,Stone Mattress: Nine Tales,Margaret Atwood,eng,ENG,3.93,10622,7639
7641,The Whistling Season,Ivan Doig,unknown,UNKNOWN,4.01,11379,7640
7642,"Rebel Spring (Falling Kingdoms, #2)","Morgan Rhodes, Michelle Rowen",eng,ENG,4.16,18379,7641
7643,"NYPD Red 2 (NYPD Red, #2)","James Patterson, Marshall Karp",eng,ENG,4.07,9293,7642
7644,Chesapeake,James A. Michener,en-US,EN-US,4.14,15408,7643
7645,The List,Steve Martini,eng,ENG,3.95,11696,7644
7646,Ralph S. Mouse by Beverly Cleary: Teacher Guide (Novel Units),Gloria Levine,unknown,UNKNOWN,3.95,14513,7645
7647,"Devil in a Blue Dress (Easy Rawlins, #1)",Walter Mosley,eng,ENG,3.91,12969,7646
7648,Shakespeare's Romeo and Juliet,"Michael Rosen, Jane Ray",unknown,UNKNOWN,4.09,19052,7647
7649,The Killer Inside Me,Jim Thompson,unknown,UNKNOWN,3.9,12425,7648
7650,Lady Audley's Secret,Mary Elizabeth Braddon,eng,ENG,3.73,13329,7649
7651,All the Names,"José Saramago, Margaret Jull Costa",en-US,EN-US,3.88,9520,7650
7652,"Lucia, Lucia",Adriana Trigiani,eng,ENG,3.92,13360,7651
7653,Tiger Lily,Jodi Lynn Anderson,eng,ENG,3.98,16217,7652
7654,"Return (Redemption, #3)","Karen Kingsbury, Gary Smalley",eng,ENG,4.44,11737,7653
7655,"The Ruby in the Smoke (Sally Lockhart, #1)",Philip Pullman,en-US,EN-US,3.75,16214,7654
7656,Georgiana: Duchess of Devonshire,Amanda Foreman,en-US,EN-US,3.79,11621,7655
7657,"Scarlet (Scarlet, #1)",A.C. Gaughen,eng,ENG,3.95,19665,7656
7658,Stealing Parker,Miranda Kenneally,en-US,EN-US,3.88,15997,7657
7659,The Weekenders,Mary Kay Andrews,unknown,UNKNOWN,3.7,11552,7658
7660,"Fables, Vol. 5: The Mean Seasons","Bill Willingham, Mark Buckingham, Steve Leialoha, Tony Akins, Jimmy Palmiotti",eng,ENG,4.19,17909,7659
7661,Dom Casmurro,Machado de Assis,por,POR,4.24,10590,7660
7662,The Illuminatus! Trilogy,"Robert Shea, Robert Anton Wilson",eng,ENG,4.0,12444,7661
7663,"Lockdown (Escape from Furnace, #1)",Alexander Gordon Smith,en-US,EN-US,4.1,14024,7662
7664,The Final Solution,"Michael Chabon, Jay Ryan",en-US,EN-US,3.31,12466,7663
7665,Beachcombers,Nancy Thayer,en-US,EN-US,3.77,12845,7664
7666,"Chew, Vol. 2: International Flavor","John Layman, Rob Guillory",eng,ENG,4.13,13134,7665
7667,Lost Souls,Poppy Z. Brite,eng,ENG,3.89,13905,7666
7668,The Secret Agent,Joseph Conrad,unknown,UNKNOWN,3.59,11590,7667
7669,The Way of Zen,Alan W. Watts,eng,ENG,4.18,11166,7668
7670,"Nexus (Nexus, #1)",Ramez Naam,eng,ENG,4.06,9623,7669
7671,The Wolf and the Dove,Kathleen E. Woodiwiss,unknown,UNKNOWN,4.14,13694,7670
7672,"The Traitor (Divergent, #0.4)",Veronica Roth,eng,ENG,4.19,12299,7671
7673,Nora Webster,Colm Tóibín,eng,ENG,3.58,10353,7672
7674,"Requiem (Providence, #2)",Jamie McGuire,eng,ENG,4.15,16911,7673
7675,"The Emperor's Tomb (Cotton Malone, #6)",Steve Berry,en-US,EN-US,3.95,13159,7674
7676,"Fear Nothing (Detective D.D. Warren, #7)",Lisa Gardner,eng,ENG,4.1,5982,7675
7677,Baking: From My Home to Yours,"Dorie Greenspan, Alan    Richardson",en-US,EN-US,4.18,11662,7676
7678,Promises to Keep,Jane Green,en-US,EN-US,3.81,12830,7677
7679,"For You (The 'Burg, #1)",Kristen Ashley,eng,ENG,4.19,23889,7678
7680,"Love★Com, Vol. 1","Aya Nakahara, Pookie Rolf",eng,ENG,4.22,13801,7679
7681,"Elephants Can Remember (Hercule Poirot, #37)",Agatha Christie,eng,ENG,3.62,15420,7680
7682,"Friend-Zoned (Friend-Zoned, #1)",Belle Aurora,eng,ENG,3.99,20585,7681
7683,What to Expect the First Year (What to Expect),"Heidi Murkoff, Sharon Mazel, Heidi Murkoff, Arlene Eisenberg, Sandee Hathaway, Mark D. Widome",eng,ENG,3.86,10807,7682
7684,The Gift,Danielle Steel,en-US,EN-US,3.91,12382,7683
7685,The Lions of Little Rock,Kristin Levine,eng,ENG,4.22,12962,7684
7686,Self Matters: Creating Your Life from the Inside Out,Phillip C. McGraw,en-US,EN-US,3.62,9609,7685
7687,"Hollowland (The Hollows, #1)",Amanda Hocking,eng,ENG,3.97,13847,7686
7688,"Hetalia: Axis Powers, Vol. 1 (Hetalia: Axis Powers, #1)",Hidekaz Himaruya,en-US,EN-US,4.35,11985,7687
7689,Finding Nemo,"Andrew Stanton, Walt Disney Company",unknown,UNKNOWN,4.47,12160,7688
7690,Calling Doctor Amelia Bedelia,"Herman Parish, Lynn Sweat",unknown,UNKNOWN,4.29,12422,7689
7691,"Timeless (Parasol Protectorate, #5)",Gail Carriger,eng,ENG,4.12,18617,7690
7692,"These High, Green Hills (Mitford Years, #3)",Jan Karon,unknown,UNKNOWN,4.27,14106,7691
7693,How Google Works,"Eric Schmidt, Jonathan Rosenberg",en-CA,EN-CA,4.03,11703,7692
7694,"Killing Sarai (In the Company of Killers, #1)",J.A. Redmerski,eng,ENG,4.17,11301,7693
7695,The Time of My Life,Cecelia Ahern,eng,ENG,3.85,11684,7694
7696,"Now We Are Six (Winnie-the-Pooh, #4)","A.A. Milne, Ernest H. Shepard",eng,ENG,4.38,15840,7695
7697,"The Captive Part II / The Power (The Secret Circle, #2-3)",L.J. Smith,eng,ENG,4.11,16231,7696
7698,Ladies' Night,Mary Kay Andrews,en-US,EN-US,3.8,12306,7697
7699,Family Pictures ,Jane Green,eng,ENG,3.62,12089,7698
7700,"Taken by Midnight (Midnight Breed, #8)",Lara Adrian,eng,ENG,4.27,19135,7699
7701,Os Maias,"José Maria de Eça de Queirós, Ester de Lemos",por,POR,3.99,10649,7700
7702,"The Law of Moses (The Law of Moses, #1)",Amy Harmon,eng,ENG,4.37,17279,7701
7703,Good as Gone,Amy Gentry,eng,ENG,3.53,12121,7702
7704,Holding the Dream (Dream Trilogy #2),Nora Roberts,en-US,EN-US,4.02,16902,7703
7705,"Fallen Crest Family (Fallen Crest High, #2)",Tijan,en-US,EN-US,4.28,21259,7704
7706,"Mr. Darcy's Diary (Jane Austen Heroes, #1)",Amanda Grange,en-GB,EN-GB,3.63,15151,7705
7707,"L.A. Requiem (Elvis Cole, #8)",Robert Crais,fre,FRE,4.26,12632,7706
7708,A Grown-Up Kind of Pretty,Joshilyn Jackson,eng,ENG,3.93,14800,7707
7709,Is It Just Me?,Miranda Hart,eng,ENG,3.8,11626,7708
7710,"Eventide (Plainsong, #2)",Kent Haruf,eng,ENG,4.16,12661,7709
7711,Fahrenheit 451: The Authorized Adaptation,"Tim Hamilton, Ray Bradbury",eng,ENG,3.92,11809,7710
7712,"Special A, Vol. 1 (Special A, #1)",Maki Minami,ind,IND,4.18,14607,7711
7713,All You Need Is Kill,"Hiroshi Sakurazaka, 桜坂洋, Alexander O. Smith, Joseph Reeder",eng,ENG,4.05,10073,7712
7714,The Bronze Bow,Elizabeth George Speare,en-US,EN-US,3.93,15507,7713
7715,On Love,Alain de Botton,eng,ENG,3.97,8288,7714
7716,A Civil Action,Jonathan Harr,en-US,EN-US,3.94,11985,7715
7717,Millions of Cats,Wanda Gág,unknown,UNKNOWN,4.08,16991,7716
7718,"Dark Challenge (Dark, #5)",Christine Feehan,unknown,UNKNOWN,4.23,17015,7717
7719,Mistress,"James Patterson, David Ellis",unknown,UNKNOWN,3.52,10475,7718
7720,Grandfather's Journey,Allen Say,en-US,EN-US,4.12,13337,7719
7721,"Savannah Blues (Weezie and Bebe Mysteries, #1)",Mary Kay Andrews,en-US,EN-US,3.97,13886,7720
7722,Excavation,James Rollins,en-US,EN-US,4.02,13148,7721
7723,Discourse on Method,"René Descartes, Donald A. Cress",eng,ENG,3.7,10615,7722
7724,"Scarecrow (Shane Schofield, #3)",Matthew Reilly,eng,ENG,4.21,11900,7723
7725,"Endlessly (Paranormalcy, #3)",Kiersten White,eng,ENG,3.99,18789,7724
7726,The House by the Lake,Ella Carey,en-US,EN-US,3.9,10440,7725
7727,"Living Buddha, Living Christ",Thich Nhat Hanh,eng,ENG,4.13,10943,7726
7728,The Earthsea Trilogy,Ursula K. Le Guin,eng,ENG,4.25,14199,7727
7729,"Left Drowning (Left Drowning, #1)",Jessica Park,eng,ENG,4.14,17461,7728
7730,A Sick Day for Amos McGee,"Philip C. Stead, Erin E. Stead",en-US,EN-US,4.25,15444,7729
7731,Fourth of July Creek,Smith Henderson,eng,ENG,3.83,10390,7730
7732,"Absolute Fear (New Orleans, #4)",Lisa Jackson,en-US,EN-US,4.15,13190,7731
7733,True Evil,Greg Iles,eng,ENG,4.05,11234,7732
7734,Tobacco Road (Brown Thrasher Books),"Erskine Caldwell, Lewis Nordan",en-US,EN-US,3.73,10959,7733
7735,The Suspicions of Mr. Whicher: A Shocking Murder and the Undoing of a Great Victorian Detective,Kate Summerscale,en-US,EN-US,3.43,11316,7734
7736,"Lord of Scoundrels (Scoundrels, #3)",Loretta Chase,eng,ENG,4.12,19137,7735
7737,"Ozma of Oz (Oz, #3)",L. Frank Baum,eng,ENG,3.97,14829,7736
7738,The Johnstown Flood,David McCullough,eng,ENG,4.11,11691,7737
7739,The Christmas Sweater,Glenn Beck,eng,ENG,3.79,12916,7738
7740,"Tales from a Not-So-Happy Heartbreaker (Dork Diaries, #6)",Rachel Renée Russell,eng,ENG,4.42,9554,7739
7741,Deep Fathom,James Rollins,eng,ENG,4.07,13227,7740
7742,The Gate House,Nelson DeMille,en-US,EN-US,3.71,12625,7741
7743,"Stay with Me (Wait for You, #3)","J. Lynn, Jennifer L. Armentrout",eng,ENG,4.17,20654,7742
7744,Seven Years to Sin,Sylvia Day,en-US,EN-US,3.89,10703,7743
7745,"Perfect Scoundrels (Heist Society, #3)",Ally Carter,en-GB,EN-GB,4.28,20029,7744
7746,When the Game Was Ours,"Larry Bird, Earvin Johnson, Jackie MacMullan",en-US,EN-US,4.16,9401,7745
7747,"The Two Swords (Forgotten Realms: Hunter's Blades, #3; Legend of Drizzt, #16)",R.A. Salvatore,en-GB,EN-GB,4.16,11756,7746
7748,"Nemesis (Miss Marple, #12)",Agatha Christie,eng,ENG,3.84,15406,7747
7749,All Families are Psychotic,Douglas Coupland,unknown,UNKNOWN,3.69,10461,7748
7750,"The Blessing Way (Leaphorn & Chee, #1)",Tony Hillerman,en-US,EN-US,4.06,14138,7749
7751,Another Piece of My Heart,Jane Green,eng,ENG,3.7,11882,7750
7752,"Stenhuggaren (Patrik Hedström, #3)",Camilla Läckberg,swe,SWE,3.85,6435,7751
7753,The Pigeon Wants a Puppy!,Mo Willems,en-US,EN-US,4.37,17490,7752
7754,The Road to Character,David  Brooks,eng,ENG,3.66,10648,7753
7755,The General in His Labyrinth,"Gabriel García Márquez, Edith Grossman",eng,ENG,3.66,10286,7754
7756,La ciudad y los perros,Mario Vargas Llosa,spa,SPA,4.09,9782,7755
7757,Say What You Will,Cammie McGovern,eng,ENG,3.7,11559,7756
7758,"Die Again (Rizzoli & Isles, #11)",Tess Gerritsen,eng,ENG,4.16,10837,7757
7759,"Party Princess (The Princess Diaries, #7)",Meg Cabot,unknown,UNKNOWN,3.67,19068,7758
7760,"Damaged 2 (Damaged, #2)",H.M. Ward,eng,ENG,4.13,16833,7759
7761,The Witness,Sandra Brown,eng,ENG,3.98,10558,7760
7762,Mornings in Jenin,Susan Abulhawa,unknown,UNKNOWN,4.35,8590,7761
7763,The Nanny,Melissa Nathan,unknown,UNKNOWN,3.78,10872,7762
7764,"Manwhore (Manwhore, #1)",Katy Evans,eng,ENG,4.14,19220,7763
7765,"Ex-Heroes (Ex-Heroes, #1)",Peter Clines,unknown,UNKNOWN,3.87,5354,7764
7766,Absolution Gap,Alastair Reynolds,en-GB,EN-GB,4.01,12105,7765
7767,The Faraway Tree Stories (The Faraway Tree #1-3),Enid Blyton,eng,ENG,4.28,11405,7766
7768,She Said Yes: The Unlikely Martyrdom of Cassie Bernall,Misty Bernall,eng,ENG,3.9,12272,7767
7769,Scoop,Evelyn Waugh,eng,ENG,3.86,12032,7768
7770,Tales of a Female Nomad: Living at Large in the World,Rita Golden Gelman,eng,ENG,3.84,11380,7769
7771,Birds of America,Lorrie Moore,eng,ENG,4.12,10768,7770
7772,Big Rock,Lauren Blakely,eng,ENG,3.97,15203,7771
7773,"Three Dark Crowns (Three Dark Crowns, #1)",Kendare Blake,eng,ENG,3.86,9386,7772
7774,"Lunch in Paris: A Love Story, with Recipes",Elizabeth Bard,eng,ENG,3.67,11458,7773
7775,"Love and War (North and South, #2)",John Jakes,eng,ENG,4.1,13844,7774
7776,"Destined (Wings, #4)",Aprilynne Pike,en-US,EN-US,4.19,18485,7775
7777,The Pale King,"David Foster Wallace, Michael Pietsch",en-US,EN-US,3.95,10982,7776
7778,The Analects,"Confucius, D.C. Lau",eng,ENG,3.82,9807,7777
7779,I'm with the Band: Confessions of a Groupie,"Pamela Des Barres, Dave Navarro",en-US,EN-US,3.67,11172,7778
7780,"Succubus Heat (Georgina Kincaid, #4)",Richelle Mead,en-GB,EN-GB,4.19,20108,7779
7781,"The Walking Dead, Vol. 09: Here We Remain","Robert Kirkman, Charlie Adlard, Cliff Rathburn",en-GB,EN-GB,4.25,14085,7780
7782,Under Locke,Mariana Zapata,eng,ENG,4.11,24373,7781
7783,The Leopard,"Giuseppe Tomasi di Lampedusa, Archibald Colquhoun",eng,ENG,3.99,9664,7782
7784,Wolverine: Origin,"Paul Jenkins, Andy Kubert, Richard Isanove, Joe Quesada, Bill Jemas",eng,ENG,3.96,10790,7783
7785,"Dawn (Cutler, #1)",V.C. Andrews,eng,ENG,3.87,13674,7784
7786,"On the Prowl (Alpha & Omega, #0.5)","Patricia Briggs, Eileen Wilks, Karen Chance, Sunny",eng,ENG,4.05,21757,7785
7787,Silent Prey (Lucas Davenport #4),John Sandford,en-US,EN-US,4.13,14522,7786
7788,"The Wayfarer Redemption (Wayfarer Redemption, #1)",Sara Douglass,eng,ENG,3.93,12632,7787
7789,"The Many Lives & Secret Sorrows of Josephine B. (Josephine Bonaparte, #1)",Sandra Gulland,unknown,UNKNOWN,4.09,12398,7788
7790,الجزار,حسن الجندي,ara,ARA,4.11,9413,7789
7791,Come Home,Lisa Scottoline,unknown,UNKNOWN,3.56,12971,7790
7792,"A Tale Dark & Grimm (A Tale Dark & Grimm, #1)",Adam Gidwitz,en-US,EN-US,4.04,15041,7791
7793,"The Ambassador's Mission (Traitor Spy Trilogy, #1)",Trudi Canavan,en-US,EN-US,3.9,12385,7792
7794,Everyman,Philip Roth,eng,ENG,3.54,10298,7793
7795,Supernova: Akar,Dee Lestari,ind,IND,3.78,7932,7794
7796,"The Dirty Girls Social Club (Dirty Girls, #1)","Alisa Valdes, Alisa Valdes-Rodriguez",unknown,UNKNOWN,3.46,11045,7795
7797,"Dark Reunion (The Vampire Diaries, #4)",L.J. Smith,eng,ENG,3.54,17056,7796
7798,The Dice Man,Luke Rhinehart,eng,ENG,3.6,9813,7797
7799,"Black Butler, Vol. 2 (Black Butler, #2)","Yana Toboso, Tomo Kimura",eng,ENG,4.48,15194,7798
7800,Imperial Bedrooms ,Bret Easton Ellis,en-US,EN-US,3.14,11093,7799
7801,"Addicted to You (Addicted, #1)","Krista Ritchie, Becca Ritchie",eng,ENG,3.9,12746,7800
7802,"Just One Night (Just One Day, #2.5)",Gayle Forman,eng,ENG,4.12,15986,7801
7803,Kindle User's Guide,Amazon,eng,ENG,3.64,3508,7802
7804,"The Fire (Witch & Wizard, #3)","James Patterson, Jill Dembowski, Elijah Wood, Spencer Locke",unknown,UNKNOWN,3.87,11789,7803
7805,"A Killing Frost (Tomorrow, #3)",John Marsden,unknown,UNKNOWN,4.19,13199,7804
7806,Sadako and the Thousand Paper Cranes,"Eleanor Coerr, Ronald Himler",unknown,UNKNOWN,4.09,14578,7805
7807,"Death Note, Vol. 4: Love (Death Note, #4)","Tsugumi Ohba, Takeshi Obata",eng,ENG,4.38,16819,7806
7808,"The Daughter of Time (Inspector Alan Grant, #5)",Josephine Tey,en-US,EN-US,3.95,15626,7807
7809,"Prince of Fire (Gabriel Allon, #5)",Daniel Silva,eng,ENG,4.17,11250,7808
7810,Slowness,"Milan Kundera, Linda Asher",en-US,EN-US,3.66,8620,7809
7811,"The Autumn Republic (Powder Mage, #3)",Brian  McClellan,eng,ENG,4.35,10910,7810
7812,Delta of Venus,Anaïs Nin,eng,ENG,3.69,10561,7811
7813,"The Walking Dead, Vol. 11: Fear the Hunters","Robert Kirkman, Charlie Adlard, Cliff Rathburn",unknown,UNKNOWN,4.33,13202,7812
7814,Rainbows End,Vernor Vinge,eng,ENG,3.76,12314,7813
7815,"The Friend Zone (Game On, #2)",Kristen Callihan,eng,ENG,4.21,21130,7814
7816,"The Rose and the Thorn (The Riyria Chronicles, #2)",Michael J. Sullivan,eng,ENG,4.39,11791,7815
7817,Twilight Watch (Watch #3),"Sergei Lukyanenko, Andrew Bromfield",eng,ENG,4.11,11770,7816
7818,"Frostbitten (Women of the Otherworld, #10)",Kelley Armstrong,eng,ENG,4.29,18094,7817
7819,"Blood Kiss (Black Dagger Legacy, #1)",J.R. Ward,eng,ENG,4.35,12315,7818
7820,"Night Mare (Xanth, #6)",Piers Anthony,unknown,UNKNOWN,3.81,15008,7819
7821,Low Pressure,"Sandra Brown, Stephen Lang",eng,ENG,3.86,12076,7820
7822,Riptide,"Douglas Preston, Lincoln Child",unknown,UNKNOWN,3.93,11835,7821
7823,عائد إلى حيفا,غسان كنفاني,ara,ARA,4.32,11315,7822
7824,"Talon of the Silver Hawk (Conclave of Shadows, #1)",Raymond E. Feist,eng,ENG,4.01,13120,7823
7825,"The Charlemagne Pursuit (Cotton Malone, #4)",Steve Berry,en-US,EN-US,3.88,12874,7824
7826,The Moon Is Down,John Steinbeck,eng,ENG,3.87,12809,7825
7827,Kaffir Boy: An Autobiography,Mark Mathabane,en-US,EN-US,4.15,11633,7826
7828,The Beginner's Goodbye,Anne Tyler,eng,ENG,3.58,12780,7827
7829,King Arthur and His Knights: Selected Tales,"Thomas Malory, Eugène Vinaver",unknown,UNKNOWN,4.1,13286,7828
7830,"Shock Wave (Dirk Pitt, #13)",Clive Cussler,en-GB,EN-GB,3.93,12527,7829
7831,رباعيات صلاح جاهين,"صلاح جاهين, يحيى حقي",ara,ARA,4.43,9995,7830
7832,The Love Song of J. Alfred Prufrock and Other Poems,T.S. Eliot,eng,ENG,4.32,14775,7831
7833,"A Girl of the Limberlost (Limberlost, #2)",Gene Stratton-Porter,eng,ENG,4.14,13071,7832
7834,"The Witch With No Name (The Hollows, #13)",Kim Harrison,en-US,EN-US,4.43,13513,7833
7835,"King (King, #1)",T.M. Frazier,eng,ENG,4.24,16194,7834
7836,The Wings of the Dove,"Henry James, Amy Bloom, Pierre A. Walker",eng,ENG,3.81,12812,7835
7837,Twilight and History,Nancy Reagin,en-US,EN-US,4.38,11186,7836
7838,Lady Windermere's Fan,Oscar Wilde,eng,ENG,3.9,13408,7837
7839,The Hidden Messages in Water,"Masaru Emoto, David A. Thayne",unknown,UNKNOWN,4.27,10800,7838
7840,Rumble Fish,S.E. Hinton,unknown,UNKNOWN,3.77,14002,7839
7841,A Place Called Freedom,Ken Follett,eng,ENG,3.87,10267,7840
7842,Seeing,"José Saramago, Margaret Jull Costa",eng,ENG,3.76,7445,7841
7843,The Returned,Jason Mott,eng,ENG,3.29,11449,7842
7844,India After Gandhi: The History of the World's Largest Democracy,Ramachandra Guha,eng,ENG,4.34,9357,7843
7845,The Obstacle Is the Way: The Timeless Art of Turning Trials into Triumph,Ryan Holiday,eng,ENG,4.11,12470,7844
7846,"The Sight (Warriors: Power of Three, #1)",Erin Hunter,en-US,EN-US,4.27,15904,7845
7847,"Bad for You (Sea Breeze, #7)",Abbi Glines,eng,ENG,4.3,19392,7846
7848,The Secret River,Kate Grenville,eng,ENG,3.79,11051,7847
7849,Gifted Hands: The Ben Carson Story,"Ben Carson, Cecil Murphey",eng,ENG,4.21,9871,7848
7850,The Little Old Lady Who Was Not Afraid of Anything,"Linda Williams, Megan Lloyd",en-US,EN-US,4.25,14270,7849
7851,"The Apostle (Scot Harvath, #8)",Brad Thor,eng,ENG,4.11,11267,7850
7852,The Holiness of God,R.C. Sproul,unknown,UNKNOWN,4.35,10960,7851
7853,Wemberly Worried,Kevin Henkes,unknown,UNKNOWN,4.22,14325,7852
7854,"Born of Night (The League, #1)",Sherrilyn Kenyon,eng,ENG,4.21,11309,7853
7855,"Murder Must Advertise  (Lord Peter Wimsey, #10)",Dorothy L. Sayers,eng,ENG,4.21,14672,7854
7856,"What Remains: A Memoir of Fate, Friendship, and Love",Carole Radziwill,unknown,UNKNOWN,4.16,9602,7855
7857,Dead Heat (Alpha & Omega #4),Patricia Briggs,eng,ENG,4.27,15320,7856
7858,Sheep in a Jeep,"Nancy E. Shaw, Margot Apple",en-CA,EN-CA,4.11,13788,7857
7859,The Kreutzer Sonata,"Leo Tolstoy, Isai Kamen, Doris Lessing",unknown,UNKNOWN,3.9,10915,7858
7860,The Way to Cook,Julia Child,en-US,EN-US,4.31,11500,7859
7861,The 20th Century Art Book,Phaidon Press,unknown,UNKNOWN,3.94,9927,7860
7862,The Magic Mirror of M.C. Escher,"Bruno Ernst, M.C. Escher, John E. Brigham",eng,ENG,4.15,11103,7861
7863,"Vampire Knight, Vol. 9","Matsuri Hino, Tomo Kimura",eng,ENG,4.31,14193,7862
7864,Shadows of the Empire (Star Wars),Steve Perry,eng,ENG,3.81,12927,7863
7865,"The Walking Dead, Compendium 2","Robert Kirkman, Charlie Adlard",eng,ENG,4.53,13478,7864
7866,The 22 Immutable Laws of Marketing: Violate Them at Your Own Risk,"Al Ries, Jack Trout",en-US,EN-US,4.02,9955,7865
7867,Summer Secrets,Jane Green,unknown,UNKNOWN,3.62,10223,7866
7868,The Firm,John Grisham,eng,ENG,3.89,6962,7867
7869,The Consolations of Philosophy,Alain de Botton,en-US,EN-US,3.99,10291,7868
7870,"Fighting for Flight (Fighting, #1)",J.B. Salsbury,eng,ENG,4.16,21733,7869
7871,Second Life,S.J. Watson,eng,ENG,3.24,9056,7870
7872,The Acid House,Irvine Welsh,unknown,UNKNOWN,3.69,10752,7871
7873,Permission Marketing: Turning Strangers Into Friends And Friends Into Customers,Seth Godin,unknown,UNKNOWN,3.94,10146,7872
7874,"Hateship, Friendship, Courtship, Loveship, Marriage: Stories",Alice Munro,unknown,UNKNOWN,4.06,10945,7873
7875,The Girl Who Came Home,Hazel Gaynor,eng,ENG,3.83,6941,7874
7876,The One Thing: The Surprisingly Simple Truth Behind Extraordinary Results,"Gary Keller, Jay Papasan",eng,ENG,4.17,13388,7875
7877,"Reasonable Doubt: Volume 2 (Reasonable Doubt, #2)",Whitney G.,eng,ENG,4.14,21134,7876
7878,Joseph Had a Little Overcoat,Simms Taback,eng,ENG,4.12,14810,7877
7879,Double Act,"Jacqueline Wilson, Nick Sharratt, Sue Heap",en-GB,EN-GB,3.69,13204,7878
7880,"Princess Mia (The Princess Diaries, #9)",Meg Cabot,en-US,EN-US,3.82,17889,7879
7881,"Flyy Girl (Flyy Girl, #1)",Omar Tyree,en-US,EN-US,4.21,9869,7880
7882,The Little Coffee Shop of Kabul,Deborah Rodriguez,eng,ENG,3.57,7607,7881
7883,The Sandman: King of Dreams,"Alisa Kwitney, Neil Gaiman",eng,ENG,4.61,11538,7882
7884,Stephen King's N.,"Marc Guggenheim, Alex Maleev, Stephen King",eng,ENG,4.22,10844,7883
7885,The Light of the Fireflies,"Paul Pen, Simon Bruni",en-US,EN-US,3.76,13815,7884
7886,By the Sword (Valdemar),Mercedes Lackey,eng,ENG,4.24,17268,7885
7887,Storm of the Century: An Original Screenplay,Stephen King,unknown,UNKNOWN,3.86,14629,7886
7888,"First Rider's Call (Green Rider, #2)",Kristen Britain,eng,ENG,4.2,16292,7887
7889,Paths of Glory,Jeffrey Archer,en-US,EN-US,3.88,11086,7888
7890,Anyone But You,Jennifer Crusie,eng,ENG,3.8,16747,7889
7891,Owen,Kevin Henkes,eng,ENG,4.25,14919,7890
7892,"The Long War (The Long Earth, #2)","Terry Pratchett, Stephen Baxter",eng,ENG,3.58,11074,7891
7893,"Arrow's Fall (Heralds of Valdemar, #3)",Mercedes Lackey,en-US,EN-US,4.18,17342,7892
7894,The America's Test Kitchen Family Cookbook,"America's Test Kitchen, Carl Tremblay, Daniel J. Van Ackere",unknown,UNKNOWN,4.31,12081,7893
7895,"Street Magic (The Circle Opens, #2)",Tamora Pierce,eng,ENG,4.12,18897,7894
7896,The Curious Charms of Arthur Pepper,Phaedra Patrick,eng,ENG,3.91,12080,7895
7897,"Incarnate (Newsoul, #1)",Jodi Meadows,en-US,EN-US,3.73,19034,7896
7898,The Boy Who Harnessed the Wind: Creating Currents of Electricity and Hope,"William Kamkwamba, Bryan Mealer",en-US,EN-US,4.07,13374,7897
7899,Rumpelstiltskin,Paul O. Zelinsky,eng,ENG,4.23,14306,7898
7900,The Goblin Emperor,Katherine Addison,eng,ENG,4.05,11443,7899
7901,"Mr. Kiss and Tell (Veronica Mars, #2)","Rob Thomas, Jennifer Graham",eng,ENG,4.01,12729,7900
7902,A Higher Call: An Incredible True Story of Combat and Chivalry in the War-Torn Skies of World War II,"Adam Makos, Larry Alexander",eng,ENG,4.32,8975,7901
7903,"It Ain't Me, Babe (Hades Hangmen, #1)",Tillie Cole,eng,ENG,4.22,23144,7902
7904,Job: A Comedy of Justice,Robert A. Heinlein,en-US,EN-US,3.77,14592,7903
7905,Chomp,Carl Hiaasen,eng,ENG,3.93,12832,7904
7906,The Sandman: The Dream Hunters,"Neil Gaiman, Yoshitaka Amano",eng,ENG,4.38,14629,7905
7907,The Stories of John Cheever,John Cheever,eng,ENG,4.27,11156,7906
7908,"Extreme Prey (Lucas Davenport, #26)",John Sandford,en-US,EN-US,4.29,6256,7907
7909,The Odd Couple,Neil Simon,eng,ENG,4.02,12571,7908
7910,Phantoms in the Brain: Probing the Mysteries of the Human Mind,"V.S. Ramachandran, Sandra Blakeslee, Oliver Sacks",eng,ENG,4.25,12194,7909
7911,"Divided in Death (In Death, #18)",J.D. Robb,en-US,EN-US,4.32,17321,7910
7912,Wildflower,Drew Barrymore,en-CA,EN-CA,3.56,12855,7911
7913,La tregua,Mario Benedetti,spa,SPA,4.19,10137,7912
7914,We Never Asked for Wings,Vanessa Diffenbaugh,eng,ENG,3.82,10972,7913
7915,Every Last Word,Tamara Ireland Stone,eng,ENG,4.2,19214,7914
7916,Live from New York: An Uncensored History of Saturday Night Live,"James Andrew Miller, Tom Shales",en-US,EN-US,4.04,10112,7915
7917,Krakatoa: The Day the World Exploded,Simon Winchester,eng,ENG,3.86,12625,7916
7918,Madame Tussaud: A Novel of the French Revolution,Michelle Moran,eng,ENG,3.94,15127,7917
7919,Airman,Eoin Colfer,eng,ENG,4.14,15257,7918
7920,"Great by Choice: Uncertainty, Chaos, and Luck--Why Some Thrive Despite Them All","James C. Collins, Morten T. Hansen",eng,ENG,4.07,10845,7919
7921,2BR02B,Kurt Vonnegut Jr.,eng,ENG,3.93,7442,7920
7922,"Vampire Academy: The Graphic Novel (Vampire Academy: The Graphic Novel, #1)","Richelle Mead, Emma Vieceli, Leigh Dragoon",unknown,UNKNOWN,4.11,13445,7921
7923,An Anthropologist on Mars: Seven Paradoxical Tales,Oliver Sacks,eng,ENG,4.18,10894,7922
7924,"Dexter Is Delicious (Dexter, #5)",Jeff Lindsay,unknown,UNKNOWN,3.79,13582,7923
7925,Time for Bed,"Mem Fox, Jane Dyer",eng,ENG,4.16,13568,7924
7926,"The Hollow (The Hollow, #1)",Jessica Verday,eng,ENG,3.75,16734,7925
7927,"The Akhenaten Adventure (Children of the Lamp, #1)",P.B. Kerr,unknown,UNKNOWN,3.76,15306,7926
7928,Rapunzel,Paul O. Zelinsky,eng,ENG,4.16,13896,7927
7929,Very Good Lives: The Fringe Benefits of Failure and the Importance of Imagination,"J.K. Rowling, Joel Holland",eng,ENG,4.26,12510,7928
7930,Only the Innocent (DCI Tom Douglas #1),Rachel Abbott,eng,ENG,4.03,4513,7929
7931,"The Walking Dead, Vol. 10: What We Become",Robert Kirkman,eng,ENG,4.29,14118,7930
7932,"Area 7 (Shane Schofield, #2)",Matthew Reilly,eng,ENG,4.08,12024,7931
7933,"A Better World (Brilliance Saga, #2)",Marcus Sakey,eng,ENG,4.15,10702,7932
7934,Spindle's End,Robin McKinley,eng,ENG,3.79,18395,7933
7935,"A Leaf on the Wind of All Hallows (Outlander, #8.5)",Diana Gabaldon,eng,ENG,4.24,13891,7934
7936,Scoring Wilder,R.S. Grey,eng,ENG,4.1,17771,7935
7937,باب الخروج: رسالة علي المفعمة ببهجة غير متوقعة,عزالدين شكري فشير,ara,ARA,3.88,9246,7936
7938,"I, Michael Bennett (Michael Bennett, #5)","James Patterson, Michael Ledwidge",eng,ENG,4.04,12464,7937
7939,"Clean Sweep (Innkeeper Chronicles, #1)",Ilona Andrews,eng,ENG,4.2,16071,7938
7940,"Succubus Dreams (Georgina Kincaid, #3)",Richelle Mead,en-US,EN-US,4.14,21530,7939
7941,"The Last Detective (Elvis Cole, #9)",Robert Crais,en-US,EN-US,4.24,12160,7940
7942,Vegan Cupcakes Take Over the World: 75 Dairy-Free Recipes for Cupcakes that Rule,"Isa Chandra Moskowitz, Terry Hope Romero, Sara Quin",en-US,EN-US,4.08,11509,7941
7943,Hope Was Here,Joan Bauer,eng,ENG,4.0,14954,7942
7944,May We Be Forgiven,A.M. Homes,en-CA,EN-CA,3.66,7545,7943
7945,"Ender's Game, Volume 2: Command School","Christopher Yost, Pasqual Ferry, Orson Scott Card",en-US,EN-US,4.6,11585,7944
7946,The Beauty Myth,Naomi Wolf,eng,ENG,3.89,13037,7945
7947,ESV Study Bible,"Anonymous, Lane T. Dennis, Wayne A. Grudem",eng,ENG,4.76,8953,7946
7948,"Wired (Wired, #1)",Douglas E. Richards,en-GB,EN-GB,3.74,6295,7947
7949,Auschwitz: A Doctor's Eyewitness Account,"Miklós Nyiszli, Tibère Kremer, Bruno Bettelheim, Richard Seaver",en-US,EN-US,4.24,8422,7948
7950,"Hot, Flat, and Crowded: Why We Need a Green Revolution--and How It Can Renew America",Thomas L. Friedman,en-US,EN-US,3.68,10714,7949
7951,The Saggy Baggy Elephant (A Little Golden Book),"Kathryn Jackson, Byron Jackson, Gustav Tenggren",eng,ENG,4.06,15288,7950
7952,Sentimental Education,"Gustave Flaubert, Robert Baldick, Geoffrey Wall",eng,ENG,3.83,11642,7951
7953,Sleepwalk With Me and Other Painfully True Stories,Mike Birbiglia,unknown,UNKNOWN,3.85,10790,7952
7954,"Happy, Happy, Happy","Phil Robertson, Mark Schlabach",en-US,EN-US,4.06,10102,7953
7955,Kambing Jantan: Sebuah Catatan Harian Pelajar Bodoh ,Raditya Dika,ind,IND,3.59,8685,7954
7956,"Always You (Best Friend, #1)",Kirsty Moseley,eng,ENG,3.96,18043,7955
7957,"Scent of Magic (Healer, #2)",Maria V. Snyder,en-US,EN-US,4.13,16400,7956
7958,"Taken (Elvis Cole, #15; Joe Pike, #4)",Robert Crais,en-US,EN-US,4.17,12492,7957
7959,"Savannah Breeze (Weezie and Bebe Mysteries, #2)",Mary Kay Andrews,eng,ENG,4.05,13053,7958
7960,"Child of the Prophecy (Sevenwaters, #3)",Juliet Marillier,eng,ENG,4.11,15142,7959
7961,"Priestess of Avalon (Avalon, #4)","Marion Zimmer Bradley, Diana L. Paxson",en-US,EN-US,4.03,13823,7960
7962,"The Submissive (Submissive, #1)",Tara Sue Me,eng,ENG,3.97,14069,7961
7963,Platform,Michel Houellebecq,eng,ENG,3.79,9024,7962
7964,Contagious: Why Things Catch On,Jonah Berger,eng,ENG,3.88,11287,7963
7965,Disappearing Acts,Terry McMillan,eng,ENG,4.21,11309,7964
7966,"Fruits Basket, Vol. 7","Natsuki Takaya, Alethea Nibley, Athena Nibley",en-US,EN-US,4.41,16111,7965
7967,What Every Body is Saying: An Ex-FBI Agent's Guide to Speed-Reading People,"Joe Navarro, Marvin Karlins",eng,ENG,3.9,10204,7966
7968,Finding the Dream (Dream Trilogy #3),Nora Roberts,eng,ENG,4.06,16408,7967
7969,"The Secret History of the Pink Carnation (Pink Carnation, #1)",Lauren Willig,en-US,EN-US,3.69,17367,7968
7970,Close Range,Annie Proulx,en-US,EN-US,3.99,11107,7969
7971,Sweeney Todd: The Demon Barber of Fleet Street,"Stephen Sondheim, Hugh Wheeler, Christopher Godfrey Bond",eng,ENG,4.17,12850,7970
7972,Distant Shores,Kristin Hannah,unknown,UNKNOWN,3.7,12174,7971
7973,"Where You Are (Between the Lines, #2)",Tammara Webber,eng,ENG,3.94,18402,7972
7974,Silence,"Shūsaku Endō, William Johnston",eng,ENG,4.1,11917,7973
7975,"Numbers (Numbers, #1)",Rachel Ward,eng,ENG,3.46,16717,7974
7976,"Reunion in Death (In Death, #14)",J.D. Robb,eng,ENG,4.33,16688,7975
7977,Where Is God When It Hurts?,Philip Yancey,en-GB,EN-GB,4.22,9972,7976
7978,"The Mapping of Love and Death (Maisie Dobbs, #7)",Jacqueline Winspear,en-US,EN-US,4.19,14010,7977
7979,Born to Run,Bruce Springsteen,eng,ENG,4.18,14276,7978
7980,Primates of Park Avenue,Wednesday Martin,eng,ENG,3.05,9210,7979
7981,"Cold Fire (The Circle Opens, #3)",Tamora Pierce,eng,ENG,4.05,17424,7980
7982,Hidden Riches,Nora Roberts,en-US,EN-US,3.97,12871,7981
7983,Visions of Heat (Psy-Changeling #2),Nalini Singh,eng,ENG,4.13,22754,7982
7984,Hidden Figures: The American Dream and the Untold Story of the Black Women Mathematicians Who Helped Win the Space Race,Margot Lee Shetterly,eng,ENG,3.92,19947,7983
7985,The Art of Seduction,Robert Greene,eng,ENG,4.05,10100,7984
7986,"Kushiel's Justice (Imriel's Trilogy, #2)",Jacqueline Carey,eng,ENG,4.24,14422,7985
7987,The Hydrogen Sonata (Culture #10),Iain M. Banks,eng,ENG,4.15,10964,7986
7988,The Orenda,Joseph Boyden,eng,ENG,4.24,10830,7987
7989,The Julian Chapter (Wonder Story),R.J. Palacio,eng,ENG,4.31,10437,7988
7990,An Essay Concerning Human Understanding,John Locke,unknown,UNKNOWN,3.82,11456,7989
7991,"Hallowe'en Party (Hercule Poirot, #36)",Agatha Christie,eng,ENG,3.66,14932,7990
7992,"Never Have I Ever (The Lying Game, #2)",Sara Shepard,eng,ENG,4.03,15419,7991
7993,"Secret History (Mistborn, #3.5)",Brandon Sanderson,eng,ENG,4.38,12796,7992
7994,The Five Love Languages of Children,"Gary Chapman, D. Ross Campbell",unknown,UNKNOWN,4.21,9744,7993
7995,"The Sunday Philosophy Club (Isabel Dalhousie, #1)",Alexander McCall Smith,en-US,EN-US,3.36,14279,7994
7996,"Visions in Death (In Death, #19)",J.D. Robb,eng,ENG,4.33,16888,7995
7997,Washington Square,"Henry James, Michael Cunningham",unknown,UNKNOWN,3.67,12071,7996
7998,On Becoming a Person: A Therapist's View of Psychotherapy,"Carl R. Rogers, Peter D. Kramer",unknown,UNKNOWN,4.11,9988,7997
7999,"Safe with Me (With Me in Seattle, #5)",Kristen Proby,eng,ENG,4.37,21643,7998
8000,The Red Queen: Sex and the Evolution of Human Nature,Matt Ridley,en-US,EN-US,4.02,11437,7999
8001,"Monster in His Eyes (Monster in His Eyes, #1)",J.M. Darhower,eng,ENG,4.21,18999,8000
8002,Where Are You Now?,Mary Higgins Clark,en-US,EN-US,3.77,12550,8001
8003,"Day of Doom (The 39 Clues: Cahills vs. Vespers, #6)",David Baldacci,eng,ENG,4.13,11699,8002
8004,"Kare Kano: His and Her Circumstances, Vol. 1","Masami Tsuda, Darcy Lockman, Jack Niida",en-US,EN-US,3.96,12863,8003
8005,"Vision in Silver (The Others, #3)",Anne Bishop,eng,ENG,4.27,15605,8004
8006,"NYPD Red 3 (NYPD Red, #3)","James Patterson, Marshall Karp",unknown,UNKNOWN,4.03,6798,8005
8007,The Finkler Question,Howard Jacobson,eng,ENG,2.76,9627,8006
8008,"Imitation in Death (In Death, #17)",J.D. Robb,en-US,EN-US,4.34,17318,8007
8009,Beaches,Iris Rainer Dart,eng,ENG,4.14,12362,8008
8010,"Skellig (Skellig, #1)",David Almond,eng,ENG,3.77,13778,8009
8011,An Enquiry Concerning Human Understanding,David Hume,eng,ENG,3.9,11646,8010
8012,I Heard That Song Before,Mary Higgins Clark,eng,ENG,3.81,12611,8011
8013,The Book with No Pictures,B.J. Novak,eng,ENG,4.34,13984,8012
8014,"Psycho-Cybernetics, A New Way to Get More Living Out of Life",Maxwell Maltz,unknown,UNKNOWN,4.2,10652,8013
8015,The Hungry Tide,Amitav Ghosh,eng,ENG,3.91,9722,8014
8016,Crow Lake,Mary Lawson,eng,ENG,3.85,12220,8015
8017,Don't Let Me Go,Catherine Ryan Hyde,en-US,EN-US,4.13,4911,8016
8018,Ceremony,Leslie Marmon Silko,en-US,EN-US,3.73,11547,8017
8019,Home,Toni Morrison,unknown,UNKNOWN,3.71,11180,8018
8020,"Paper Girls, Vol. 1 (Paper Girls, #1)","Brian K. Vaughan, Cliff Chiang, Matthew Wilson",eng,ENG,3.87,23858,8019
8021,"The Breadwinner (The Breadwinner, #1)",Deborah Ellis,eng,ENG,3.93,11816,8020
8022,"The Wanderer (Thunder Point, #1)",Robyn Carr,eng,ENG,3.95,11256,8021
8023,A Year in the Merde,Stephen Clarke,en-US,EN-US,3.54,10319,8022
8024,The Hurricane Sisters,Dorothea Benton Frank,eng,ENG,3.49,10793,8023
8025,The Wretched of the Earth,"Frantz Fanon, Jean-Paul Sartre, Richard Philcox, Homi K. Bhabha",eng,ENG,4.16,11142,8024
8026,"Deep Six (Dirk Pitt, #7)",Clive Cussler,en-US,EN-US,3.88,13100,8025
8027,Secrets of the Vine: Breaking Through to Abundance,"Bruce H. Wilkinson, David Kopp",en-US,EN-US,4.13,10040,8026
8028,Anne Frank's Tales from the Secret Annex,"Anne Frank, Susan Massotty",unknown,UNKNOWN,4.23,10587,8027
8029,"City of Stairs (The Divine Cities, #1)",Robert Jackson Bennett,eng,ENG,4.13,11863,8028
8030,The Cradle Will Fall,Mary Higgins Clark,unknown,UNKNOWN,3.89,14370,8029
8031,"Into the Land of the Unicorns (Unicorn Chronicles, #1)",Bruce Coville,en-US,EN-US,4.04,14976,8030
8032,Girls' Night In,"Lauren Henderson, Chris Manby, Sarah Mlynowski, Jill A. Davis, Stella Duffy, Lisa Jewell, Marian Keyes, Sophie Kinsella, Adèle Lang, Carole Matthews, Anna Maxted, Megan McCafferty, Alisa Valdes, Isabel Wolff, Meg Cabot, Jessica Adams, Louise Bagshawe, Emily Barr, Jenny Colgan, Lynda Curnyn, Jennifer Weiner",eng,ENG,3.61,11485,8031
8033,The Gift of Therapy: An Open Letter to a New Generation of Therapists and Their Patients,"Irvin D. Yalom, Nicola Ferguson",unknown,UNKNOWN,4.22,9569,8032
8034,All Marketers Are Liars: The Power of Telling Authentic Stories in a Low-Trust World,Seth Godin,en-US,EN-US,3.88,9068,8033
8035,"Black Sun Rising (The Coldfire Trilogy, #1)",C.S. Friedman,en-US,EN-US,3.93,13994,8034
8036,City of Women,David R. Gillham,unknown,UNKNOWN,3.8,11676,8035
8037,The Misanthrope,Molière,eng,ENG,3.78,12994,8036
8038,"The Belgariad Boxed Set: Pawn of Prophecy / Queen of Sorcery / Magician's Gambit / Castle of Wizardry / Enchanters' End Game (The Belgariad, #1-5)",David Eddings,eng,ENG,4.26,11755,8037
8039,The Temple of My Familiar,Alice Walker,eng,ENG,4.05,11471,8038
8040,"Envy (Fallen Angels, #3)",J.R. Ward,eng,ENG,4.21,15836,8039
8041,"The Son (Divergent, #0.3)",Veronica Roth,eng,ENG,4.11,11370,8040
8042,"Seduce Me at Sunrise (The Hathaways, #2)",Lisa Kleypas,eng,ENG,4.1,22167,8041
8043,The Problem with Forever,Jennifer L. Armentrout,eng,ENG,4.0,17394,8042
8044,Holding Up the Universe,Jennifer Niven,eng,ENG,3.93,19504,8043
8045,Take the Cannoli,Sarah Vowell,unknown,UNKNOWN,3.86,10235,8044
8046,To Sell Is Human: The Surprising Truth About Moving Others,Daniel H. Pink,unknown,UNKNOWN,3.89,9858,8045
8047,The Double Helix,James D. Watson,eng,ENG,3.87,11415,8046
8048,Cook with Jamie,Jamie Oliver,eng,ENG,4.05,10592,8047
8049,House Harkonnen (Prelude to Dune #2),"Brian Herbert, Kevin J. Anderson",eng,ENG,3.63,11890,8048
8050,Dream Warrior (Dream-Hunter #4; Dark-Hunter #17),Sherrilyn Kenyon,eng,ENG,4.21,12404,8049
8051,Strength in What Remains: A Journey of Remembrance and Forgiveness,Tracy Kidder,eng,ENG,4.01,11833,8050
8052,FRUiTS,"Shoichi Aoki, Mark Sanders, Shoich Aoki",en-US,EN-US,3.94,9397,8051
8053,The Lord God Made Them All,James Herriot,en-US,EN-US,4.39,12510,8052
8054,"Then He Ate My Boy Entrancers (Confessions of Georgia Nicolson, #6)",Louise Rennison,eng,ENG,4.09,14737,8053
8055,The Frog and Toad Treasury: Frog and Toad are Friends/Frog and Toad Together/Frog and Toad All Year  (Frog and Toad #1-3),Arnold Lobel,unknown,UNKNOWN,4.4,13214,8054
8056,"1Q84 #1-2 (1Q84, #1-2)","Haruki Murakami, Jay Rubin",eng,ENG,4.07,8342,8055
8057,Absent In The Spring,"Mary Westmacott, Agatha Christie",eng,ENG,4.14,9787,8056
8058,"Rock Chick Reckoning (Rock Chick, #6)",Kristen Ashley,eng,ENG,4.44,24641,8057
8059,Fish in a Tree,Lynda Mullaly Hunt,eng,ENG,4.28,15582,8058
8060,The Inn at Rose Harbor (Rose Harbor #1),Debbie Macomber,eng,ENG,3.93,13001,8059
8061,Lady Almina and the Real Downton Abbey: The Lost Legacy of Highclere Castle,Fiona Carnarvon,eng,ENG,3.61,12235,8060
8062,"Dies the Fire (Emberverse, #1)",S.M. Stirling,eng,ENG,3.92,11912,8061
8063,"Stranger Child (DCI Tom Douglas, #4)",Rachel Abbott,eng,ENG,4.18,11856,8062
8064,The Smartest Guys in the Room: The Amazing Rise and Scandalous Fall of Enron,"Bethany McLean, Peter Elkind",unknown,UNKNOWN,4.14,10525,8063
8065,Another Brooklyn,Jacqueline Woodson,eng,ENG,3.87,13176,8064
8066,Beneath a Marble Sky,John Shors,eng,ENG,3.99,11427,8065
8067,Mount Dragon,"Douglas Preston, Lincoln Child",unknown,UNKNOWN,3.91,12656,8066
8068,The Face of Fear,"Brian Coffey, Dean Koontz",eng,ENG,3.8,13345,8067
8069,Journals,Kurt Cobain,unknown,UNKNOWN,3.98,10349,8068
8070,"Gone (Michael Bennett, #6)","James Patterson, Michael Ledwidge",eng,ENG,4.01,10444,8069
8071,Cosmopolis,Don DeLillo,en-GB,EN-GB,3.22,10099,8070
8072,Wait Till Helen Comes,Mary Downing Hahn,eng,ENG,4.14,13629,8071
8073,Very Valentine,Adriana Trigiani,en-US,EN-US,3.8,13279,8072
8074,"Fables, Vol. 8: Wolves","Bill Willingham, Mark Buckingham, Steve Leialoha, Shawn McManus, Andrew Pepoy",eng,ENG,4.28,15530,8073
8075,Light a Penny Candle,Maeve Binchy,eng,ENG,3.88,13144,8074
8076,"Dark Demon (Dark, #16)",Christine Feehan,eng,ENG,4.34,15915,8075
8077,"The Walking Dead, Vol. 14: No Way Out","Robert Kirkman, Charlie Adlard, Cliff Rathburn",eng,ENG,4.34,13590,8076
8078,"The Walking Dead, Book Two (The Walking Dead #13-24)","Robert Kirkman, Charlie Adlard",eng,ENG,4.35,12650,8077
8079,Cosmicomics,"Italo Calvino, William Weaver, Ανταίος Χρυσοστομίδης, Ελευθερία Κοψιδά",en-US,EN-US,4.2,10389,8078
8080,Possessing the Secret of Joy,Alice Walker,unknown,UNKNOWN,4.06,11748,8079
8081,Way Station,Clifford D. Simak,eng,ENG,4.03,12087,8080
8082,"My Soul to Keep (Soul Screamers, #3)",Rachel Vincent,eng,ENG,4.09,17033,8081
8083,The Return of the Prodigal Son: A Story of Homecoming,Henri J.M. Nouwen,eng,ENG,4.38,10802,8082
8084,Naked Economics: Undressing the Dismal Science,Charles Wheelan,unknown,UNKNOWN,4.0,5646,8083
8085,"Magic Steps (The Circle Opens, #1)",Tamora Pierce,unknown,UNKNOWN,3.98,17813,8084
8086,"Someone to Love (Someone to Love, #1)",Addison Moore,en-US,EN-US,3.74,14747,8085
8087,The Lions of Al-Rassan,Guy Gavriel Kay,eng,ENG,4.27,13954,8086
8088,Such a Pretty Girl,Laura Wiess,eng,ENG,3.89,13445,8087
8089,"Until Trevor (Until, #2)",Aurora Rose Reynolds,eng,ENG,4.2,22493,8088
8090,Scruples,Judith Krantz,eng,ENG,3.8,12465,8089
8091,Prayers for Sale,Sandra Dallas,eng,ENG,3.83,13730,8090
8092,Savages,Don Winslow,eng,ENG,3.84,10645,8091
8093,Dark Rivers of the Heart,Dean Koontz,unknown,UNKNOWN,3.88,13792,8092
8094,What We Keep ,Elizabeth Berg,eng,ENG,3.91,12742,8093
8095,Nothing,"Janne Teller, Martin Aitken",eng,ENG,3.76,9290,8094
8096,Sleeping Beauty Box Set,"A.N. Roquelaure, Anne Rice",eng,ENG,3.98,9850,8095
8097,"100 Bullets, Vol. 1: First Shot, Last Call","Brian Azzarello, Eduardo Risso",eng,ENG,3.82,13026,8096
8098,"The Awakened Mage (Kingmaker, Kingbreaker, #2)",Karen Miller,eng,ENG,3.71,12475,8097
8099,"A Ring of Endless Light (Austin Family, #4)",Madeleine L'Engle,eng,ENG,4.14,15629,8098
8100,How to Save a Life,Sara Zarr,en-US,EN-US,3.89,13864,8099
8101,"The 5 Greatest Warriors (Jack West Jr, #3)",Matthew Reilly,eng,ENG,4.24,10772,8100
8102,"Brotherhood in Death (In Death, #42)",J.D. Robb,eng,ENG,4.35,9041,8101
8103,"Arrow's Flight (Heralds of Valdemar, #2)",Mercedes Lackey,eng,ENG,4.13,17226,8102
8104,"The Tail of Emily Windsnap (Emily Windsnap, #1)","Liz Kessler, Sarah Gibb",eng,ENG,3.89,16453,8103
8105,Blackout: Remembering the Things I Drank to Forget,Sarah Hepola,eng,ENG,3.96,9165,8104
8106,"The Invaders (Brotherband Chronicles, #2)",John Flanagan,eng,ENG,4.4,13040,8105
8107,The Moon and Sixpence,W. Somerset Maugham,unknown,UNKNOWN,4.11,10074,8106
8108,"The Last Girl (The Dominion Trilogy, #1)",Joe Hart,en-CA,EN-CA,3.77,14487,8107
8109,"The Absolute Sandman, Volume One","Neil Gaiman, Mike Dringenberg, Chris Bachalo, Michael Zulli, Kelly Jones, Charles Vess, Colleen Doran, Malcolm Jones III, Steve Parkhouse, Daniel Vozzo, Lee Loughridge, Steve Oliff, Todd Klein, Dave McKean, Sam Kieth",eng,ENG,4.65,13401,8108
8110,"Rock Chick Regret (Rock Chick, #7)",Kristen Ashley,eng,ENG,4.55,24846,8109
8111,"Dicey's Song (Tillerman Cycle, #2)",Cynthia Voigt,eng,ENG,3.94,14926,8110
8112,"The Walking Dead, Book Three (The Walking Dead #25-36)","Robert Kirkman, Charlie Adlard, Cliff Rathburn, Rus Wooton",eng,ENG,4.43,12384,8111
8113,"A Quest of Heroes (The Sorcerer's Ring, #1)",Morgan Rice,eng,ENG,3.46,12368,8112
8114,The Woman in the Dunes,"Kōbō Abe, E. Dale Saunders",eng,ENG,3.91,11467,8113
8115,Aunt Julia and the Scriptwriter,"Mario Vargas Llosa, Helen R. Lane",eng,ENG,3.9,9228,8114
8116,"Queen Song (Red Queen, #0.1)",Victoria Aveyard,unknown,UNKNOWN,3.74,12436,8115
8117,"Transmetropolitan, Vol. 3: Year of the Bastard (Transmetropolitan, #3)","Warren Ellis, Darick Robertson, Rodney Ramos",eng,ENG,4.4,12188,8116
8118,The Prettiest One,James  Hankins,eng,ENG,3.66,10609,8117
8119,Falling into Place,Amy Zhang,unknown,UNKNOWN,3.88,12411,8118
8120,"A Severe Mercy: A Story of Faith, Tragedy and Triumph","Sheldon Vanauken, C.S. Lewis",en-US,EN-US,4.32,11207,8119
8121,1493: Uncovering the New World Columbus Created,Charles C. Mann,en-GB,EN-GB,4.05,10963,8120
8122,The Dry Grass of August,Anna Jean Mayhew,unknown,UNKNOWN,3.82,12446,8121
8123,"Trust No One (The 39 Clues: Cahills vs. Vespers, #5)",Linda Sue Park,eng,ENG,4.2,11768,8122
8124,Zone One,Colson Whitehead,eng,ENG,3.25,12370,8123
8125,"The Madness of Lord Ian Mackenzie (Mackenzies & McBrides, #1)",Jennifer Ashley,eng,ENG,4.07,19932,8124
8126,"Point of Impact (Bob Lee Swagger, #1)",Stephen Hunter,eng,ENG,4.26,10318,8125
8127,Life and Times of Michael K,J.M. Coetzee,unknown,UNKNOWN,3.85,10647,8126
8128,"Children of God (The Sparrow, #2)",Mary Doria Russell,eng,ENG,4.05,12938,8127
8129,Vanished (Callahan & McLane #1),Kendra Elliot,eng,ENG,4.07,11824,8128
8130,Jamie at Home: Cook Your Way to the Good Life,Jamie Oliver,unknown,UNKNOWN,4.09,10588,8129
8131,"The Mediterranean Caper (Dirk Pitt, #2)",Clive Cussler,eng,ENG,3.75,13139,8130
8132,"The Forest House (Avalon, #2)","Marion Zimmer Bradley, Diana L. Paxson",eng,ENG,3.85,13951,8131
8133,"Certain Prey (Lucas Davenport, #10)",John Sandford,eng,ENG,4.2,12320,8132
8134,"Undead and Unreturnable (Undead, #4)",MaryJanice Davidson,en-US,EN-US,3.89,18700,8133
8135,"Fearless (The Lost Fleet, #2)",Jack Campbell,unknown,UNKNOWN,3.97,12733,8134
8136,"Dawn on a Distant Shore (Wilderness, #2)",Sara Donati,en-US,EN-US,4.19,11461,8135
8137,F*ck Love,Tarryn Fisher,unknown,UNKNOWN,4.13,12203,8136
8138,The Danish Girl,David Ebershoff,eng,ENG,3.74,8292,8137
8139,This Star Won't Go Out: The Life and Words of Esther Grace Earl,"Esther Earl, Lori Earl, Wayne Earl, John Green",eng,ENG,4.19,12887,8138
8140,Brave New World Revisited ,Aldous Huxley,en-US,EN-US,3.93,11073,8139
8141,Story of O (Story of O #1),"Pauline Réage, Sabine d'Estree",eng,ENG,3.34,10922,8140
8142,"Forest Mage (Soldier Son, #2)",Robin Hobb,en-US,EN-US,3.35,11953,8141
8143,"Sacred (Kenzie & Gennaro, #3)",Dennis Lehane,unknown,UNKNOWN,3.94,12247,8142
8144,Hidden (Bone Secrets. #1),Kendra Elliot,eng,ENG,3.98,8758,8143
8145,Punk 57,Penelope Douglas,unknown,UNKNOWN,4.22,12748,8144
8146,"Eye of the Storm (Sean Dillon, #1)",Jack Higgins,eng,ENG,3.96,11724,8145
8147,Nikola Tesla: Imagination and the Man That Invented the 20th Century,Sean Patrick,eng,ENG,3.79,13584,8146
8148,How to Be Popular,Meg Cabot,eng,ENG,3.54,18568,8147
8149,Pygmalion & My Fair Lady,"George Bernard Shaw, Alan Jay Lerner",unknown,UNKNOWN,4.24,13318,8148
8150,Omerta,Mario Puzo,eng,ENG,3.68,10538,8149
8151,"Unraveling (Unraveling, #1)",Elizabeth Norris,en-US,EN-US,3.84,16361,8150
8152,One,Richard Bach,unknown,UNKNOWN,3.94,9349,8151
8153,The Tiger Rising,Kate DiCamillo,eng,ENG,3.78,14832,8152
8154,Magic's Price (Valdemar: Last Herald-Mage #3),Mercedes Lackey,eng,ENG,4.26,17108,8153
8155,"The Hedge Knight (The Tales of Dunk and Egg, #1)",George R.R. Martin,eng,ENG,4.23,14003,8154
8156,"After the Funeral (Hercule Poirot, #29)",Agatha Christie,eng,ENG,3.84,13569,8155
8157,Wanted,"Mark Millar, J.G. Jones, Brian K. Vaughan",unknown,UNKNOWN,3.71,11462,8156
8158,"Death Note, Vol. 8: Target (Death Note, #8)","Tsugumi Ohba, Takeshi Obata",eng,ENG,4.27,14494,8157
8159,X-Men: The Dark Phoenix Saga,"Chris Claremont, John Byrne",eng,ENG,4.26,11113,8158
8160,Manufacturing Consent: The Political Economy of the Mass Media,"Noam Chomsky, Edward S. Herman",eng,ENG,4.22,10301,8159
8161,Pippi in the South Seas,"Astrid Lindgren, Gerry Bothmer",en-US,EN-US,4.1,13911,8160
8162,The Castle of Otranto,Horace Walpole,eng,ENG,3.18,12921,8161
8163,Outer Dark,Cormac McCarthy,unknown,UNKNOWN,3.88,9172,8162
8164,"Endless Knight (The Arcana Chronicles, #2)",Kresley Cole,eng,ENG,4.39,14677,8163
8165,Shadow & Claw (The Book of the New Sun #1-2),Gene Wolfe,eng,ENG,4.04,11282,8164
8166,Among the Ten Thousand Things,Julia Pierpont,eng,ENG,2.84,8458,8165
8167,"The Great Shark Hunt: Strange Tales from a Strange Time (The Gonzo Papers, #1)",Hunter S. Thompson,en-US,EN-US,4.07,9953,8166
8168,The Complete Poems,"Anne Sexton, Maxine Kumin",en-US,EN-US,4.28,11888,8167
8169,2312,Kim Stanley Robinson,eng,ENG,3.43,10042,8168
8170,"Tears of a Tiger (Hazelwood High, #1)",Sharon M. Draper,eng,ENG,4.16,11266,8169
8171,Altar of Eden,James Rollins,en-US,EN-US,4.01,12250,8170
8172,"Ouran High School Host Club, Vol. 2 (Ouran High School Host Club, #2)",Bisco Hatori,eng,ENG,4.46,14350,8171
8173,"The Problem Child (The Sisters Grimm, #3)","Michael Buckley, Peter Ferguson",en-US,EN-US,4.27,15353,8172
8174,Washington's Crossing,David Hackett Fischer,eng,ENG,4.11,10445,8173
8175,Shalimar the Clown,Salman Rushdie,eng,ENG,3.86,10396,8174
8176,Desert Flower,"Waris Dirie, Cathleen Miller",eng,ENG,4.09,9609,8175
8177,Halo: First Strike,Eric S. Nylund,en-GB,EN-GB,4.12,9670,8176
8178,"Broken Silence (Silence, #2)",Natasha Preston,eng,ENG,4.14,8280,8177
8179,In Search of Excellence: Lessons from America's Best-Run Companies,"Tom Peters, Robert H. Waterman Jr.",unknown,UNKNOWN,3.91,9469,8178
8180,First Love,"James Patterson, Emily Raymond",unknown,UNKNOWN,3.76,9890,8179
8181,"The Batman Chronicles, Vol. 1","Bill Finger, Gardner F. Fox, Bob Kane, Jerry Robinson, Sheldon Moldoff",en-US,EN-US,3.99,9593,8180
8182,Fearless: The Heroic Story of One Navy SEAL's Sacrifice in the Hunt for Osama Bin Laden and the Unwavering Devotion of the Woman Who Loved Him,Eric Blehm,unknown,UNKNOWN,4.53,7793,8181
8183,"Waterfall (River of Time, #1)",Lisa Tawn Bergren,en-US,EN-US,4.04,15884,8182
8184,"The Love Song of Miss Queenie Hennessy (Harold Fry, #2)",Rachel Joyce,eng,ENG,4.04,10730,8183
8185,"Morgawr (The Voyage of the Jerle Shannara, #3)",Terry Brooks,eng,ENG,3.96,12797,8184
8186,September,Rosamunde Pilcher,eng,ENG,4.12,12412,8185
8187,The Last Question,"Isaac Asimov, Bob E. Flick, Jim Gallant",eng,ENG,4.58,11762,8186
8188,Henderson the Rain King,"Saul Bellow, Luciano Bianciardi",eng,ENG,3.79,11226,8187
8189,Fear of Flying,Erica Jong,en-US,EN-US,3.44,13061,8188
8190,Red Riding Hood,"Sarah Blakley-Cartwright, David Leslie Johnson, Catherine Hardwicke",en-US,EN-US,3.51,14220,8189
8191,Stay Hungry Stay Foolish,Rashmi Bansal,eng,ENG,3.62,8598,8190
8192,The Giraffe and the Pelly and Me,"Roald Dahl, Quentin Blake",eng,ENG,3.8,14180,8191
8193,Shotgun Lovesongs,Nickolas Butler,eng,ENG,3.78,9878,8192
8194,"The Death of Kings (Emperor, #2)",Conn Iggulden,eng,ENG,4.25,10633,8193
8195,French Women Don't Get Fat: The Secret of Eating for Pleasure,Mireille Guiliano,eng,ENG,3.48,10584,8194
8196,"A Certain Slant of Light (Light, #1)",Laura Whitcomb,en-US,EN-US,3.83,16769,8195
8197,"The Uglies Trilogy (Uglies, #1-3)",Scott Westerfeld,unknown,UNKNOWN,4.06,13405,8196
8198,The Bone Tree,Greg Iles,en-US,EN-US,4.18,8055,8197
8199,False Impression,Jeffrey Archer,en-US,EN-US,3.67,10338,8198
8200,I Wrote This For You,"pleasefindthis, Iain S. Thomas, Jon Ellis",eng,ENG,4.17,11533,8199
8201,Barefoot in Paris,"Ina Garten, Quentin Bacon",en-GB,EN-GB,4.19,11128,8200
8202,"Naruto, Vol. 05: Exam Hell (Naruto, #5)",Masashi Kishimoto,eng,ENG,4.44,13122,8201
8203,"Away Laughing on a Fast Camel (Confessions of Georgia Nicolson, #5)",Louise Rennison,unknown,UNKNOWN,4.06,14351,8202
8204,"The Unwanted Wife (Unwanted, #1)",Natasha Anders,eng,ENG,3.94,17458,8203
8205,"Royally Screwed (Royally, #1)",Emma Chase,eng,ENG,4.11,15906,8204
8206,"Splendor (Luxe, #4)",Anna Godbersen,en-US,EN-US,3.84,16276,8205
8207,The Professor,Charlotte Brontë,eng,ENG,3.56,12140,8206
8208,"Drink Deep (Chicagoland Vampires, #5)",Chloe Neill,en-US,EN-US,4.12,21860,8207
8209,رجال في الشمس,غسان كنفاني,ara,ARA,4.16,10016,8208
8210,The Little Mermaid,"Hans Christian Andersen, Lisbeth Zwerger, Anthea Bell",en-US,EN-US,4.02,14361,8209
8211,"Big Boned (Heather Wells, #3)",Meg Cabot,eng,ENG,3.84,17672,8210
8212,The Subterraneans,Jack Kerouac,eng,ENG,3.68,10325,8211
8213,The Tale of Three Trees,"Angela Elwell Hunt, Tim Jonke",en-US,EN-US,4.52,13226,8212
8214,"Sin City, Vol. 3: The Big Fat Kill (Sin City, #3)",Frank Miller,en-US,EN-US,4.1,12625,8213
8215,"The Moving Finger (Miss Marple, #4)",Agatha Christie,en-GB,EN-GB,3.84,15142,8214
8216,"Hornet's Nest (Andy Brazil, #1)",Patricia Cornwell,eng,ENG,3.28,12973,8215
8217,The Sacred Romance Drawing Closer To The Heart Of God,"John Eldredge, Brent Curtis",eng,ENG,4.0,9882,8216
8218,There's a Boy in the Girls' Bathroom,Louis Sachar,eng,ENG,3.95,12732,8217
8219,"Crash into You (Pushing the Limits, #3)",Katie McGarry,eng,ENG,4.28,21136,8218
8220,Colonel Roosevelt,Edmund Morris,eng,ENG,4.1,12745,8219
8221,Selected Poems,"William Carlos Williams, Charles Tomlinson",unknown,UNKNOWN,4.15,11740,8220
8222,"Vision of the Future (Star Wars: The Hand of Thrawn, #2)",Timothy Zahn,eng,ENG,4.06,11657,8221
8223,"1Q84 BOOK 2 (1Q84, #2)",Haruki Murakami,jpn,JPN,4.04,9668,8222
8224,How to Be Both,Ali Smith,eng,ENG,3.61,9431,8223
8225,"Princess on the Brink (The Princess Diaries, #8)",Meg Cabot,unknown,UNKNOWN,3.7,17654,8224
8226,The Woodlanders,"Thomas Hardy, Patricia Ingham",eng,ENG,3.82,10835,8225
8227,Tempting Fate,Jane Green,eng,ENG,3.59,9882,8226
8228,While My Sister Sleeps,Barbara Delinsky,en-US,EN-US,3.82,12719,8227
8229,Killing Pablo: The Hunt for the World's Greatest Outlaw,Mark Bowden,unknown,UNKNOWN,3.93,9469,8228
8230,Gold,Chris Cleave,eng,ENG,3.68,6997,8229
8231,"Wondrous Strange (Wondrous Strange, #1)",Lesley Livingston,eng,ENG,3.69,17738,8230
8232,How Soccer Explains the World,Franklin Foer,unknown,UNKNOWN,3.76,9231,8231
8233,The Book of Disquiet,"Fernando Pessoa, Richard Zenith",eng,ENG,4.5,9115,8232
8234,"Batman: Earth One, Volume 1","Geoff Johns, Gary Frank, Jon Sibal, Brad Anderson, Rob Leigh",eng,ENG,4.06,11302,8233
8235,Some Assembly Required: A Journal of My Son's First Son,"Anne Lamott, Sam Lamott",en-US,EN-US,3.61,10547,8234
8236,"Undead and Unappreciated (Undead, #3)",MaryJanice Davidson,en-US,EN-US,3.88,18066,8235
8237,"Blue Labyrinth (Pendergast, #14)","Douglas Preston, Lincoln Child",eng,ENG,4.11,9184,8236
8238,Malcolm X: A Life of Reinvention,Manning Marable,eng,ENG,4.2,11448,8237
8239,Mutant Message Down Under,Marlo Morgan,eng,ENG,3.79,9981,8238
8240,"Ashes of Midnight (Midnight Breed, #6)",Lara Adrian,eng,ENG,4.19,18982,8239
8241,"Once Upon a Crime (The Sisters Grimm, #4)","Michael Buckley, Peter Ferguson",eng,ENG,4.26,15091,8240
8242,Keys to Drawing,Bert Dodson,eng,ENG,4.0,10004,8241
8243,"Fables, Vol. 9: Sons of Empire","Bill Willingham, Mark Buckingham, Steve Leialoha, Andrew Pepoy, Gene Ha, Joshua Middleton, Iñaki Miranda, Mike Allred",eng,ENG,4.24,15232,8242
8244,"Embrace the Night (Cassandra Palmer, #3)",Karen Chance,en-US,EN-US,4.09,19294,8243
8245,"The Ipcress File (Secret File, #1)",Len Deighton,en-US,EN-US,3.94,12052,8244
8246,The Fannie Farmer Cookbook: Anniversary,"Marion Cunningham, Fannie Merritt Farmer, Archibald Candy Corporation",unknown,UNKNOWN,4.1,12723,8245
8247,واحة الغروب,بهاء طاهر,ara,ARA,3.82,10365,8246
8248,"Branded (Fall of Angels, #1)",Keary Taylor,eng,ENG,3.7,9790,8247
8249,The Third Policeman,Flann O'Brien,eng,ENG,4.02,10352,8248
8250,"Tea Time for the Traditionally Built (No. 1 Ladies' Detective Agency, #10)",Alexander McCall Smith,eng,ENG,4.11,15001,8249
8251,"Starlight (Warriors: The New Prophecy, #4)",Erin Hunter,en-US,EN-US,4.28,15719,8250
8252,"Feral Sins (The Phoenix Pack, #1)",Suzanne Wright,eng,ENG,4.12,21978,8251
8253,Tintin in the Land of the Soviets (Tintin #1),"Hergé, Leslie Lonsdale-Cooper, Michael Turner",eng,ENG,3.67,10702,8252
8254,"Flash and Bones (Temperance Brennan, #14)",Kathy Reichs,eng,ENG,3.86,14064,8253
8255,Eileen,Ottessa Moshfegh,eng,ENG,3.38,10460,8254
8256,"Creation in Death (In Death, #25)",J.D. Robb,eng,ENG,4.34,16050,8255
8257,Llama Llama Mad at Mama,Anna Dewdney,en-US,EN-US,4.28,14175,8256
8258,Cop Town,Karin Slaughter,eng,ENG,3.88,10660,8257
8259,Graffiti World: Street Art from Five Continents,"Nicholas Ganz, Tristan Manco",unknown,UNKNOWN,4.01,9000,8258
8260,Lon Po Po: A Red-Riding Hood Story from China,Ed Young,eng,ENG,4.03,14340,8259
8261,The Blood of Flowers,Anita Amirrezvani,en-US,EN-US,3.95,11871,8260
8262,"Five Children and It (Five Children, #1)",E. Nesbit,eng,ENG,3.88,16059,8261
8263,2 ضباط,Essam Youssef,ara,ARA,3.64,8109,8262
8264,"Flood Tide (Dirk Pitt, #14)",Clive Cussler,eng,ENG,3.88,11987,8263
8265,"This Savage Song (Monsters of Verity, #1)",Victoria Schwab,eng,ENG,4.14,17210,8264
8266,"Bloodlust (The Vampire Diaries: Stefan's Diaries, #2)","L.J. Smith, Kevin Williamson, Julie Plec",en-US,EN-US,4.05,11333,8265
8267,Branded by Fire (Psy-Changeling #6),Nalini Singh,eng,ENG,4.3,20275,8266
8268,The Unexpected Everything,Morgan Matson,eng,ENG,4.07,18752,8267
8269,Exit to Eden,"Anne Rampling, Anne Rice",eng,ENG,3.55,11846,8268
8270,Percy Jackson & the Olympians:  The Ultimate Guide,"Mary-Jane Knight, Rick Riordan",en-US,EN-US,4.12,14173,8269
8271,Alif the Unseen,G. Willow Wilson,en-US,EN-US,3.84,10982,8270
8272,The Complete Guide to Middle-Earth,"Robert Foster, J.R.R. Tolkien",unknown,UNKNOWN,4.17,10280,8271
8273,The Orchid House,Lucinda Riley,en-US,EN-US,3.8,9282,8272
8274,"The Bird and the Sword (The Bird and the Sword Chronicles, #1)",Amy Harmon,eng,ENG,4.29,11705,8273
8275,"The Black Unicorn (Magic Kingdom of Landover, #2)",Terry Brooks,eng,ENG,3.75,14108,8274
8276,The Awakening and Selected Stories,"Kate Chopin, Cynthia Brantley Johnson, Alyssa  Harad",eng,ENG,3.84,8505,8275
8277,Say You're One of Them,Uwem Akpan,unknown,UNKNOWN,3.49,10899,8276
8278,"The Crossing Places (Ruth Galloway, #1)",Elly Griffiths,en-GB,EN-GB,3.87,12427,8277
8279,Peak (Peak #1),Roland Smith,en-US,EN-US,3.98,13314,8278
8280,"One Step Behind  (Kurt Wallander, #7)","Henning Mankell, Ebba Segerberg",eng,ENG,4.08,10619,8279
8281,The Devil's Alternative,Frederick Forsyth,unknown,UNKNOWN,4.0,9927,8280
8282,Faithful,Alice Hoffman,eng,ENG,4.02,12442,8281
8283,"Sovereign (Matthew Shardlake, #3)",C.J. Sansom,en-US,EN-US,4.28,11071,8282
8284,Envy,Sandra Brown,eng,ENG,4.15,11520,8283
8285,Batman and Son,"Grant Morrison, Andy Kubert, John Van Fleet, Jesse Delperdang",eng,ENG,3.81,10188,8284
8286,On Food and Cooking: The Science and Lore of the Kitchen,Harold McGee,en-US,EN-US,4.48,10631,8285
8287,"Magic and Other Misdemeanors (The Sisters Grimm, #5)","Michael Buckley, Peter Ferguson",unknown,UNKNOWN,4.29,15038,8286
8288,"In Bed with a Highlander (McCabe Trilogy, #1)",Maya Banks,eng,ENG,4.05,20529,8287
8289,The Confessions of Nat Turner,William Styron,eng,ENG,3.96,11535,8288
8290,Please Stop Laughing at Me... One Woman's Inspirational Story,Jodee Blanco,en-US,EN-US,3.84,9178,8289
8291,"Rule of Two (Star Wars: Darth Bane, #2)",Drew Karpyshyn,eng,ENG,4.15,10269,8290
8292,A Girl Like You,Gemma Burgess,eng,ENG,3.95,12117,8291
8293,"Sincerely, Carter (Sincerely Carter, #1)",Whitney G.,unknown,UNKNOWN,4.1,14881,8292
8294,The Android's Dream,John Scalzi,en-US,EN-US,3.97,11476,8293
8295,The Stories of Eva Luna,Isabel Allende,en-US,EN-US,3.96,10862,8294
8296,Awakening the Buddha Within: Tibetan Wisdom for the Western World,Lama Surya Das,en-US,EN-US,4.18,9912,8295
8297,Long Time Coming,Edie Claire,en-US,EN-US,3.77,9327,8296
8298,Story of a Girl,Sara Zarr,en-US,EN-US,3.67,14282,8297
8299,High Heat (Jack Reacher #17.5),Lee Child,eng,ENG,3.93,4842,8298
8300,Orphan Number Eight,Kim van Alkemade,eng,ENG,3.69,9558,8299
8301,"Delusion in Death (In Death, #35)",J.D. Robb,en-US,EN-US,4.31,13716,8300
8302,"Field of Dishonor (Honor Harrington, #4)",David Weber,eng,ENG,4.19,13157,8301
8303,How Music Works,David Byrne,unknown,UNKNOWN,3.95,10163,8302
8304,Save the Date,Mary Kay Andrews,eng,ENG,3.87,11080,8303
8305,Oracle Night,Paul Auster,eng,ENG,3.77,8827,8304
8306,"Time and Again (Time, #1)",Jack Finney,eng,ENG,3.98,11251,8305
8307,One Lavender Ribbon,Heather Burch,en-US,EN-US,3.78,9175,8306
8308,Run Baby Run,"Nicky Cruz, Jamie Buckingham",en-US,EN-US,4.21,10697,8307
8309,Fences (The Century Cycle #6),August Wilson,eng,ENG,3.84,11991,8308
8310,Tortured for Christ N/E,Richard Wurmbrand,en-US,EN-US,4.34,9622,8309
8311,The Two-Family House,Lynda Cohen Loigman,eng,ENG,3.94,9395,8310
8312,Miracles,C.S. Lewis,eng,ENG,4.08,10821,8311
8313,"The Talent Code: Unlocking the Secret of Skill in Sports, Art, Music, Math, and Just About Everything Else","Daniel Coyle, John Farrell",unknown,UNKNOWN,4.07,10334,8312
8314,Dear Daughter,Elizabeth Little,eng,ENG,3.44,10004,8313
8315,The Mermaid's Sister,Carrie Anne Noble,en-US,EN-US,3.64,6221,8314
8316,"The Inimitable Jeeves (Jeeves, #2)",P.G. Wodehouse,en-US,EN-US,4.26,7376,8315
8317,"Dragons of Summer Flame (Dragonlance: The Second Generation, #2)","Margaret Weis, Tracy Hickman",eng,ENG,3.84,11465,8316
8318,"The Secret Speech (Leo Demidov, #2)",Tom Rob Smith,eng,ENG,3.78,9880,8317
8319,"Star Island (Skink, #6)",Carl Hiaasen,unknown,UNKNOWN,3.44,11806,8318
8320,Un Lun Dun,China Miéville,eng,ENG,3.81,13243,8319
8321,"Death Note, Vol. 5: Whiteout (Death Note, #5)","Tsugumi Ohba, Takeshi Obata",eng,ENG,4.35,15786,8320
8322,"Heat Rises (Nikki Heat, #3)",Richard Castle,en-US,EN-US,3.92,12449,8321
8323,Homicide: A Year on the Killing Streets,David Simon,en-US,EN-US,4.38,10279,8322
8324,"Mrs. Mike (Mrs. Mike, #1)","Benedict Freedman, Nancy Freedman",eng,ENG,4.13,12826,8323
8325,A Work in Progress,Connor Franta,eng,ENG,4.36,14397,8324
8326,The Enchanted,Rene Denfeld,eng,ENG,3.96,11515,8325
8327,"The Left Hand of God (The Left Hand of God, #1)",Paul  Hoffman,en-GB,EN-GB,3.66,10638,8326
8328,How to Love,Katie Cotugno,eng,ENG,3.73,12515,8327
8329,Paris to the Moon,Adam Gopnik,eng,ENG,3.75,11065,8328
8330,You Against Me,Jenny Downham,eng,ENG,3.7,15118,8329
8331,A Dog's Life: The Autobiography of a Stray,Ann M. Martin,eng,ENG,4.18,11112,8330
8332,"The Will of the Empress (Circle Reforged, #1)",Tamora Pierce,eng,ENG,4.15,16730,8331
8333,"The Secret Race: Inside the Hidden World of the Tour de France: Doping, Cover-ups, and Winning at All Costs","Tyler Hamilton, Daniel Coyle",eng,ENG,4.32,8711,8332
8334,"Doctor No (James Bond, #6)",Ian Fleming,eng,ENG,3.76,10569,8333
8335,Ripper,"Isabel Allende, Oliver Brock, Frank Wynne",eng,ENG,3.24,8919,8334
8336,ماهی سیاه کوچولو,Samad Behrangi,per,PER,4.11,5364,8335
8337,Fifth Business,Robertson Davies,eng,ENG,4.04,11651,8336
8338,"Hello, Cupcake","Alan    Richardson, Karen Tack",en-US,EN-US,4.05,10653,8337
8339,"Monster Hunter Vendetta (Monster Hunter International, #2)",Larry Correia,eng,ENG,4.24,12109,8338
8340,Nights of Rain and Stars,Maeve Binchy,en-GB,EN-GB,3.67,12365,8339
8341,"Big Nate on a Roll (Big Nate Novels, #3)",Lincoln Peirce,unknown,UNKNOWN,4.32,9873,8340
8342,"Wife by Wednesday (The Weekday Brides, #1)",Catherine Bybee,eng,ENG,3.77,10586,8341
8343,"The New Bedside, Bathtub and Armchair Companion to Agatha Christie","Dick Riley, Pam McAllister, Bruce Cassiday",en-US,EN-US,4.23,10356,8342
8344,"Dominic (Slater Brothers, #1)",L.A. Casey,eng,ENG,4.08,19434,8343
8345,"Shadow's Claim (Immortals After Dark, #13; The Dacians, #1)",Kresley Cole,eng,ENG,4.28,17866,8344
8346,Glitter and Glue,Kelly Corrigan,eng,ENG,3.76,10841,8345
8347,A Night to Remember,"Walter Lord, Nathaniel Philbrick",en-US,EN-US,4.0,11475,8346
8348,The Lonely Polygamist,Brady Udall,en-US,EN-US,3.5,9773,8347
8349,Stormy Weather,Carl Hiaasen,en-US,EN-US,3.94,11452,8348
8350,That Old Cape Magic,"Richard Russo, Arthur Morey",eng,ENG,3.3,12095,8349
8351,"The Darkest Hour (KGI, #1)",Maya Banks,eng,ENG,4.17,19619,8350
8352,The Devil All the Time,Donald Ray Pollock,eng,ENG,4.09,9620,8351
8353,A Long Way Home,Saroo Brierley,eng,ENG,4.12,12404,8352
8354,"Twilight (Warriors: The New Prophecy, #5)",Erin Hunter,en-US,EN-US,4.3,15604,8353
8355,Istanbul: Memories and the City,Orhan Pamuk,eng,ENG,3.77,9919,8354
8356,The Second Assistant: A Tale from the Bottom of the Hollywood Ladder,"Clare Naylor, Mimi Hare",en-US,EN-US,3.52,11268,8355
8357,Martin Chuzzlewit,"Charles Dickens, Patricia Ingham, Hablot Knight Browne",eng,ENG,3.82,11784,8356
8358,"Darkness, Be My Friend (Tomorrow, #4)",John Marsden,en-US,EN-US,4.11,12447,8357
8359,UR,Stephen King,eng,ENG,3.65,13518,8358
8360,Tales of the South Pacific,James A. Michener,en-US,EN-US,4.03,11999,8359
8361,A Bend in the River,V.S. Naipaul,eng,ENG,3.77,11011,8360
8362,Evicted: Poverty and Profit in the American City,Matthew Desmond,eng,ENG,4.48,15165,8361
8363,"The Assassin and the Empire (Throne of Glass, #0.5)",Sarah J. Maas,eng,ENG,4.42,17277,8362
8364,"Misbehaving (Sea Breeze, #6)",Abbi Glines,eng,ENG,4.18,18648,8363
8365,"The Invisible Library (The Invisible Library, #1)",Genevieve Cogman,eng,ENG,3.73,12058,8364
8366,Saint Maybe,Anne Tyler,en-US,EN-US,3.88,13134,8365
8367,Embroideries,"Marjane Satrapi, Anjali Singh",eng,ENG,3.82,11879,8366
8368,Deep and Dark and Dangerous (A Ghost Story),Mary Downing Hahn,unknown,UNKNOWN,4.22,12839,8367
8369,"Harry, a History: The True Story of a Boy Wizard, His Fans, and Life Inside the Harry Potter Phenomenon","Melissa Anelli, J.K. Rowling",en-US,EN-US,4.09,12308,8368
8370,Marcelo in the Real World,Francisco X. Stork,eng,ENG,3.95,14651,8369
8371,"The Green Mile, Part 4: The Bad Death of Eduard Delacroix",Stephen King,eng,ENG,4.52,12958,8370
8372,Daun Yang Jatuh Tak Pernah Membenci Angin,Tere Liye,ind,IND,3.97,9974,8371
8373,"Alcatraz Versus the Evil Librarians (Alcatraz, #1)",Brandon Sanderson,eng,ENG,3.87,13474,8372
8374,Darth Vader and Son,Jeffrey Brown,eng,ENG,4.14,14005,8373
8375,Darwin's Dangerous Idea: Evolution and the Meanings of Life,Daniel C. Dennett,en-US,EN-US,4.03,11090,8374
8376,"Pani Jeziora (Saga o Wiedźminie, #7)",Andrzej Sapkowski,pol,POL,4.28,9902,8375
8377,"Open Season (Joe Pickett, #1)",C.J. Box,en-US,EN-US,3.91,10659,8376
8378,"Palace of Stone (Princess Academy, #2)",Shannon Hale,eng,ENG,3.95,16023,8377
8379,Hausfrau,Jill Alexander Essbaum,eng,ENG,3.24,9949,8378
8380,Legally Blonde,Amanda Brown,unknown,UNKNOWN,3.68,11094,8379
8381,"Truthwitch (The Witchlands, #1)",Susan Dennard,eng,ENG,3.93,17752,8380
8382,1421: The Year China Discovered America,Gavin Menzies,eng,ENG,3.58,10200,8381
8383,A Wrinkle in Time: The Graphic Novel,"Hope Larson, Madeleine L'Engle",eng,ENG,3.95,12337,8382
8384,Heartburn,Nora Ephron,eng,ENG,3.57,12503,8383
8385,Tigers in Red Weather,Liza Klaussmann,eng,ENG,3.42,10800,8384
8386,Hornet Flight,Ken Follett,en-US,EN-US,3.83,11362,8385
8387,"The White Lioness (Kurt Wallander, #3)","Henning Mankell, Laurie Thompson",eng,ENG,3.84,10678,8386
8388,"Elven Star (The Death Gate Cycle, #2)","Margaret Weis, Tracy Hickman",en-US,EN-US,3.98,13576,8387
8389,Flight,Sherman Alexie,en-US,EN-US,3.89,12016,8388
8390,Philosophical Investigations,"Ludwig Wittgenstein, G.E.M. Anscombe",en-US,EN-US,4.23,9403,8389
8391,"Endure (Need, #4)",Carrie Jones,eng,ENG,4.08,16128,8390
8392,"Kaleidoscope Hearts (Hearts, #1)",Claire Contreras,eng,ENG,4.06,15396,8391
8393,"Enemy of God (The Warlord Chronicles, #2)",Bernard Cornwell,en-US,EN-US,4.38,8664,8392
8394,"Cage (Corps Security, #2)",Harper Sloan,eng,ENG,4.29,7591,8393
8395,Mud Vein,Tarryn Fisher,eng,ENG,4.11,16593,8394
8396,Our Dumb Century: The Onion Presents 100 Years of Headlines from America's Finest News Source,"Scott Dikkers, Maria Schneider, John Krewson, Robert Siegel, David Javerbaum, Todd Hanson, Carol Kolb, Mike Loew, Tim Harrod",eng,ENG,4.18,10999,8395
8397,Ice Hunt,James Rollins,eng,ENG,4.04,12302,8396
8398,"Strange Candy (Anita Blake, Vampire Hunter #0.5)",Laurell K. Hamilton,en-US,EN-US,3.74,14468,8397
8399,First Among Equals,Jeffrey Archer,eng,ENG,3.87,11171,8398
8400,Black Holes and Baby Universes,Stephen Hawking,eng,ENG,4.09,9477,8399
8401,"The Chronicles of Thomas Covenant, the Unbeliever (The Chronicles of Thomas Covenant the Unbeliever, #1-3)",Stephen R. Donaldson,eng,ENG,3.78,12122,8400
8402,"Archangel's Blade (Guild Hunter, #4)",Nalini Singh,unknown,UNKNOWN,4.26,20804,8401
8403,The Story of Philosophy: The Lives and Opinions of the World's Greatest Philosophers,Will Durant,eng,ENG,4.09,8618,8402
8404,The Gnostic Gospels,Elaine Pagels,en-US,EN-US,3.93,11216,8403
8405,How to Talk to a Widower,Jonathan Tropper,unknown,UNKNOWN,3.97,9884,8404
8406,"The Gods of Mars (Barsoom, #2)",Edgar Rice Burroughs,eng,ENG,3.86,10859,8405
8407,"The Survivor (Mitch Rapp, #14)","Vince Flynn, Kyle Mills, Armand Schultz",eng,ENG,4.2,6945,8406
8408,Kiss of Snow (Psy-Changeling #10),Nalini Singh,eng,ENG,4.47,18759,8407
8409,An Untamed State,Roxane Gay,eng,ENG,4.05,10809,8408
8410,Breath,Tim Winton,unknown,UNKNOWN,3.8,10233,8409
8411,Diagnostic and Statistical Manual of Mental Disorders DSM-IV-TR,American Psychiatric Association,eng,ENG,3.87,10114,8410
8412,"A Monstrous Regiment of Women (Mary Russell, #2)",Laurie R. King,eng,ENG,4.04,15363,8411
8413,"Alvin Journeyman (Tales of Alvin Maker, #4)",Orson Scott Card,en-US,EN-US,3.72,12663,8412
8414,"Rose Under Fire (Code Name Verity, #2)",Elizabeth Wein,eng,ENG,4.13,13526,8413
8415,"Yotsuba&!, Vol. 01 (Yotsuba&! #1)","Kiyohiko Azuma, あずま きよひこ",eng,ENG,4.34,12754,8414
8416,Black Elk Speaks: Being the Life Story of a Holy Man of the Oglala Sioux,"Black Elk, John G. Neihardt",en-GB,EN-GB,4.13,8888,8415
8417,"The Accidental Billionaires: The Founding of Facebook, a Tale of Sex, Money, Genius and Betrayal",Ben Mezrich,en-US,EN-US,3.5,9400,8416
8418,"The Sleeping Doll (Kathryn Dance, #1)",Jeffery Deaver,eng,ENG,3.92,11895,8417
8419,"Dark Legend (Dark, #8)",Christine Feehan,eng,ENG,4.33,16196,8418
8420,"Batman: Hush, Vol. 1","Jeph Loeb, Jim Lee, Scott Williams",eng,ENG,4.1,31527,8419
8421,One Breath Away,Heather Gudenkauf,eng,ENG,3.98,13179,8420
8422,The Devil's Punchbowl,Greg Iles,eng,ENG,4.05,10626,8421
8423,"Empress of the World (Battle Hall Davies, #1)",Sara Ryan,en-US,EN-US,3.73,11076,8422
8424,"Welcome to the Jungle (The Dresden Files, #0.5)",Jim Butcher,eng,ENG,4.09,13833,8423
8425,"Blackout (All Clear, #1)",Connie Willis,eng,ENG,3.83,14665,8424
8426,"A Blaze of Sun (A Shade of Vampire, #5)",Bella Forrest,eng,ENG,4.15,7866,8425
8427,The Red Garden,Alice Hoffman,eng,ENG,3.69,13236,8426
8428,Babar the King,Jean de Brunhoff,en-US,EN-US,4.18,14296,8427
8429,Ungifted,Gordon Korman,eng,ENG,4.0,11956,8428
8430,Noises Off,Michael Frayn,unknown,UNKNOWN,4.18,12709,8429
8431,The Final Detail (Myron Bolitar #6),Harlan Coben,eng,ENG,4.0,11989,8430
8432,"Olympos (Ilium, #2)",Dan Simmons,en-US,EN-US,3.93,11393,8431
8433,A History of the World in 6 Glasses,Tom Standage,en-US,EN-US,3.74,10473,8432
8434,The Sound of Glass,Karen   White,eng,ENG,3.98,9755,8433
8435,The Widow of the South,Robert Hicks,eng,ENG,3.75,12419,8434
8436,Obsession,Jennifer L. Armentrout,eng,ENG,4.15,19898,8435
8437,Courageous,"Randy Alcorn, Alex Kendrick, Stephen Kendrick",unknown,UNKNOWN,4.53,9409,8436
8438,The Magician's Elephant,"Kate DiCamillo, Yoko Tanaka",eng,ENG,3.82,14726,8437
8439,Back When We Were Grownups,Anne Tyler,eng,ENG,3.51,13416,8438
8440,The Dead,James Joyce,eng,ENG,4.09,11279,8439
8441,قمر على سمرقند,"محمد المنسي قنديل, Mohamed Mansi Qandil",ara,ARA,3.9,5070,8440
8442,"Convicted (Consequences, #3)",Aleatha Romig,eng,ENG,4.38,16329,8441
8443,"The Lost Saint (The Dark Divine, #2)",Bree Despain,eng,ENG,4.04,15328,8442
8444,Relentless,Dean Koontz,en-US,EN-US,3.71,12416,8443
8445,"Taliesin (The Pendragon Cycle, #1)",Stephen R. Lawhead,eng,ENG,3.98,12435,8444
8446,Basket Case,Carl Hiaasen,unknown,UNKNOWN,3.81,11909,8445
8447,المرحوم,حسن كمال,ara,ARA,3.51,8937,8446
8448,"The Memory of Earth (Homecoming, #1)",Orson Scott Card,eng,ENG,3.56,13107,8447
8449,Wench,Dolen Perkins-Valdez,en-US,EN-US,3.68,12250,8448
8450,"Curse the Dawn (Cassandra Palmer, #4)",Karen Chance,eng,ENG,4.16,18032,8449
8451,Praying God's Word: Breaking Free From Spiritual Strongholds,Beth Moore,unknown,UNKNOWN,4.45,9530,8450
8452,In the Skin of a Lion,Michael Ondaatje,unknown,UNKNOWN,3.88,11289,8451
8453,Where There's Smoke,Jodi Picoult,en-US,EN-US,3.56,7802,8452
8454,Jack: Straight from the Gut,"Jack Welch, John A. Byrne, Mike Barnicle",eng,ENG,3.79,9781,8453
8455,The Missing Piece Meets the Big O ,Shel Silverstein,en-US,EN-US,4.32,9056,8454
8456,Life is Elsewhere,"Milan Kundera, Aaron Asher",eng,ENG,3.95,8834,8455
8457,Blessings,Anna Quindlen,unknown,UNKNOWN,3.56,12480,8456
8458,"Wicked Nights (Angels of the Dark, #1)",Gena Showalter,eng,ENG,4.11,17942,8457
8459,"Six's Legacy (Lorien Legacies: The Lost Files, #1)",Pittacus Lore,eng,ENG,4.08,13853,8458
8460,Magic's Promise (Valdemar: Last Herald-Mage #2),Mercedes Lackey,eng,ENG,4.2,16547,8459
8461,Most Wanted,Lisa Scottoline,eng,ENG,3.56,10007,8460
8462,"Underworld (Abandon, #2)",Meg Cabot,eng,ENG,3.89,17878,8461
8463,Food Matters: A Guide to Conscious Eating with More Than 75 Recipes,Mark Bittman,unknown,UNKNOWN,3.97,10408,8462
8464,Coming Home,Rosamunde Pilcher,eng,ENG,4.27,11355,8463
8465,"Glorious Appearing: The End of Days (Left Behind, #12)","Tim LaHaye, Jerry B. Jenkins",eng,ENG,3.96,10474,8464
8466,ليتها تقرأ,خالد الباتلي,ara,ARA,3.04,9807,8465
8467,"Silken Prey (Lucas Davenport, #23)",John Sandford,eng,ENG,4.16,10456,8466
8468,"Mad River (Virgil Flowers, #6)",John Sandford,eng,ENG,4.17,11286,8467
8469,Hotel du Lac,Anita Brookner,eng,ENG,3.56,11066,8468
8470,"The Ghost Road (Regeneration, #3)",Pat Barker,en-US,EN-US,4.11,11723,8469
8471,Pudd'nhead Wilson,Mark Twain,eng,ENG,3.74,11014,8470
8472,Metaphysics,"Aristotle, Joe Sachs",unknown,UNKNOWN,4.0,10112,8471
8473,If You Find Me,Emily Murdoch,eng,ENG,4.06,13683,8472
8474,"Native Tongue (Skink, #2)",Carl Hiaasen,eng,ENG,3.94,10717,8473
8475,The Persian Pickle Club,Sandra Dallas,en-US,EN-US,3.78,13732,8474
8476,"My Soul to Save (Soul Screamers, #2)",Rachel Vincent,en-US,EN-US,3.98,18243,8475
8477,"The Worst Witch (Worst Witch, #1)",Jill Murphy,unknown,UNKNOWN,3.94,13003,8476
8478,The Relatives Came,"Cynthia Rylant, Stephen Gammell",eng,ENG,4.2,13099,8477
8479,What I Loved,Siri Hustvedt,en-GB,EN-GB,4.02,9974,8478
8480,"Maryamah Karpov: Mimpi-mimpi Lintang (Tetralogi Laskar Pelangi, #4)",Andrea Hirata,ind,IND,3.6,8399,8479
8481,Tilt,Ellen Hopkins,eng,ENG,4.2,12141,8480
8482,"Dragonheart (Pern, #21)",Todd J. McCaffrey,unknown,UNKNOWN,4.14,10996,8481
8483,"Conquer Your Love (Surrender Your Love, #2)",J.C. Reed,eng,ENG,4.01,16089,8482
8484,"Pearls of Lutra (Redwall, #9)",Brian Jacques,unknown,UNKNOWN,3.99,15605,8483
8485,The Element: How Finding Your Passion Changes Everything,"Ken Robinson, Lou Aronica",eng,ENG,3.89,9074,8484
8486,The Secret Chord,Geraldine Brooks,eng,ENG,3.55,9228,8485
8487,The Staff of Serapis (Percy Jackson & Kane Chronicles Crossover #2),Rick Riordan,eng,ENG,4.31,11947,8486
8488,A Different Blue,Amy Harmon,eng,ENG,4.22,14183,8487
8489,Downtown Owl,Chuck Klosterman,eng,ENG,3.53,9666,8488
8490,Halo: The Flood,William C. Dietz,en-US,EN-US,3.69,9709,8489
8491,"Antrax (Voyage of the Jerle Shannara, #2)",Terry Brooks,eng,ENG,3.94,12947,8490
8492,Sailing Alone Around the Room: New and Selected Poems,Billy Collins,eng,ENG,4.24,10999,8491
8493,"Once (Eve, #2)",Anna Carey,en-US,EN-US,3.9,15315,8492
8494,"Into the Deep (Into the Deep, #1)",Samantha Young,eng,ENG,4.09,19288,8493
8495,"Mirror Dance (Vorkosigan Saga, #8)",Lois McMaster Bujold,en-US,EN-US,4.32,14391,8494
8496,Agnes and the Hitman,"Jennifer Crusie, Bob Mayer",eng,ENG,3.93,15848,8495
8497,Logicomix: An epic search for truth,"Apostolos Doxiadis, Christos H. Papadimitriou, Alecos Papadatos, Annie Di Donna",en-US,EN-US,4.01,11004,8496
8498,HHhH,Laurent Binet,fre,FRE,4.07,7765,8497
8499,The Residence: Inside the Private World of the White House,Kate Andersen Brower,unknown,UNKNOWN,3.75,8841,8498
8500,"Stone Cold Touch (The Dark Elements, #2)",Jennifer L. Armentrout,eng,ENG,4.38,18262,8499
8501,The Life List,Lori Nelson Spielman,eng,ENG,4.08,8301,8500
8502,"The Rising (Darkness Rising, #3)",Kelley Armstrong,eng,ENG,4.13,17452,8501
8503,Buddenbrooks: The Decline of a Family,"Thomas Mann, John E. Woods, T.J. Reed",eng,ENG,4.13,12049,8502
8504,Uncle Vanya,Anton Chekhov,eng,ENG,3.84,11418,8503
8505,The Christmas Wedding,"James Patterson, Richard DiLallo",eng,ENG,3.32,12736,8504
8506,"The Lost Years (The Lost Years of Merlin, #1)",T.A. Barron,eng,ENG,3.97,12146,8505
8507,"Storm Glass (Glass, #1)",Maria V. Snyder,eng,ENG,3.95,18218,8506
8508,"The Sea, the Sea","Iris Murdoch, Mary Kinzie",eng,ENG,3.9,10849,8507
8509,"Eden (Providence, #3)",Jamie McGuire,unknown,UNKNOWN,4.17,15420,8508
8510,"Among the Enemy (Shadow Children, #6)",Margaret Peterson Haddix,en-US,EN-US,4.16,14836,8509
8511,"Incendiary (The Premonition, #4)",Amy A. Bartol,en-US,EN-US,4.43,12468,8510
8512,Battlefield Earth: A Saga of the Year 3000,L. Ron Hubbard,eng,ENG,3.49,11671,8511
8513,Financial Peace Revisited,Dave Ramsey,unknown,UNKNOWN,4.31,10914,8512
8514,I'll Be Seeing You,Mary Higgins Clark,eng,ENG,3.79,13804,8513
8515,This Time Together: Laughter and Reflection,Carol Burnett,eng,ENG,4.05,10609,8514
8516,My Year of Meats,Ruth Ozeki,eng,ENG,3.93,10297,8515
8517,Fledgling,Octavia E. Butler,en-US,EN-US,3.9,11792,8516
8518,"At Peace (The 'Burg, #2)",Kristen Ashley,en-GB,EN-GB,4.49,23308,8517
8519,The House of God,"Samuel Shem, John Updike",eng,ENG,3.95,8812,8518
8520,Last Train to Istanbul,"Ayşe Kulin, John W. Baker",eng,ENG,3.81,6870,8519
8521,Echo,Pam Muñoz Ryan,eng,ENG,4.36,14864,8520
8522,Wreck This Journal,Keri Smith,unknown,UNKNOWN,4.19,10012,8521
8523,The Gulag Archipelago 1918-1956,"Aleksandr Solzhenitsyn, Edward E. Ericson Jr.",eng,ENG,4.15,10693,8522
8524,Seven Years in Tibet,Heinrich Harrer,unknown,UNKNOWN,4.05,11283,8523
8525,Commencement ,J. Courtney Sullivan,en-US,EN-US,3.36,12653,8524
8526,"The Bar Code Tattoo (Bar Code, #1)",Suzanne Weyn,eng,ENG,3.55,14037,8525
8527,"MacRieve (Immortals After Dark, #14)",Kresley Cole,eng,ENG,4.3,17488,8526
8528,Oogy: The Dog Only a Family Could Love,Larry Levin,en-GB,EN-GB,4.04,10273,8527
8529,"American Tabloid (Underworld USA, #1)",James Ellroy,eng,ENG,4.21,10193,8528
8530,"The Fallen and Leviathan (The Fallen, #1-2)",Thomas E. Sniegoski,eng,ENG,3.74,13676,8529
8531,"The Renegades of Pern (Pern, #10)",Anne McCaffrey,unknown,UNKNOWN,3.84,14387,8530
8532,Baltasar and Blimunda,"José Saramago, Giovanni Pontiero",eng,ENG,3.9,5321,8531
8533,The Cake Bible,"Rose Levy Beranbaum, Maria Guarnaschelli, Vincent Lee, Manuela Paul, Dean G. Bornstein",unknown,UNKNOWN,4.2,9412,8532
8534,"Serafina and the Black Cloak (Serafina, #1)",Robert  Beatty,eng,ENG,3.9,12256,8533
8535,A New Hope  (Star Wars: Novelizations #4),"Alan Dean Foster, George Lucas",eng,ENG,4.07,10647,8534
8536,Summer House,Nancy Thayer,eng,ENG,3.91,11460,8535
8537,Almost French: Love and a New Life in Paris,Sarah Turnbull,unknown,UNKNOWN,3.68,10668,8536
8538,Stupeur et tremblements,Amélie Nothomb,fre,FRE,3.72,9448,8537
8539,Pandora / Vittorio the Vampire (New Tales of the Vampires),Anne Rice,unknown,UNKNOWN,4.03,10977,8538
8540,"Summer and the City (The Carrie Diaries, #2)",Candace Bushnell,en-US,EN-US,3.63,11366,8539
8541,"The Stone Monkey (Lincoln Rhyme, #4)",Jeffery Deaver,eng,ENG,3.94,11769,8540
8542,"Origin in Death (In Death, #21)",J.D. Robb,eng,ENG,4.34,16775,8541
8543,"The First Part Last (Heaven, #2)",Angela Johnson,eng,ENG,3.96,12689,8542
8544,The Invisible Gorilla: And Other Ways Our Intuitions Deceive Us,"Christopher Chabris, Daniel Simons",eng,ENG,3.88,10080,8543
8545,"Prior Bad Acts (Kovac and Liska, #3)",Tami Hoag,eng,ENG,4.07,11454,8544
8546,"Firestar's Quest (Warriors Super Edition, #1)",Erin Hunter,eng,ENG,4.32,14773,8545
8547,A Fraction of the Whole,Steve Toltz,unknown,UNKNOWN,4.06,7646,8546
8548,This is Not My Hat,Jon Klassen,eng,ENG,4.23,14779,8547
8549,I Will Teach You To Be Rich,Ramit Sethi,eng,ENG,4.04,10209,8548
8550,"Radiant Angel (John Corey, #7)",Nelson DeMille,eng,ENG,3.84,6590,8549
8551,"The Queen's Poisoner (Kingfountain, #1)",Jeff Wheeler,en-GB,EN-GB,4.07,14126,8550
8552,"Rejoice (Redemption, #4)","Karen Kingsbury, Gary Smalley",eng,ENG,4.45,11013,8551
8553,Physics of the Future: How Science Will Shape Human Destiny and Our Daily Lives by the Year 2100,Michio Kaku,eng,ENG,3.98,10159,8552
8554,"The Naturals (The Naturals, #1)",Jennifer Lynn Barnes,eng,ENG,4.16,16704,8553
8555,"Tintin in Tibet (Tintin, #20)","Hergé, Leslie Lonsdale-Cooper, Michael Turner",eng,ENG,4.2,10146,8554
8556,"Firewall (Wallander, #8)","Henning Mankell, Ebba Segerberg",eng,ENG,3.95,10138,8555
8557,"Tales From the Hood (The Sisters Grimm, #6)","Michael Buckley, Peter Ferguson",en-US,EN-US,4.29,15020,8556
8558,"Mutiny on the Bounty (The Bounty Trilogy, #1)","Charles Bernard Nordhoff, James Norman Hall",en-US,EN-US,3.97,11746,8557
8559,"Love Hina, Vol. 01",Ken Akamatsu,eng,ENG,3.73,10926,8558
8560,What the Bleep Do We Know!?: Discovering the Endless Possibilities for Altering Your Everyday Reality,"William Arntz, Betsy Chasse, Mark Vicente",unknown,UNKNOWN,4.25,9759,8559
8561,"The Wretched of Muirwood (Legends of Muirwood, #1)",Jeff Wheeler,eng,ENG,3.97,6029,8560
8562,"Gentle Rogue (Malory-Anderson Family, #3)",Johanna Lindsey,en-US,EN-US,4.23,15496,8561
8563,"The Shepherd's Crown (Discworld, #41; Tiffany Aching, #5)",Terry Pratchett,eng,ENG,4.34,9134,8562
8564,Mary Barton,"Elizabeth Gaskell, Shirley Foster",eng,ENG,3.7,11742,8563
8565,Nostromo,Joseph Conrad,eng,ENG,3.81,11478,8564
8566,The Plum Tree,Ellen Marie Wiseman,eng,ENG,4.02,8479,8565
8567,"Death Note, Vol. 7: Zero (Death Note, #7)","Tsugumi Ohba, Takeshi Obata",unknown,UNKNOWN,4.41,14480,8566
8568,"The Crown Conspiracy (The Riyria Revelations, #1)",Michael J. Sullivan,eng,ENG,4.15,12198,8567
8569,"Styxx (Dark-Hunter, #22)",Sherrilyn Kenyon,eng,ENG,4.58,14344,8568
8570,Eugénie Grandet,"Honoré de Balzac, Sylvia Raphael, Christopher Prendergast",eng,ENG,3.79,11028,8569
8571,Essentials of Classic Italian Cooking,"Marcella Hazan, Karin Kretschmann",unknown,UNKNOWN,4.26,10729,8570
8572,Silence of the Grave (Inspector Erlendur #4),"Arnaldur Indriðason, Bernard Scudder",eng,ENG,3.94,8918,8571
8573,The Catastrophic History of You and Me,Jess Rothenberg,en-US,EN-US,4.04,12890,8572
8574,"Girl, Stolen (Girl, Stolen #1)",April Henry,eng,ENG,3.99,13108,8573
8575,"Leven Thumps and the Eyes of the Want (Leven Thumps, #3)",Obert Skye,eng,ENG,3.97,11192,8574
8576,Killing Reagan: The Violent Assault That Changed a Presidency,"Bill O'Reilly, Martin Dugard",eng,ENG,4.08,9794,8575
8577,The Girl Who Was on Fire: Your Favorite Authors on Suzanne Collins' Hunger Games Trilogy,"Leah Wilson, Jennifer Lynn Barnes, Mary Borsellino, Sarah Rees Brennan, Terri  Clark, Bree Despain, Adrienne Kress, Sarah Darer Littman, Cara Lockwood, Elizabeth M. Rees, Carrie Ryan, Ned Vizzini, Lili Wilkinson, Blythe Woolston",en-US,EN-US,4.28,10189,8576
8578,A Bargain for Frances,"Russell Hoban, Lillian Hoban",eng,ENG,4.25,13135,8577
8579,"Calculated in Death (In Death, #36)",J.D. Robb,eng,ENG,4.23,12807,8578
8580,The Argonauts,Maggie Nelson,eng,ENG,3.99,11925,8579
8581,Gonzo: The Life of Hunter S. Thompson,"Jann S. Wenner, Corey Seymour",en-US,EN-US,4.07,9915,8580
8582,The Last Painting of Sara de Vos,Dominic Smith,eng,ENG,3.83,12029,8581
8583,The Sister,Louise Jensen,eng,ENG,3.77,11603,8582
8584,"Kiss of Frost (Mythos Academy, #2)",Jennifer Estep,unknown,UNKNOWN,4.05,18386,8583
8585,Duck On A Bike,David Shannon,eng,ENG,4.06,12461,8584
8586,The Soldier's Wife,Margaret Leroy,en-US,EN-US,3.88,11421,8585
8587,"The Shadow Throne (The Ascendance Trilogy, #3)",Jennifer A. Nielsen,eng,ENG,4.23,15731,8586
8588,"City of Glass (The New York Trilogy, #1)",Paul Auster,eng,ENG,3.81,10157,8587
8589,Memórias Póstumas de Brás Cubas,Machado de Assis,por,POR,4.23,8306,8588
8590,"This Body of Death (Inspector Lynley, #16)",Elizabeth  George,en-US,EN-US,4.01,12396,8589
8591,"Emily Climbs (Emily, #2)",L.M. Montgomery,eng,ENG,4.14,15498,8590
8592,"Kushiel's Mercy (Imriel's Trilogy, #3)",Jacqueline Carey,en-US,EN-US,4.3,13337,8591
8593,How to Read Literature Like a Professor: A Lively and Entertaining Guide to Reading Between the Lines,Thomas C. Foster,en-US,EN-US,3.63,12467,8592
8594,"Shadows in Flight (Ender's Shadow, #5)",Orson Scott Card,en-GB,EN-GB,3.76,11464,8593
8595,"Burn for Me (Hidden Legacy, #1)",Ilona Andrews,eng,ENG,4.34,17853,8594
8596,"Chasing Darkness (Elvis Cole, #12)",Robert Crais,en-US,EN-US,4.18,11070,8595
8597,"ttyl (Internet Girls, #1)",Lauren Myracle,en-US,EN-US,3.46,14505,8596
8598,If Chins Could Kill: Confessions of a B-Movie Actor,Bruce Campbell,unknown,UNKNOWN,3.99,11853,8597
8599,"Vampire Knight, Vol. 4 (Vampire Knight, #4)","Matsuri Hino, Tomo Kimura",eng,ENG,4.31,13515,8598
8600,Train Dreams,"Denis Johnson, Bettina Abarbanell",ger,GER,3.89,4886,8599
8601,The Art of Thinking Clearly,Rolf Dobelli,unknown,UNKNOWN,3.79,8367,8600
8602,Mouse Paint,Ellen Stoll Walsh,eng,ENG,4.15,12839,8601
8603,"Accidentally on Purpose (Accidentally on Purpose, #1)",L.D. Davis,eng,ENG,3.94,16958,8602
8604,Edvard Munch: 1863-1944 (Basic Art),Ulrich Bischoff,unknown,UNKNOWN,4.07,8308,8603
8605,Art in Theory 1900 - 2000: An Anthology of Changing Ideas,"Charles Harrison, Paul Wood",en-US,EN-US,3.94,7861,8604
8606,Press Here,"Hervé Tullet, Christopher Franceschelli",en-US,EN-US,4.44,15315,8605
8607,"The Killing (Cherub, #4)",Robert Muchamore,eng,ENG,4.12,11584,8606
8608,Darkest Fear (Myron Bolitar #7),Harlan Coben,eng,ENG,4.03,10955,8607
8609,The Lady of Shalott,"Alfred Tennyson, Charles Keeping",en-US,EN-US,4.17,14848,8608
8610,"Revenge of the Wannabes (The Clique, #3)",Lisi Harrison,unknown,UNKNOWN,3.76,12935,8609
8611,On the Genealogy of Morals,"Friedrich Nietzsche, Douglas Smith",unknown,UNKNOWN,4.1,9214,8610
8612,Hellblazer: Original Sins,"Jamie Delano, John Ridgway, Alfredo Alcalá",eng,ENG,4.1,12881,8611
8613,Happy Accidents: A Memoir,"Jane Lynch, Lisa Dickey",unknown,UNKNOWN,3.69,10824,8612
8614,"Dawn of Wonder (The Wakening, #1)",Jonathan Renshaw,eng,ENG,4.36,12166,8613
8615,"Celebrity in Death (In Death, #34)",J.D. Robb,eng,ENG,4.28,13182,8614
8616,أقوم قيلا,سلطان موسى الموسى,ara,ARA,3.99,9612,8615
8617,"The 13½ Lives of Captain Bluebear (Zamonia, #1)","Walter Moers, John Brownjohn",eng,ENG,4.2,10560,8616
8618,The Wives of Henry VIII,Antonia Fraser,unknown,UNKNOWN,4.15,13159,8617
8619,Every Thing on It,Shel Silverstein,unknown,UNKNOWN,4.39,11547,8618
8620,The Snowman,Raymond Briggs,eng,ENG,4.28,13496,8619
8621,"Nash (Marked Men, #4)",Jay Crownover,unknown,UNKNOWN,4.21,21213,8620
8622,"Just One Drop (The Grey Wolves, #3)",Quinn Loftis,en-GB,EN-GB,4.48,15606,8621
8623,Billions & Billions: Thoughts on Life and Death at the Brink of the Millennium,"Carl Sagan, Ann Druyan",unknown,UNKNOWN,4.26,10690,8622
8624,"Rough Country (Virgil Flowers, #3)",John Sandford,en-US,EN-US,4.15,12594,8623
8625,Rabbit Redux (Rabbit Angstrom #2),John Updike,eng,ENG,3.79,11051,8624
8626,Lemony Snicket: The Unauthorized Autobiography (A Series of Unfortunate Events companion),Lemony Snicket,unknown,UNKNOWN,3.72,14205,8625
8627,"Ross Poldark (Poldark, #1)",Winston Graham,eng,ENG,4.11,5990,8626
8628,"Orphan X (Orphan X, #1)",Gregg Hurwitz,eng,ENG,4.08,10320,8627
8629,"The Look of Love (San Francisco Sullivans, #1; The Sullivans, #1)",Bella Andre,eng,ENG,3.87,18776,8628
8630,Blockade Billy,Stephen King,eng,ENG,3.4,12179,8629
8631,The Matlock Paper,Robert Ludlum,eng,ENG,3.86,11118,8630
8632,Breakfast with Buddha,Roland Merullo,en-US,EN-US,3.82,8634,8631
8633,The Twelve Caesars,"Suetonius, Michael Grant, Robert Graves",eng,ENG,4.05,11283,8632
8634,حوجن [Ḥawjan],"Ibraheem Abbas, إبراهيم عباس, Yasser Bahjatt",ara,ARA,3.75,10203,8633
8635,"Sharpe's Rifles (Sharpe, #6)",Bernard Cornwell,eng,ENG,4.21,10342,8634
8636,"Vector Prime (Star Wars: The New Jedi Order, #1)",R.A. Salvatore,eng,ENG,3.79,10769,8635
8637,"Touching Darkness (Midnighters, #2)",Scott Westerfeld,en-US,EN-US,3.89,16168,8636
8638,"Revenge of the Spellmans (The Spellmans, #3)",Lisa Lutz,en-US,EN-US,4.14,14258,8637
8639,Detroit: An American Autopsy,Charlie LeDuff,eng,ENG,3.95,9860,8638
8640,"Gaudy Night (Lord Peter Wimsey, #12)",Dorothy L. Sayers,eng,ENG,4.26,14750,8639
8641,"Kings Rising (Captive Prince, #3)",C.S. Pacat,eng,ENG,4.5,14210,8640
8642,"Rival (Fall Away, #2)","Penelope Douglas, Abby Craden, Nelson Hobbs",eng,ENG,4.16,21940,8641
8643,"Mortal Engines (The Hungry City Chronicles, #1)",Philip Reeve,eng,ENG,3.98,12868,8642
8644,Private London (Private #4),"James Patterson, Mark Pearson",eng,ENG,3.75,9922,8643
8645,"Blood Cross (Jane Yellowrock, #2)",Faith Hunter,eng,ENG,4.13,16307,8644
8646,"Spying in High Heels (High Heels, #1)",Gemma Halliday,eng,ENG,3.67,11034,8645
8647,"The Lady in the Lake (Philip Marlowe, #4)",Raymond Chandler,eng,ENG,4.07,11613,8646
8648,I Love You Through and Through,"Bernadette Rossetti-Shustak, Caroline Jayne Church",unknown,UNKNOWN,4.39,10808,8647
8649,"Crash & Burn (Tessa Leoni, #3)",Lisa Gardner,eng,ENG,4.0,8644,8648
8650,"Justice, Volume 1","Jim Krueger, Alex Ross, Doug Braithwaite",eng,ENG,4.14,10232,8649
8651,"River of Blue Fire (Otherland, #2)",Tad Williams,eng,ENG,4.0,12015,8650
8652,"The Wind Singer (Wind on Fire, #1)","William Nicholson, Peter Sís",eng,ENG,3.84,12654,8651
8653,The End of Mr. Y,Scarlett Thomas,en-US,EN-US,3.79,7920,8652
8654,Gentlemen of the Road,"Michael Chabon, Gary Gianni",eng,ENG,3.42,10440,8653
8655,Those Guys Have All the Fun: Inside the World of ESPN,"James Andrew Miller, Tom Shales",en-US,EN-US,3.69,9413,8654
8656,Big Fish,Daniel Wallace,en-GB,EN-GB,3.64,11526,8655
8657,"Breakable (Contours of the Heart, #2)",Tammara Webber,eng,ENG,4.06,17319,8656
8658,The Death of Bees,Lisa O'Donnell,eng,ENG,3.81,11530,8657
8659,Bella Tuscany,Frances Mayes,unknown,UNKNOWN,3.74,10773,8658
8660,"Black Dawn (The Morganville Vampires, #12)",Rachel Caine,eng,ENG,4.26,14778,8659
8661,Through My Eyes,"Tim Tebow, Nathan Whitaker",en-US,EN-US,3.92,8727,8660
8662,"Parable of the Talents (Earthseed, #2)",Octavia E. Butler,eng,ENG,4.21,10500,8661
8663,"Locke & Key, Vol. 6: Alpha & Omega","Joe Hill, Gabriel Rodríguez",eng,ENG,4.5,14363,8662
8664,"Empire of the Sun (Empire of the Sun, #1)",J.G. Ballard,unknown,UNKNOWN,3.98,11185,8663
8665,The Country Mouse and the City Mouse; The Fox and the Crow; The Dog and His Bone,"Patricia M. Scarry, Richard Scarry",unknown,UNKNOWN,4.28,11493,8664
8666,Dark Star Safari: Overland from Cairo to Cape Town,Paul Theroux,en-US,EN-US,3.96,9662,8665
8667,"Crystal Singer (Crystal Singer, #1)",Anne McCaffrey,en-US,EN-US,4.07,14864,8666
8668,"The Assassin and the Underworld (Throne of Glass, #0.4)",Sarah J. Maas,eng,ENG,4.37,17008,8667
8669,If You Give a Cat a Cupcake,"Laura Joffe Numeroff, Felicia Bond",unknown,UNKNOWN,4.2,11948,8668
8670,Darth Plagueis,James Luceno,eng,ENG,4.07,9052,8669
8671,"The Rainbow Comes and Goes: A Mother and Son On Life, Love, and Loss","Anderson Cooper, Gloria Vanderbilt",eng,ENG,3.79,10758,8670
8672,Underground Airlines,Ben H. Winters,eng,ENG,3.88,9728,8671
8673,"Raven Black (Shetland Island, #1)",Ann Cleeves,en-US,EN-US,3.85,10617,8672
8674,"Infamous (Chronicles of Nick, #3)",Sherrilyn Kenyon,unknown,UNKNOWN,4.36,8185,8673
8675,Having Our Say: The Delany Sisters' First 100 Years,"Sarah L. Delany, A. Elizabeth Delany, Amy Hill Hearth",en-US,EN-US,4.14,11668,8674
8676,Lush Life,Richard Price,eng,ENG,3.69,9478,8675
8677,What's Eating Gilbert Grape,Peter Hedges,eng,ENG,4.1,11352,8676
8678,"Curtsies & Conspiracies (Finishing School, #2)",Gail Carriger,eng,ENG,4.11,15078,8677
8679,The Truth According to Us,Annie Barrows,eng,ENG,3.75,9815,8678
8680,"Reunion (Redemption, #5)","Karen Kingsbury, Gary Smalley",en-US,EN-US,4.49,11105,8679
8681,"More Tales of the City (Tales of the City, #2)",Armistead Maupin,en-GB,EN-GB,4.18,9799,8680
8682,Thérèse Raquin,"Émile Zola, Robin Buss",eng,ENG,3.71,10734,8681
8683,The Night Strangers,Chris Bohjalian,eng,ENG,3.16,12907,8682
8684,"The Billionaire's Obsession ~ Simon (The Billionaire's Obsession, #1)",J.S. Scott,eng,ENG,4.0,7492,8683
8685,Behind Her Eyes,Sarah Pinborough,eng,ENG,3.77,17944,8684
8686,The King in Yellow and Other Horror Stories,"Robert W. Chambers, E.F. Bleiler",eng,ENG,3.57,5719,8685
8687,H.M.S. Surprise,Patrick O'Brian,eng,ENG,4.42,10513,8686
8688,The Virtue of Selfishness: A New Concept of Egoism,"Ayn Rand, Nathaniel Branden",eng,ENG,3.47,10198,8687
8689,"Twenty Wishes (Blossom Street, #5)",Debbie Macomber,eng,ENG,4.16,12324,8688
8690,Through Black Spruce,Joseph Boyden,en-US,EN-US,4.11,10305,8689
8691,One Good Dog,Susan  Wilson,en-US,EN-US,4.07,10379,8690
8692,Sexing the Cherry,Jeanette Winterson,eng,ENG,3.83,10450,8691
8693,The Murderer's Daughters,Randy Susan Meyers,en-US,EN-US,3.68,10567,8692
8694,"Strangers in Death (In Death, #26)",J.D. Robb,eng,ENG,4.29,15651,8693
8695,"The Archived (The Archived, #1)",Victoria Schwab,eng,ENG,4.02,16580,8694
8696,Glengarry Glen Ross,David Mamet,eng,ENG,3.95,11636,8695
8697,The Island of the Day Before,Umberto Eco,unknown,UNKNOWN,3.43,9723,8696
8698,The Sound of Gravel,Ruth Wariner,eng,ENG,4.15,12045,8697
8699,The Complete Adventures of Peter Rabbit,Beatrix Potter,eng,ENG,4.46,13271,8698
8700,A Charlie Brown Christmas,Charles M. Schulz,unknown,UNKNOWN,4.48,11639,8699
8701,"Sin City: Una Dura Despedida, #1 de 3",Frank Miller,unknown,UNKNOWN,4.21,9115,8700
8702,"Hostage to Pleasure (Psy-Changeling, #5)",Nalini Singh,en-US,EN-US,4.22,19705,8701
8703,"Random Family: Love, Drugs, Trouble, and Coming of Age in the Bronx",Adrian Nicole LeBlanc,en-US,EN-US,4.23,9053,8702
8704,Resurrection,"Leo Tolstoy, Louise Maude, Aylmer Maude",eng,ENG,4.1,9482,8703
8705,"Hard Magic (Grimnoir Chronicles, #1)",Larry Correia,eng,ENG,4.13,10808,8704
8706,"Storm Prey (Lucas Davenport, #20)",John Sandford,unknown,UNKNOWN,4.15,11566,8705
8707,The Case for a Creator: A Journalist Investigates Scientific Evidence That Points Toward God,Lee Strobel,unknown,UNKNOWN,4.1,9216,8706
8708,"Fated (Alex Verus, #1)",Benedict Jacka,eng,ENG,3.89,12609,8707
8709,Instructions for a Heatwave,Maggie O'Farrell,en-GB,EN-GB,3.62,9071,8708
8710,"Victims (Alex Delaware, #27)",Jonathan Kellerman,eng,ENG,3.94,10482,8709
8711,"The Job (Fox and O'Hare, #3)","Janet Evanovich, Lee Goldberg",eng,ENG,3.95,11337,8710
8712,"Old School (Diary of a Wimpy Kid, #10)",Jeff Kinney,eng,ENG,4.28,11836,8711
8713,"Evelyn, After",Victoria Helen Stone,en-CA,EN-CA,3.64,9255,8712
8714,The Skin I'm In,Sharon G. Flake,eng,ENG,4.13,9634,8713
8715,The Eye of God (Sigma Force #9),James Rollins,eng,ENG,4.11,9389,8714
8716,An Artist of the Floating World,Kazuo Ishiguro,eng,ENG,3.72,10430,8715
8717,Night Train to Lisbon,"Pascal Mercier, Barbara Harshav",eng,ENG,3.7,7838,8716
8718,"Romancing the Duke (Castles Ever After, #1)",Tessa Dare,eng,ENG,3.91,15558,8717
8719,"The Man With a Load of Mischief (Richard Jury, #1)",Martha Grimes,eng,ENG,4.01,11947,8718
8720,"The Underworld (Fallen Star, #2)",Jessica Sorensen,eng,ENG,4.12,11604,8719
8721,"The Path Between the Seas: The Creation of the Panama Canal, 1870-1914",David McCullough,eng,ENG,4.19,9349,8720
8722,LaRose,Louise Erdrich,eng,ENG,3.86,9136,8721
8723,Before We Met,Lucie Whitehouse,eng,ENG,3.43,7826,8722
8724,Waiter Rant: Thanks for the Tip-Confessions of a Cynical Waiter,"The Waiter, Steve Dublanica",eng,ENG,3.49,10341,8723
8725,"Two Ravens and One Crow (The Iron Druid Chronicles, #4.5)",Kevin Hearne,eng,ENG,4.2,11562,8724
8726,The Black Arrow,Robert Louis Stevenson,eng,ENG,3.81,12298,8725
8727,"Dead or Alive (Jack Ryan Universe, #13)","Tom Clancy, Grant Blackwood",eng,ENG,3.79,10644,8726
8728,"Fallen Hearts (Casteel, #3)",V.C. Andrews,eng,ENG,3.89,12450,8727
8729,"Dragon Prince (Dragon Prince, #1)",Melanie Rawn,eng,ENG,3.94,12739,8728
8730,"The Burning Wire (Lincoln Rhyme, #9)",Jeffery Deaver,en-US,EN-US,4.04,11376,8729
8731,"River, Cross My Heart",Breena Clarke,eng,ENG,3.47,11642,8730
8732,Lies Women Believe: And the Truth that Sets Them Free,"Nancy Leigh DeMoss, Elisabeth Elliot",eng,ENG,4.1,9714,8731
8733,To Build a Fire,Jack London,eng,ENG,3.92,12133,8732
8734,"Invasion of the Boy Snatchers (The Clique, #4)",Lisi Harrison,unknown,UNKNOWN,3.79,13093,8733
8735,The 158-Pound Marriage,John Irving,en-US,EN-US,3.22,10532,8734
8736,Free: The Future of a Radical Price,Chris Anderson,en-US,EN-US,3.83,10607,8735
8737,Palestine,"Joe Sacco, Edward Said",eng,ENG,4.2,9823,8736
8738,Dear Theo,"Vincent van Gogh, Irving Stone, Jean   Stone",en-US,EN-US,4.09,9121,8737
8739,One Hundred Names,Cecelia Ahern,eng,ENG,3.75,10994,8738
8740,"Good Wives (Little Women, #1.5)",Louisa May Alcott,unknown,UNKNOWN,3.92,13964,8739
8741,The Ghost Bride,Yangsze Choo,eng,ENG,3.74,11645,8740
8742,Star Wars - Episode I: The Phantom Menace,"Terry Brooks, George Lucas",eng,ENG,3.55,11602,8741
8743,"Avatar: The Last Airbender (The Promise, #2)","Gene Luen Yang, Michael Dante DiMartino, Gurihiru, Bryan Konietzko",eng,ENG,4.43,12220,8742
8744,The Pact,Karina Halle,eng,ENG,3.91,13354,8743
8745,"Girls in Love (Girls, #1)",Jacqueline Wilson,eng,ENG,3.53,11953,8744
8746,Little Bear's Friend,"Else Holmelund Minarik, Maurice Sendak",unknown,UNKNOWN,4.3,12446,8745
8747,The Creative Habit: Learn It and Use It for Life,Twyla Tharp,eng,ENG,4.0,12838,8746
8748,رأيت رام الله,"Mourid Barghouti, مريد البرغوثي",ara,ARA,4.15,8602,8747
8749,"A Beautiful Dark (A Beautiful Dark, #1)",Jocelyn Davies,en-US,EN-US,3.9,16529,8748
8750,"Lady of Avalon (Avalon, #3)","Marion Zimmer Bradley, Diana L. Paxson",eng,ENG,3.88,12663,8749
8751,"Threat Vector (Jack Ryan Universe, #15)","Tom Clancy, Mark Greaney",en-US,EN-US,4.1,8320,8750
8752,Miles: The Autobiography,"Miles Davis, Quincy Troupe",en-US,EN-US,4.18,8827,8751
8753,"The Castle in the Attic (The Castle in the Attic, #1)",Elizabeth Winthrop,eng,ENG,3.96,14611,8752
8754,Does the Noise in My Head Bother You?,Steven Tyler,en-US,EN-US,3.47,9312,8753
8755,"The Sworn Sword (The Tales of Dunk and Egg, #2)",George R.R. Martin,eng,ENG,4.07,11291,8754
8756,"The Broken Window (Lincoln Rhyme, #8)",Jeffery Deaver,eng,ENG,4.07,11706,8755
8757,The Complete Works of H.P. Lovecraft,H.P. Lovecraft,eng,ENG,4.34,9473,8756
8758,"Beautiful Secret (Beautiful Bastard, #4)",Christina Lauren,eng,ENG,4.13,17215,8757
8759,"Dust (Kay Scarpetta, #21)",Patricia Cornwell,eng,ENG,3.53,9402,8758
8760,The Three Sisters,Anton Chekhov,eng,ENG,3.76,10688,8759
8761,"Evil Star (The Gatekeepers, #2)",Anthony Horowitz,unknown,UNKNOWN,3.98,12391,8760
8762,"You Were Mine (Rosemary Beach, #9)",Abbi Glines,eng,ENG,4.26,17714,8761
8763,Full Tilt (Full #2),"Janet Evanovich, Charlotte Hughes",en-US,EN-US,3.7,14923,8762
8764,Beat the Reaper (Peter Brown #1),Josh Bazell,en-US,EN-US,3.79,10987,8763
8765,Nantucket Nights,Elin Hilderbrand,unknown,UNKNOWN,3.64,9825,8764
8766,"The Machine Crusade (Legends of Dune, #2)","Brian Herbert, Kevin J. Anderson",eng,ENG,3.73,10126,8765
8767,"Ogre, Ogre (Xanth #5)",Piers Anthony,unknown,UNKNOWN,3.73,13795,8766
8768,The Annotated Sherlock Holmes: The Four Novels and the Fifty-Six Short Stories Complete (2 Volume Set),"Arthur Conan Doyle, William S. Baring-Gould",unknown,UNKNOWN,4.58,9551,8767
8769,"Devil's Game (Reapers MC, #3)",Joanna Wylde,eng,ENG,4.3,20085,8768
8770,"The Keeping (Law of the Lycans, #3)",Nicky Charles,eng,ENG,4.18,12852,8769
8771,There's a Nightmare in My Closet,Mercer Mayer,unknown,UNKNOWN,4.22,13413,8770
8772,"Flesh and Blood (Kay Scarpetta, #22)",Patricia Cornwell,eng,ENG,3.67,8447,8771
8773,Breaking Free: Discover the Victory of Total Surrender,Beth Moore,unknown,UNKNOWN,4.43,9922,8772
8774,Where's Spot?,Eric Hill,eng,ENG,4.05,13105,8773
8775,Cocky Bastard,"Penelope Ward, Vi Keeland",eng,ENG,4.18,14964,8774
8776,"Out to Canaan (Mitford Years, #4)",Jan Karon,eng,ENG,4.28,12491,8775
8777,"The Dangerous Days of Daniel X (Daniel X, #1)","James Patterson, Michael Ledwidge",en-US,EN-US,3.57,14222,8776
8778,"The Hidden Child (Patrik Hedström, #5)","Camilla Läckberg, Tiina Nunnally",unknown,UNKNOWN,3.94,7998,8777
8779,Waiting to Exhale (Waiting To Exhale #1),Terry McMillan,unknown,UNKNOWN,3.94,11315,8778
8780,Prom and Prejudice,Elizabeth Eulberg,eng,ENG,3.82,16286,8779
8781,Strip Tease,Carl Hiaasen,en-US,EN-US,3.82,11308,8780
8782,Strange Pilgrims,Gabriel García Márquez,unknown,UNKNOWN,4.02,5911,8781
8783,"Jedi Search (Star Wars: The Jedi Academy Trilogy, #1)",Kevin J. Anderson,eng,ENG,3.64,12686,8782
8784,"Showdown (Paradise, #1)",Ted Dekker,eng,ENG,3.93,11122,8783
8785,"Thankless in Death (In Death, #37)",J.D. Robb,eng,ENG,4.28,11740,8784
8786,Call for the Dead,John le Carré,unknown,UNKNOWN,3.77,9611,8785
8787,"Marlfox (Redwall, #11)",Brian Jacques,unknown,UNKNOWN,3.99,13426,8786
8788,Snow Country,"Yasunari Kawabata, Edward G. Seidensticker",eng,ENG,3.7,9942,8787
8789,Getting Stoned with Savages: A Trip Through the Islands of Fiji and Vanuatu,J. Maarten Troost,unknown,UNKNOWN,3.86,10292,8788
8790,"Chromosome 6 (Jack Stapleton & Laurie Montgomery, #3)",Robin Cook,en-US,EN-US,3.89,11572,8789
8791,Big Trouble,Dave Barry,eng,ENG,3.81,10954,8790
8792,The House of the Dead,"Fyodor Dostoyevsky, Ergin Altay",eng,ENG,4.03,8354,8791
8793,"A Total Waste of Makeup (Charlize Edwards, #1)",Kim Gruenenfelder,unknown,UNKNOWN,3.69,10464,8792
8794,"Once (Once, #1)",Morris Gleitzman,unknown,UNKNOWN,4.2,11045,8793
8795,"Because I'm Worth It (Gossip Girl, #4)",Cecily von Ziegesar,unknown,UNKNOWN,3.57,13443,8794
8796,"Deadline (Virgil Flowers, #8)",John Sandford,unknown,UNKNOWN,4.19,8057,8795
8797,"Stunning (Pretty Little Liars, #11)",Sara Shepard,en-US,EN-US,3.95,13636,8796
8798,The Howling,Gary Brandner,eng,ENG,3.92,10414,8797
8799,Sign of the Unicorn (The Chronicles of Amber #3),Roger Zelazny,en-US,EN-US,4.14,12510,8798
8800,Scat,Carl Hiaasen,en-US,EN-US,3.94,13291,8799
8801,Life After God,Douglas Coupland,eng,ENG,3.82,8659,8800
8802,The City of Falling Angels,John Berendt,eng,ENG,3.52,11333,8801
8803,Afterwards,Rosamund Lupton,unknown,UNKNOWN,3.79,11041,8802
8804,Autumn in Paris,Ilana Tan,ind,IND,4.07,9355,8803
8805,Hot Water Music,Charles Bukowski,en-US,EN-US,3.93,8815,8804
8806,"Warlock (Ancient Egypt, #3)",Wilbur Smith,eng,ENG,4.02,9718,8805
8807,What I Know for Sure,Oprah Winfrey,eng,ENG,4.12,9006,8806
8808,"Wisdom (My Blood Approves, #4)",Amanda Hocking,eng,ENG,4.04,12933,8807
8809,The Testament of Mary,Colm Tóibín,unknown,UNKNOWN,3.61,9050,8808
8810,"Defy (Defy, #1)",Sara B. Larson,eng,ENG,3.74,15160,8809
8811,"Standing in the Rainbow (Elmwood Springs, #2)",Fannie Flagg,eng,ENG,4.02,11856,8810
8812,Maitreyi,Mircea Eliade,rum,RUM,3.92,11079,8811
8813,The Misremembered Man (Tailorstown #1),Christina McKenna,eng,ENG,3.72,5804,8812
8814,Carter Beats the Devil,Glen David Gold,eng,ENG,4.09,10000,8813
8815,Story of the Eye,"Georges Bataille, Joachim Neugroschel, Dovid Bergelson",eng,ENG,3.71,9227,8814
8816,"Knit Two (Friday Night Knitting Club, #2)",Kate Jacobs,en-US,EN-US,3.47,11843,8815
8817,In the Night Kitchen,Maurice Sendak,eng,ENG,4.06,13263,8816
8818,"Will You Please Be Quiet, Please?",Raymond Carver,eng,ENG,4.29,8568,8817
8819,The Selected Poetry of Rainer Maria Rilke,"Rainer Maria Rilke, Stephen Mitchell, Robert Hass",mul,MUL,4.4,11223,8818
8820,"Eternal Rider (Lords of Deliverance, #1, Demonica, #6)",Larissa Ione,eng,ENG,4.21,18214,8819
8821,The Story of a Shipwrecked Sailor,"Gabriel García Márquez, Randolph Hogan",eng,ENG,3.73,5354,8820
8822,"Concealed in Death (In Death, #38)",J.D. Robb,eng,ENG,4.25,10444,8821
8823,"Women's Bodies, Women's Wisdom: Creating Physical and Emotional Health and Healing",Christiane Northrup,unknown,UNKNOWN,4.32,9867,8822
8824,"Mind Prey (Lucas Davenport, #7)",John Sandford,en-US,EN-US,4.19,12833,8823
8825,The Color of Secrets,Lindsay Ashford,unknown,UNKNOWN,3.85,9477,8824
8826,"Planetary, Volume 1: All Over the World and Other Stories","Warren Ellis, John Cassaday",eng,ENG,4.21,11808,8825
8827,"Stolen Songbird (The Malediction Trilogy, #1)",Danielle L. Jensen,eng,ENG,3.97,15026,8826
8828,Most Talkative: Stories from the Front Lines of Pop Culture,Andy Cohen,unknown,UNKNOWN,3.79,9789,8827
8829,"The Green Mile, Part 2: The Mouse on the Mile",Stephen King,eng,ENG,4.47,11985,8828
8830,A Cry In The Night,Mary Higgins Clark,eng,ENG,3.84,12157,8829
8831,Assata: An Autobiography,"Assata Shakur, Angela Y. Davis, Lennox S. Hinds",eng,ENG,4.48,10518,8830
8832,"Days of Magic, Nights of War (Abarat, #2)",Clive Barker,en-US,EN-US,4.2,10755,8831
8833,The Three Billy Goats Gruff,"Paul Galdone, Peter Christen Asbjørnsen",eng,ENG,4.14,12918,8832
8834,True Love Story,Willow Aster,eng,ENG,4.08,18327,8833
8835,The Moonlit Garden,"Corina Bomann, Alison Layland",eng,ENG,3.74,10944,8834
8836,True Compass: A Memoir,Edward M. Kennedy,en-US,EN-US,3.99,10111,8835
8837,"Diamonds Are Forever (James Bond, #4)",Ian Fleming,eng,ENG,3.59,10205,8836
8838,Lost Horizon,James Hilton,unknown,UNKNOWN,3.9,10907,8837
8839,"Hidden Bodies (You, #2)",Caroline Kepnes,eng,ENG,3.87,11777,8838
8840,Passing,"Nella Larsen, Ntozake Shange, Thadious M. Davis",eng,ENG,3.8,10544,8839
8841,"InterWorld (InterWorld, #1)","Neil Gaiman, Michael Reaves",en-US,EN-US,3.51,12419,8840
8842,The Realm of Possibility,David Levithan,en-US,EN-US,3.94,13390,8841
8843,The Invisible Wall: A Love Story That Broke Barriers,Harry Bernstein,en-US,EN-US,4.07,9715,8842
8844,The Replacement,Brenna Yovanoff,en-US,EN-US,3.56,15945,8843
8845,Last Words,"George Carlin, Tony Hendra",en-US,EN-US,4.04,9246,8844
8846,"The Information: A History, a Theory, a Flood",James Gleick,eng,ENG,3.98,9874,8845
8847,Rocket Boys (Coalwood #1),Homer Hickam,unknown,UNKNOWN,4.18,8768,8846
8848,Kaleidoscope,Danielle Steel,fre,FRE,3.88,11207,8847
8849,A Perfect Spy,John le Carré,unknown,UNKNOWN,3.99,10901,8848
8850,"The High Window (Philip Marlowe, #3)",Raymond Chandler,eng,ENG,4.08,11080,8849
8851,"Affliction (Anita Blake, Vampire Hunter #22)",Laurell K. Hamilton,en-US,EN-US,4.01,13828,8850
8852,"Wildest Dreams (Fantasyland, #1)",Kristen Ashley,eng,ENG,4.19,19790,8851
8853,"Sudden Prey (Lucas Davenport, #8)",John Sandford,eng,ENG,4.15,12408,8852
8854,Mark of the Lion Trilogy,Francine Rivers,en-US,EN-US,4.76,9081,8853
8855,"Screw It, Let's Do It: Lessons In Life",Richard Branson,unknown,UNKNOWN,3.93,7866,8854
8856,"Mrs. Piggle-Wiggle's Magic (Mrs. Piggle Wiggle, #2)","Betty MacDonald, Alexandra Boiger",eng,ENG,4.17,11756,8855
8857,Revolting Rhymes,"Roald Dahl, Quentin Blake",unknown,UNKNOWN,4.13,12674,8856
8858,"The Mermaids Singing (Tony Hill & Carol Jordan, #1)",Val McDermid,eng,ENG,3.98,11562,8857
8859,The Weight of Glory,C.S. Lewis,eng,ENG,4.41,9835,8858
8860,Sanctuary,Nora Roberts,eng,ENG,3.87,14219,8859
8861,"Sunset Express (Elvis Cole, #6)",Robert Crais,eng,ENG,4.17,10496,8860
8862,"The Bourbon Kings (The Bourbon Kings, #1)",J.R. Ward,eng,ENG,3.87,11476,8861
8863,The Guns of Navarone,Alistair MacLean,unknown,UNKNOWN,4.12,11501,8862
8864,"On Her Majesty's Secret Service (James Bond, #11)",Ian Fleming,eng,ENG,3.94,11612,8863
8865,Women Who Love Too Much: When You Keep Wishing and Hoping He'll Change,Robin Norwood,en-US,EN-US,3.98,7903,8864
8866,Hero,Perry Moore,eng,ENG,3.88,13464,8865
8867,There are No Children Here: The Story of Two Boys Growing Up in the Other America,Alex Kotlowitz,eng,ENG,4.25,10312,8866
8868,"At Bertram's Hotel (Miss Marple, #11)",Agatha Christie,eng,ENG,3.7,14221,8867
8869,"Happily Ever After (The Selection, #0.4, 0.5, 2.5, 2.6)",Kiera Cass,eng,ENG,4.22,15230,8868
8870,The Great Brain (Great Brain #1),"John D. Fitzgerald, Mercer Mayer",eng,ENG,4.16,13422,8869
8871,"The Fire Eternal (The Last Dragon Chronicles, #4)",Chris d'Lacey,en-GB,EN-GB,3.99,11259,8870
8872,"Mercy (Buchanan-Renard, #2)",Julie Garwood,eng,ENG,4.11,14108,8871
8873,The Commitments,Roddy Doyle,eng,ENG,3.95,11215,8872
8874,Tell-All,Chuck Palahniuk,unknown,UNKNOWN,2.84,9733,8873
8875,What My Mother Doesn't Know (What My Mother Doesn't Know #1),Sonya Sones,eng,ENG,3.83,12388,8874
8876,"Angelology (Angelology, #1)",Danielle Trussoni,eng,ENG,3.41,12377,8875
8877,The Lady & Sons Savannah Country Cookbook,"Paula H. Deen, John Berendt",unknown,UNKNOWN,4.0,10026,8876
8878,No One Writes to the Colonel and Other Stories,"Gabriel García Márquez, J.S. Bernstein",unknown,UNKNOWN,3.86,10480,8877
8879,Wiseguy,Nicholas Pileggi,en-US,EN-US,4.14,8715,8878
8880,"Transmetropolitan, Vol. 5: Lonely City (Transmetropolitan, #5)","Warren Ellis, Darick Robertson, Rodney Ramos, Patrick Stewart",eng,ENG,4.4,10390,8879
8881,"Benediction (Plainsong, #3)",Kent Haruf,eng,ENG,3.97,10214,8880
8882,سمفونی مردگان,عباس معروفی,per,PER,4.08,6980,8881
8883,After the Night,Linda Howard,en-GB,EN-GB,4.1,17345,8882
8884,"Evil at Heart (Archie Sheridan & Gretchen Lowell, #3)",Chelsea Cain,eng,ENG,4.03,10884,8883
8885,The Bookseller,Cynthia Swanson,eng,ENG,3.66,9818,8884
8886,The Climb: Tragic Ambitions on Everest,"Anatoli Boukreev, G. Weston DeWalt",unknown,UNKNOWN,3.89,9584,8885
8887,"The Thousand Names (The Shadow Campaigns, #1)",Django Wexler,en-CA,EN-CA,4.04,9926,8886
8888,An Old-Fashioned Girl,Louisa May Alcott,unknown,UNKNOWN,4.05,12818,8887
8889,"Beautiful Burn (The Maddox Brothers, #4)",Jamie McGuire,eng,ENG,4.11,11884,8888
8890,"Fruits Basket, Vol. 2","Natsuki Takaya, Alethea Nibley, Athena Nibley",en-US,EN-US,4.34,15859,8889
8891,Misquoting Jesus: The Story Behind Who Changed the Bible and Why,Bart D. Ehrman,en-US,EN-US,3.91,10075,8890
8892,Wait for It,Mariana Zapata,eng,ENG,4.22,18371,8891
8893,"The Other Wind (Earthsea Cycle, #6)",Ursula K. Le Guin,en-GB,EN-GB,4.06,11325,8892
8894,"The Paris Vendetta (Cotton Malone, #5)","Steve Berry, Scott Brick",en-US,EN-US,3.9,11263,8893
8895,Moriarty (Sherlock Holmes #2),Anthony Horowitz,eng,ENG,3.74,8376,8894
8896,Richard II,"William Shakespeare, Roma Gill, Robert          Jackson",unknown,UNKNOWN,3.76,10265,8895
8897,Prisoner of My Desire,Johanna Lindsey,unknown,UNKNOWN,4.06,13391,8896
8898,Blood Memory,Greg Iles,eng,ENG,4.09,10938,8897
8899,Selected Poems,"George Gordon Byron, Peter J. Manning, Susan J. Wolfson",eng,ENG,4.05,10630,8898
8900,After I'm Gone,Laura Lippman,eng,ENG,3.61,10905,8899
8901,Shadows of the Workhouse,Jennifer Worth,eng,ENG,4.12,8094,8900
8902,Hunting and Gathering,"Anna Gavalda, Alison Anderson",en-US,EN-US,4.1,7318,8901
8903,One Up On Wall Street: How To Use What You Already Know To Make Money In The Market,"Peter Lynch, John Rothchild",en-US,EN-US,4.12,10563,8902
8904,Against a Dark Background,Iain M. Banks,en-GB,EN-GB,4.09,10679,8903
8905,I Still Dream About You,Fannie Flagg,en-US,EN-US,3.55,11230,8904
8906,A Modest Proposal and Other Satirical Works,Jonathan Swift,eng,ENG,4.04,12499,8905
8907,The Book on the Taboo Against Knowing Who You Are,Alan W. Watts,unknown,UNKNOWN,4.28,9811,8906
8908,Mother Courage and Her Children,"Bertolt Brecht, David Hare",eng,ENG,3.66,9705,8907
8909,"Up from the Grave (Night Huntress, #7)",Jeaniene Frost,eng,ENG,4.28,19059,8908
8910,"Sun and Moon, Ice and Snow",Jessica Day George,en-US,EN-US,3.97,17095,8909
8911,"The Blood Mirror (Lightbringer, #4)",Brent Weeks,eng,ENG,4.29,4528,8910
8912,Galveston,Nic Pizzolatto,eng,ENG,3.72,7601,8911
8913,Extra Yarn (E. B. White Read-Aloud Award. Picture Books),"Mac Barnett, Jon Klassen",eng,ENG,4.07,12679,8912
8914,We the Animals,Justin Torres,eng,ENG,3.61,10616,8913
8915,Breaking the Spell: Religion as a Natural Phenomenon,Daniel C. Dennett,en-US,EN-US,3.89,8381,8914
8916,The Faerie Queene ,"Edmund Spenser, Thomas P. Roche, C. Patrick O'Donnell",eng,ENG,3.55,13239,8915
8917,"Her Daughter's Dream (Marta's Legacy, #2)",Francine Rivers,en-US,EN-US,4.34,10703,8916
8918,"Rock Chick Revolution (Rock Chick, #8)",Kristen Ashley,eng,ENG,4.46,19965,8917
8919,Tampa,Alissa Nutting,unknown,UNKNOWN,3.34,9662,8918
8920,The Fuck-Up,Arthur Nersesian,en-US,EN-US,3.56,8980,8919
8921,"Meg (MEG, #1)",Steve Alten,eng,ENG,3.76,9946,8920
8922,"Seeing Redd (The Looking Glass Wars, #2)",Frank Beddor,en-US,EN-US,3.85,14540,8921
8923,Appointment in Samarra,John O'Hara,eng,ENG,3.83,10663,8922
8924,Each Peach Pear Plum,"Janet Ahlberg, Allan Ahlberg",eng,ENG,4.24,12747,8923
8925,"The Phoenix Project: A Novel About IT, DevOps, and Helping Your Business Win","Gene Kim, Kevin Behr, George Spafford",en-GB,EN-GB,4.24,7311,8924
8926,Humans of New York,Brandon Stanton,eng,ENG,4.5,12614,8925
8927,The Chronicles of Harris Burdick: 14 Amazing Authors Tell the Tales,"Chris Van Allsburg, Lois Lowry, Kate DiCamillo, M.T. Anderson, Louis Sachar, Stephen King, Tabitha King, Jon Scieszka, Sherman Alexie, Gregory Maguire, Cory Doctorow, Jules Feiffer, Linda Sue Park, Walter Dean Myers, Lemony Snicket",en-US,EN-US,3.91,13207,8926
8928,The Freedom Writers Diary,"Erin Gruwell, Zlata Filipović, The Freedom Writers",eng,ENG,4.09,10567,8927
8929,The Post-American World,Fareed Zakaria,eng,ENG,3.86,8753,8928
8930,Them: Adventures with Extremists,Jon Ronson,en-US,EN-US,3.94,9081,8929
8931,The Ladies of Grace Adieu and Other Stories,"Susanna Clarke, Charles Vess",en-US,EN-US,3.85,12150,8930
8932,The Unofficial Harry Potter Cookbook: From Cauldron Cakes to Knickerbocker Glory--More Than 150 Magical Recipes for Wizards and Non-Wizards Alike (Unofficial Cookbook),Dinah Bucholz,unknown,UNKNOWN,4.1,10643,8931
8933,"Red Notice: A True Story of High Finance, Murder, and One Man’s Fight for Justice",Bill Browder,en-GB,EN-GB,4.39,8729,8932
8934,The Automatic Millionaire: A Powerful One-Step Plan to Live and Finish Rich,David Bach,unknown,UNKNOWN,3.9,10091,8933
8935,Forgotten,Cat Patrick,eng,ENG,3.79,14045,8934
8936,Ghettoside: A True Story of Murder in America,Jill Leovy,unknown,UNKNOWN,4.12,8969,8935
8937,Lady Cottington's Pressed Fairy Book,"Terry Jones, Brian Froud",eng,ENG,3.99,11518,8936
8938,That Night,Chevy Stevens,eng,ENG,3.92,11318,8937
8939,Salmon Fishing in the Yemen,Paul Torday,eng,ENG,3.51,9299,8938
8940,The Rest Is Noise: Listening to the Twentieth Century,Alex  Ross,eng,ENG,4.08,9316,8939
8941,"Cross My Heart (Cross My Heart, #1)",Katie Klein,eng,ENG,3.92,17479,8940
8942,Something like Normal,Trish Doller,eng,ENG,3.81,15206,8941
8943,"No Place to Hide: Edward Snowden, the NSA, and the U.S. Surveillance State",Glenn Greenwald,eng,ENG,4.08,8366,8942
8944,Pastwatch: The Redemption of Christopher Columbus,Orson Scott Card,en-US,EN-US,3.96,11922,8943
8945,"The Next Accident (Quincy & Rainie, #3)",Lisa Gardner,en-US,EN-US,4.16,11261,8944
8946,The Divan,Hafez,eng,ENG,4.63,2773,8945
8947,Once a Runner,John L. Parker Jr.,unknown,UNKNOWN,4.05,8106,8946
8948,"Zita the Spacegirl (Zita the Spacegirl, #1)",Ben Hatke,eng,ENG,4.04,10832,8947
8949,"Paradiso (The Divine Comedy, #3)","Dante Alighieri, Dorothy L. Sayers, Barbara Reynolds",eng,ENG,3.94,9701,8948
8950,Restless,William  Boyd,eng,ENG,3.84,9308,8949
8951,"The Ear, the Eye, and the Arm",Nancy Farmer,unknown,UNKNOWN,3.85,12389,8950
8952,"Take This Regret (Take This Regret, #1)","Amy Lichtenhan, A.L. Jackson",eng,ENG,4.06,19241,8951
8953,"Stay Out of the Basement  (Goosebumps, #2)",R.L. Stine,unknown,UNKNOWN,3.64,11685,8952
8954,The Girl You Lost,Kathryn Croft,eng,ENG,3.89,11760,8953
8955,Willing Captive,Belle Aurora,eng,ENG,4.11,18854,8954
8956,"One Day at Horrorland (Goosebumps, #16)",R.L. Stine,unknown,UNKNOWN,3.87,11534,8955
8957,The Sweet Life in Paris: Delicious Adventures in the World's Most Glorious - and Perplexing - City,David Lebovitz,eng,ENG,3.85,9754,8956
8958,"Talon (Talon, #1)",Julie Kagawa,eng,ENG,3.77,15818,8957
8959,"Radiance (Wraith Kings, #1)",Grace Draven,eng,ENG,4.12,13105,8958
8960,The Red House,Mark Haddon,eng,ENG,2.93,10621,8959
8961,Footfall,"Larry Niven, Jerry Pournelle",unknown,UNKNOWN,3.89,11054,8960
8962,"Twelfth Grade Kills (The Chronicles of Vladimir Tod, #5)",Heather Brewer,eng,ENG,4.36,13282,8961
8963,Ice Station Zebra,Alistair MacLean,eng,ENG,3.95,12689,8962
8964,A. Lincoln,Ronald C. White Jr.,en-US,EN-US,4.22,8890,8963
8965,Four Great Tragedies: Hamlet / Othello / King Lear / Macbeth,"William Shakespeare, Sylvan Barnet, Alvin Kernan, Russell Fraser",en-US,EN-US,4.41,12700,8964
8966,Ain't She Sweet,Susan Elizabeth Phillips,en-GB,EN-GB,4.05,15890,8965
8967,"Promised (One Night, #1)",Jodi Ellen Malpas,eng,ENG,4.14,16727,8966
8968,Bruiser,Neal Shusterman,en-US,EN-US,4.04,12499,8967
8969,Stone Soup,Jon J. Muth,unknown,UNKNOWN,4.15,12956,8968
8970,"Falling Free (Vorkosigan Saga, #4)",Lois McMaster Bujold,eng,ENG,3.82,12258,8969
8971,"If I Stay Collection (If I Stay, #1-2)",Gayle Forman,eng,ENG,4.24,7823,8970
8972,"The Cold Moon (Lincoln Rhyme, #7)",Jeffery Deaver,en-US,EN-US,4.05,11231,8971
8973,The Moor's Last Sigh,Salman Rushdie,eng,ENG,3.92,9459,8972
8974,"The Dressmaker of Khair Khana: Five Sisters, One Remarkable Family, and the Woman Who Risked Everything to Keep Them Safe",Gayle Tzemach Lemmon,eng,ENG,3.69,10365,8973
8975,Girl With Curious Hair,David Foster Wallace,unknown,UNKNOWN,3.89,5434,8974
8976,Rita Hayworth and Shawshank Redemption: A Story from Different Seasons,Stephen King,eng,ENG,4.52,11499,8975
8977,Drop Dead Healthy: One Man's Humble Quest for Bodily Perfection,A.J. Jacobs,eng,ENG,3.75,10831,8976
8978,The Revenge of the Baby-Sat,Bill Watterson,unknown,UNKNOWN,4.71,11503,8977
8979,The Case-Book of Sherlock Holmes,Arthur Conan Doyle,eng,ENG,4.2,11535,8978
8980,"Ghostgirl (Ghostgirl, #1)",Tonya Hurley,eng,ENG,3.28,13779,8979
8981,"I've Got You Under My Skin (Under Suspicion, #1)","Mary Higgins Clark, Alafair Burke",eng,ENG,3.75,8882,8980
8982,"Fables, Vol. 10: The Good Prince","Bill Willingham, Mark Buckingham, Steve Leialoha, Aaron Alexovich, Andrew Pepoy",eng,ENG,4.37,13566,8981
8983,The Secret Between Us,Barbara Delinsky,unknown,UNKNOWN,3.71,12168,8982
8984,Red Phoenix (Red Phoenix #1),"Larry Bond, Patrick Larkin",eng,ENG,3.98,10098,8983
8985,Never Look Away,Linwood Barclay,eng,ENG,3.99,10893,8984
8986,Your Heart Belongs to Me,Dean Koontz,eng,ENG,3.34,12456,8985
8987,Shadow Fires,"Leigh Nichols, Dean Koontz",eng,ENG,3.77,9490,8986
8988,"Victory of Eagles (Temeraire, #5)",Naomi Novik,en-GB,EN-GB,4.01,11444,8987
8989,"Knife Edge (Noughts & Crosses, #2)",Malorie Blackman,unknown,UNKNOWN,4.06,11696,8988
8990,"The Blood Gospel (The Order of the Sanguines, #1)","James Rollins, Rebecca Cantrell",en-CA,EN-CA,3.97,10424,8989
8991,"Fallen Crest Public (Fallen Crest High, #3)",Tijan,eng,ENG,4.47,15319,8990
8992,I Am Not Myself These Days,Josh Kilmer-Purcell,eng,ENG,3.96,9963,8991
8993,Sometimes It Happens,Lauren Barnholdt,en-US,EN-US,3.85,11911,8992
8994,"Bones Are Forever (Temperance Brennan, #15)",Kathy Reichs,eng,ENG,3.86,12132,8993
8995,Deerskin,Robin McKinley,en-US,EN-US,3.88,15982,8994
8996,Dispatches,Michael Herr,en-GB,EN-GB,4.24,10383,8995
8997,"The Troubled Man (Kurt Wallander, #10)","Henning Mankell, Laurie Thompson",eng,ENG,3.98,9252,8996
8998,Sleepers,Lorenzo Carcaterra,eng,ENG,4.18,9560,8997
8999,"The Work of Art in the Age of Its Technological Reproducibility, and Other Writings on Media","Walter Benjamin, Michael W. Jennings, Brigid Doherty, Edmund F.N. Jephcott, Rodney Livingstone, Howard Eiland, Thomas Y. Levin",eng,ENG,4.05,9875,8998
9000,Pretend You Don't See Her,Mary Higgins Clark,eng,ENG,3.86,12508,8999
9001,Going Rogue: An American Life,"Sarah Palin, Lynn Vincent, Dewey Whetsell",eng,ENG,3.28,10392,9000
9002,The Cake Mix Doctor,"Anne Byrn, Anthony Loew",unknown,UNKNOWN,3.95,9660,9001
9003,"The Monstrumologist (The Monstrumologist, #1)",Rick Yancey,eng,ENG,3.89,12547,9002
9004,"The Path to Power (The Years of Lyndon Johnson, #1)",Robert A. Caro,eng,ENG,4.42,10779,9003
9005,"Depraved Heart (Kay Scarpetta, #23)",Patricia Cornwell,unknown,UNKNOWN,3.58,6609,9004
9006,The Education of Little Tree,Forrest Carter,unknown,UNKNOWN,4.09,10632,9005
9007,"Intertwined (Intertwined, #1)",Gena Showalter,eng,ENG,3.87,16399,9006
9008,In Watermelon Sugar,Richard Brautigan,eng,ENG,4.02,8532,9007
9009,My Life with the Walter Boys (My Life with the Walter Boys #1),"Ali Novak, Fallzswimmer",eng,ENG,3.93,13515,9008
9010,"Burning For Revenge (Tomorrow, #5)",John Marsden,eng,ENG,4.18,11616,9009
9011,Love You to Death: The Unofficial Companion to the Vampire Diaries,Crissy Calhoun,en-US,EN-US,4.38,8458,9010
9012,The Husband's Secret Free Preview,Liane Moriarty,eng,ENG,3.99,8424,9011
9013,"Hourglass (Hourglass, #1)",Myra McEntire,eng,ENG,3.8,17572,9012
9014,Positioning: The Battle for Your Mind: How to Be Seen and Heard in the Overcrowded Marketplace,"Al Ries, Jack Trout",unknown,UNKNOWN,4.06,9344,9013
9015,Play of Passion (Psy-Changeling #9),Nalini Singh,eng,ENG,4.28,17970,9014
9016,"Fury (New Species, #1)",Laurann Dohner,eng,ENG,4.18,18050,9015
9017,Epileptic,David B.,eng,ENG,3.9,10414,9016
9018,August: Osage County,Tracy Letts,eng,ENG,4.2,11023,9017
9019,"Mountain of Black Glass (Otherland, #3)",Tad Williams,en-US,EN-US,4.04,11576,9018
9020,"Mr. Churchill's Secretary (Maggie Hope Mystery, #1)",Susan Elia MacNeal,eng,ENG,3.66,12631,9019
9021,Lost,"Gregory Maguire, Douglas Smith",eng,ENG,2.8,12534,9020
9022,The Prestige,Christopher Priest,eng,ENG,3.87,11701,9021
9023,Rhett Butler's People,Donald McCaig,unknown,UNKNOWN,3.7,12299,9022
9024,Angels in America,Tony Kushner,eng,ENG,4.29,10271,9023
9025,Anil's Ghost,Michael Ondaatje,eng,ENG,3.54,11184,9024
9026,Winter Moon,Dean Koontz,eng,ENG,3.8,12843,9025
9027,"The Will (Magdalene, #1)",Kristen Ashley,eng,ENG,4.3,11969,9026
9028,"A Grimm Warning (The Land of Stories, #3)","Chris Colfer, Brandon Dorman",eng,ENG,4.54,13695,9027
9029,"Spell or High Water (Magic 2.0, #2)",Scott  Meyer,eng,ENG,4.01,8318,9028
9030,"The Billionaire Wins the Game (Billionaire Bachelors, #1)",Melody Anne,eng,ENG,3.93,11562,9029
9031,"Never Love a Highlander (McCabe Trilogy, #3)",Maya Banks,eng,ENG,4.25,17359,9030
9032,The Pragmatic Programmer: From Journeyman to Master,"Andrew Hunt, Dave Thomas",en-US,EN-US,4.31,9416,9031
9033,Supernova: Petir,Dee Lestari,ind,IND,3.85,7068,9032
9034,"Babylon's Ashes (The Expanse, #6)",James S.A. Corey,eng,ENG,4.18,8397,9033
9035,"Wrong Bed, Right Guy (Come Undone, #1)",Katee Robert,eng,ENG,3.77,17710,9034
9036,Drop City,"T.C. Boyle, Richard Poe",eng,ENG,3.83,9313,9035
9037,Y: The Last Man - The Deluxe Edition Book One,"Brian K. Vaughan, Pia Guerra, José Marzán Jr., Pamela Rambo, Clem Robins, J.G. Jones",eng,ENG,4.36,10368,9036
9038,Candy Girl: A Year in the Life of an Unlikely Stripper,Diablo Cody,en-US,EN-US,3.54,10669,9037
9039,حول العالم في 200 يوم,أنيس منصور,ara,ARA,4.08,8630,9038
9040,"Alert (Michael Bennett, #8)","James Patterson, Michael Ledwidge",eng,ENG,3.93,6976,9039
9041,"Unattainable (Undeniable, #3)",Madeline Sheehan,eng,ENG,4.31,18690,9040
9042,The Painter,Peter Heller,eng,ENG,3.76,8666,9041
9043,Close Encounters Of The Third Kind,Steven Spielberg,eng,ENG,4.09,10351,9042
9044,"Vampire Chronicles: Interview with the Vampire, The Vampire Lestat, The Queen of the Damned (Anne Rice)","Anne Rice, Robert O'Keefe, F. Murray Abraham, Michael York, Kate Nelligan, David Purdham",eng,ENG,4.25,9592,9043
9045,The Berenstain Bears Forget Their Manners,"Stan Berenstain, Jan Berenstain",en-US,EN-US,4.15,12232,9044
9046,"Hot Ticket (Sinners on Tour, #3)",Olivia Cunning,eng,ENG,4.28,20891,9045
9047,"The Search (Eve Duncan, #3)",Iris Johansen,en-US,EN-US,4.14,12020,9046
9048,Harry Potter Schoolbooks Box Set: Two Classic Books from the Library of Hogwarts School of Witchcraft and Wizardry,J.K. Rowling,eng,ENG,4.4,10736,9047
9049,Zami: A New Spelling of My Name,Audre Lorde,eng,ENG,4.2,9549,9048
9050,"The Infernal Devices: Clockwork Angel (The Infernal Devices: Manga, #1)","Cassandra Clare, Hye-Kyung Baek",eng,ENG,4.21,11754,9049
9051,Hafalan Shalat Delisa,Tere Liye,ind,IND,4.2,7737,9050
9052,"Sixth Grave on the Edge (Charley Davidson, #6)",Darynda Jones,en-US,EN-US,4.38,17022,9051
9053,"The Royal Ranger (Ranger's Apprentice, #12)",John Flanagan,unknown,UNKNOWN,4.4,11359,9052
9054,The Submission,Amy Waldman,eng,ENG,3.66,10096,9053
9055,The Lord of the Rings Sketchbook,"Alan Lee, Ian McKellen",eng,ENG,4.26,9067,9054
9056,"Glimmerglass (Faeriewalker, #1)",Jenna Black,en-US,EN-US,3.76,18605,9055
9057,Don't Blink,"James Patterson, Howard Roughan",eng,ENG,3.79,9689,9056
9058,Shadows over Innsmouth,"Stephen Jones, H.P. Lovecraft, Kim Newman, Brian Mooney, Nicholas Royle, David Langford, Michael Marshall Smith, Brian Lumley, Neil Gaiman, Basil Copper, Jack Yeovil, Guy N. Smith, Adrian Cole, D.F. Lewis, Ramsey Campbell, David Sutton, Peter Tremayne",eng,ENG,4.43,10663,9057
9059,"The Tin Roof Blowdown (Dave Robicheaux, #16)",James Lee Burke,eng,ENG,4.17,10432,9058
9060,The Death of Bunny Munro,Nick Cave,eng,ENG,3.43,9096,9059
9061,"Flat Stanley (Flat Stanley, #1)","Jeff Brown, Scott Nash, Macky Pamintuan",eng,ENG,3.82,11078,9060
9062,"Winter's Passage (Iron Fey, #1.5)",Julie Kagawa,eng,ENG,3.96,20313,9061
9063,Freight Train,Donald Crews,unknown,UNKNOWN,4.04,13380,9062
9064,Rosemary: The Hidden Kennedy Daughter,Kate Clifford Larson,en-CA,EN-CA,3.78,9819,9063
9065,Faith,Jennifer Haigh,en-US,EN-US,3.83,10610,9064
9066,Bite Me If You Can (Argeneau #6),Lynsay Sands,en-US,EN-US,4.27,16680,9065
9067,"The Golden Dynasty (Fantasyland, #2)",Kristen Ashley,eng,ENG,4.46,19783,9066
9068,Moonlight Becomes You,Mary Higgins Clark,eng,ENG,3.8,12657,9067
9069,A Corner of the Universe,Ann M. Martin,eng,ENG,4.06,11914,9068
9070,The Ice Queen,Alice Hoffman,en-US,EN-US,3.51,12922,9069
9071,"The Folk of the Faraway Tree (The Faraway Tree, #3)",Enid Blyton,eng,ENG,4.32,11693,9070
9072,City on Fire,Garth Risk Hallberg,eng,ENG,3.42,8553,9071
9073,The Flame and the Flower,Kathleen E. Woodiwiss,unknown,UNKNOWN,4.09,12447,9072
9074,"Exile's Return (Conclave of Shadows, #3)",Raymond E. Feist,unknown,UNKNOWN,4.0,10840,9073
9075,"Princess of Glass (The Princesses of Westfalin Trilogy, #2)",Jessica Day George,eng,ENG,4.03,17052,9074
9076,Preach My Gospel: A Guide To Missionary Service,The Church of Jesus Christ of Latter-day Saints,unknown,UNKNOWN,4.71,9891,9075
9077,"The Last Dragonslayer (The Chronicles of Kazam, #1)",Jasper Fforde,eng,ENG,3.86,12033,9076
9078,Orientalism,Edward Said,eng,ENG,4.07,10458,9077
9079,"Like a Fire Burning (The Work and the Glory, #2)",Gerald N. Lund,unknown,UNKNOWN,4.27,9944,9078
9080,Friends and Lovers,Eric Jerome Dickey,eng,ENG,4.21,8944,9079
9081,"Molly Moon's Incredible Book of Hypnotism (Molly Moon, #1)",Georgia Byng,eng,ENG,3.87,16311,9080
9082,Contest,Matthew Reilly,unknown,UNKNOWN,3.95,10113,9081
9083,Songbook,Nick Hornby,en-US,EN-US,3.56,8999,9082
9084,The Greatest Generation,Tom Brokaw,unknown,UNKNOWN,3.99,12346,9083
9085,The Minority Report,Philip K. Dick,unknown,UNKNOWN,3.82,12245,9084
9086,"Luck in the Shadows (Nightrunner, #1)",Lynn Flewelling,eng,ENG,4.08,13781,9085
9087,"The Lemonade War (The Lemonade War, #1)",Jacqueline Davies,en-US,EN-US,3.88,10293,9086
9088,"The Knight at Dawn (Magic Tree House, #2)","Mary Pope Osborne, Salvatore Murdocca",eng,ENG,3.86,13606,9087
9089,"The Arrangement: The Ferro Family (The Arrangement, #1)",H.M. Ward,eng,ENG,4.02,16348,9088
9090,Winter in Tokyo,Ilana Tan,ind,IND,4.06,8935,9089
9091,Help for the Haunted,John Searles,eng,ENG,3.6,10334,9090
9092,"Death Note, Vol. 6: Give-and-Take (Death Note, #6)","Tsugumi Ohba, Takeshi Obata",eng,ENG,4.39,14986,9091
9093,"The Lightning Thief: The Graphic Novel (Percy Jackson and the Olympians, #1)","Rick Riordan, Robert Venditti, José Villarrubia, Attila Futaki",eng,ENG,3.95,12380,9092
9094,Mrs. Kennedy and Me: An Intimate Memoir,"Clint Hill, Lisa McCubbin",eng,ENG,4.14,8722,9093
9095,Shoeless Joe,W.P. Kinsella,eng,ENG,3.96,9315,9094
9096,When Crickets Cry,Charles Martin,en-US,EN-US,4.23,9668,9095
9097,This Changes Everything: Capitalism vs. The Climate,Naomi Klein,eng,ENG,4.17,7652,9096
9098,"Aloha from Hell (Sandman Slim, #3)",Richard Kadrey,en-US,EN-US,4.01,10713,9097
9099,"Until Lilly (Until, #3)",Aurora Rose Reynolds,eng,ENG,4.3,20825,9098
9100,A Walk Across America,Peter Jenkins,en-US,EN-US,4.02,9218,9099
9101,"Try Me (One Night with Sole Regret, #1)",Olivia Cunning,eng,ENG,3.87,21524,9100
9102,All Souls: A Family Story from Southie,Michael Patrick MacDonald,eng,ENG,4.07,8344,9101
9103,"Wizard at Large (Magic Kingdom of Landover, #3)",Terry Brooks,unknown,UNKNOWN,3.81,12580,9102
9104,The Bad Seed,"William March, Elaine Showalter",eng,ENG,4.05,10765,9103
9105,"Connected (Connections, #1)",Kim Karr,eng,ENG,4.11,10379,9104
9106,"Angel Fire (Angel, #2)",L.A. Weatherly,eng,ENG,4.06,13765,9105
9107,Growing Up Amish,Ira Wagler,eng,ENG,3.36,9085,9106
9108,"Taking Shots (Assassins, #1)",Toni Aleo,eng,ENG,3.95,11676,9107
9109,"Sweet Addiction (Sweet Addiction, #1)",J.  Daniels,eng,ENG,4.11,10294,9108
9110,Bomb: The Race to Build—and Steal—the World's Most Dangerous Weapon,Steve Sheinkin,eng,ENG,4.12,11164,9109
9111,Maximum City: Bombay Lost and Found,Suketu Mehta,eng,ENG,3.91,7894,9110
9112,Bambi,Bob Grant,eng,ENG,4.22,10332,9111
9113,The Last Wife of Henry VIII,Carolly Erickson,en-US,EN-US,3.88,10172,9112
9114,The Complete Tales and Poems,Edgar Allan Poe,eng,ENG,4.48,3427,9113
9115,"Gideon's Sword (Gideon Crew, #1)","Douglas Preston, Lincoln Child",en-US,EN-US,3.58,11227,9114
9116,"A Caribbean Mystery (Miss Marple, #10)",Agatha Christie,eng,ENG,3.77,14459,9115
9117,Accident,Danielle Steel,unknown,UNKNOWN,3.93,10301,9116
9118,George Washington's Secret Six: The Spy Ring That Saved the American Revolution,"Brian Kilmeade, Don Yaeger",eng,ENG,3.77,8428,9117
9119,"When Christ and His Saints Slept  (Henry II & Eleanor of Aquitaine, #1)",Sharon Kay Penman,eng,ENG,4.27,10761,9118
9120,Pinocchio,"Eugene Bradley Coco, Ron Dias",unknown,UNKNOWN,4.33,10615,9119
9121,Great North Road,Peter F. Hamilton,eng,ENG,4.06,8639,9120
9122,"Fall From Grace (Mad World, #1)",Christine Zolendz,en-GB,EN-GB,4.03,20488,9121
9123,The Complete Short Novels,"Anton Chekhov, Richard Pevear, Larissa Volokhonsky",eng,ENG,4.47,9424,9122
9124,The Berenstain Bears Go to School,"Stan Berenstain, Jan Berenstain",en-US,EN-US,4.28,14043,9123
9125,Curious George Takes a Job,H.A. Rey,unknown,UNKNOWN,4.28,12254,9124
9126,Superman for All Seasons,"Jeph Loeb, Tim Sale, Bjarne Hansen",en-US,EN-US,4.08,10331,9125
9127,La casa de Bernarda Alba,"Federico García Lorca, Antonio Sobejano-Moran, Paola Bianco",unknown,UNKNOWN,3.77,9611,9126
9128,"Retribution (Dark-Hunter, #19)",Sherrilyn Kenyon,en-US,EN-US,4.12,15771,9127
9129,Glue,Irvine Welsh,eng,ENG,3.84,9184,9128
9130,"Unhinged (Splintered, #2)",A.G. Howard,eng,ENG,4.25,14445,9129
9131,How to Fall in Love,Cecelia Ahern,eng,ENG,4.02,9486,9130
9132,"Until You (Westmoreland, #3)",Judith McNaught,en-US,EN-US,4.12,14256,9131
9133,"Servant of the Shard (Forgotten Realms: Paths of Darkness, #3; The Sellswords, #1)",R.A. Salvatore,en-US,EN-US,4.15,9647,9132
9134,Streams in the Desert,"Lettie B. Cowman, James Reimann",unknown,UNKNOWN,4.39,5953,9133
9135,"Venom (Elemental Assassin, #3)",Jennifer Estep,eng,ENG,4.16,17699,9134
9136,The Shadowhunter's Codex,"Cassandra Clare, Joshua Lewis",eng,ENG,4.06,15497,9135
9137,"Tennis Shoes Among the Nephites (Tennis Shoes, #1)",Chris Heimerdinger,eng,ENG,4.01,13112,9136
9138,"Blue is for Nightmares (Blue is for Nightmares, #1)",Laurie Faria Stolarz,en-US,EN-US,3.81,15848,9137
9139,Carrie / 'Salem's Lot / The Shining,Stephen King,eng,ENG,4.52,11063,9138
9140,"Personal Demon (Women of the Otherworld, #8)",Kelley Armstrong,eng,ENG,4.06,16371,9139
9141,"The Way of Kings, Part 1 (The Stormlight Archive #1.1)",Brandon Sanderson,eng,ENG,4.67,9792,9140
9142,The Christmas List,Richard Paul Evans,eng,ENG,4.17,10544,9141
9143,How to Make Love Like a Porn Star: A Cautionary Tale,"Jenna Jameson, Neil Strauss",eng,ENG,3.75,9531,9142
9144,The Tenth Justice,Brad Meltzer,unknown,UNKNOWN,3.97,10037,9143
9145,Stella Bain,Anita Shreve,unknown,UNKNOWN,3.41,10535,9144
9146,"Dark Days (Skulduggery Pleasant, #4)",Derek Landy,eng,ENG,4.45,12047,9145
9147,"The Green Mile, Part 3: Coffey's Hands",Stephen King,eng,ENG,4.5,12232,9146
9148,"Jacob (Nightwalkers, #1)",Jacquelyn Frank,eng,ENG,4.02,17448,9147
9149,You Slay Me (Aisling Grey #1),Katie MacAlister,en-US,EN-US,4.01,17279,9148
9150,Perfect,Rachel Joyce,eng,ENG,3.54,8152,9149
9151,Clifford's Halloween,Norman Bridwell,eng,ENG,4.14,11164,9150
9152,"Lyra's Oxford (His Dark Materials, #3.5)","Philip Pullman, John Lawrence",en-US,EN-US,3.52,12665,9151
9153,"If I Die (Soul Screamers, #5)",Rachel Vincent,eng,ENG,4.32,14153,9152
9154,Private Berlin (Private #5),"James Patterson, Mark T. Sullivan",eng,ENG,3.9,10043,9153
9155,The Other Daughter,Lisa Gardner,eng,ENG,3.99,11649,9154
9156,Amazing Grace,"Mary Hoffman, Caroline Binch",en-US,EN-US,4.33,10959,9155
9157,The Redemption of Althalus,"David Eddings, Leigh Eddings",unknown,UNKNOWN,3.82,11508,9156
9158,Slammerkin,Emma Donoghue,eng,ENG,3.69,11271,9157
9159,"Simply Irresistible (Chinooks Hockey Team, #1)",Rachel Gibson,eng,ENG,3.86,16945,9158
9160,"About That Night (FBI/US Attorney, #3)",Julie James,eng,ENG,4.07,18193,9159
9161,"Ouran High School Host Club, Vol. 3 (Ouran High School Host Club, #3)",Bisco Hatori,eng,ENG,4.44,12788,9160
9162,On the Night You Were Born,Nancy Tillman,en-US,EN-US,4.35,11125,9161
9163,MWF Seeking BFF: My Yearlong Search For A New Best Friend,Rachel Bertsche,eng,ENG,3.44,11001,9162
9164,"Skin Deep (Legion, #2)","Brandon Sanderson, Jon Foster",eng,ENG,4.11,8317,9163
9165,"Wicked (A Wicked Saga, #1)",Jennifer L. Armentrout,eng,ENG,4.08,14009,9164
9166,"Insatiable (Insatiable, #1)",Meg Cabot,eng,ENG,3.44,18463,9165
9167,"Where I Belong (Alabama Summer, #1)",J.  Daniels,eng,ENG,4.05,13110,9166
9168,"Back on Blossom Street (Blossom Street, #4)",Debbie Macomber,eng,ENG,4.14,11757,9167
9169,Hector and the Search for Happiness,"François Lelord, Lorenza García",eng,ENG,3.47,8084,9168
9170,"Between, Georgia",Joshilyn Jackson,en-US,EN-US,3.87,11098,9169
9171,"Faking It (Dempseys, #2)",Jennifer Crusie,eng,ENG,3.9,15216,9170
9172,Underground: The Tokyo Gas Attack and the Japanese Psyche,"Haruki Murakami, Alfred Birnbaum, Philip Gabriel",eng,ENG,3.89,8405,9171
9173,"The Twentieth Wife (Taj Mahal Trilogy, #1)",Indu Sundaresan,en-US,EN-US,4.03,9873,9172
9174,"Captured (The Captive, #1)",Erica Stevens,en-GB,EN-GB,4.06,12468,9173
9175,Split Infinity  (Apprentice Adept #1),Piers Anthony,eng,ENG,3.94,13299,9174
9176,Sex God: Exploring the Endless Connections between Sexuality and Spirituality,Rob Bell,en-US,EN-US,3.82,8999,9175
9177,A Vintage Affair,Isabel Wolff,en-GB,EN-GB,3.8,11104,9176
9178,The Buddha of Suburbia,Hanif Kureishi,eng,ENG,3.72,8683,9177
9179,"Breathe (Breathe, #1)",Sarah Crossan,en-US,EN-US,3.69,13504,9178
9180,The Voice of the Night,"Brian Coffey, Dean Koontz",eng,ENG,3.91,12897,9179
9181,The Girl from Krakow,Alex Rosenberg,eng,ENG,3.79,9585,9180
9182,Justice: What's the Right Thing to Do?,Michael J. Sandel,en-US,EN-US,4.25,8060,9181
9183,13 Hours: The Inside Account of What Really Happened In Benghazi,Mitchell Zuckoff,eng,ENG,4.26,8692,9182
9184,"Succubus Shadows (Georgina Kincaid, #5)",Richelle Mead,en-US,EN-US,4.18,18822,9183
9185,Roses,Leila Meacham,en-US,EN-US,4.02,10837,9184
9186,Crazy For You,Jennifer Crusie,unknown,UNKNOWN,3.78,14318,9185
9187,Letter to My Daughter,Maya Angelou,eng,ENG,4.08,9933,9186
9188,The Post-Birthday World,Lionel Shriver,eng,ENG,3.52,10415,9187
9189,The Man Who Walked Between the Towers,Mordicai Gerstein,en-GB,EN-GB,4.14,12022,9188
9190,"City of Bones / City of Ashes / City of Glass / City of Fallen Angels / City of Lost Souls (The Mortal Instruments, #1-5)",Cassandra Clare,unknown,UNKNOWN,4.59,10426,9189
9191,The Double,"José Saramago, Margaret Jull Costa",en-US,EN-US,3.84,6430,9190
9192,"Thorn Queen (Dark Swan, #2)",Richelle Mead,en-GB,EN-GB,4.12,17026,9191
9193,"Lost & Found (Rocky Pelligrino, #1)",Jacqueline Sheehan,eng,ENG,3.71,9474,9192
9194,The Tale of Mrs. Tiggy-Winkle,Beatrix Potter,unknown,UNKNOWN,4.19,12873,9193
9195,"For Love of Evil (Incarnations of Immortality, #6)",Piers Anthony,unknown,UNKNOWN,4.1,12399,9194
9196,Blackberry Winter,Sarah Jio,eng,ENG,3.96,10907,9195
9197,Trouble Is My Business,Raymond Chandler,eng,ENG,4.05,9020,9196
9198,"An Acceptable Time (A Wrinkle in Time Quintet, #5)",Madeleine L'Engle,eng,ENG,3.86,13596,9197
9199,The Third Secret,Steve Berry,eng,ENG,3.84,10809,9198
9200,"Charlie Bone and the Shadow (The Children of the Red King, #7)",Jenny Nimmo,unknown,UNKNOWN,4.02,13322,9199
9201,Love Bites (Argeneau #2),Lynsay Sands,eng,ENG,4.12,17118,9200
9202,Hard Choices,Hillary Rodham Clinton,eng,ENG,3.57,8724,9201
9203,"Batman: No Man's Land, Vol. 1","Bob Gale, Devin Grayson, Alex Maleev, Dale Eaglesham",eng,ENG,4.11,9269,9202
9204,The End of Poverty,"Jeffrey D. Sachs, Bono",unknown,UNKNOWN,3.66,7917,9203
9205,Half Blood Blues,Esi Edugyan,eng,ENG,3.63,8911,9204
9206,The Kindness of Strangers,Katrina Kittle,en-US,EN-US,4.0,10627,9205
9207,Emmy & Oliver,Robin Benway,eng,ENG,3.91,13260,9206
9208,The Sculptor,Scott McCloud,eng,ENG,4.0,10038,9207
9209,Roller Girl,Victoria Jamieson,eng,ENG,4.27,18014,9208
9210,The Best Nest,P.D. Eastman,en-US,EN-US,4.19,11906,9209
9211,"Beyond Exile (Day by Day Armageddon,# 2)",J.L. Bourne,eng,ENG,4.08,8923,9210
9212,Braveheart,Randall Wallace,eng,ENG,4.19,10729,9211
9213,"Fables, Vol. 7: Arabian Nights [and Days] (Fables, #7)","Bill Willingham, Mark Buckingham, Steve Leialoha, Jim Fern, Jimmy Palmiotti, Andrew Pepoy",eng,ENG,4.1,13772,9212
9214,Call Me by Your Name,André Aciman,unknown,UNKNOWN,4.13,10154,9213
9215,Fugitive Pieces,Anne Michaels,eng,ENG,3.95,10642,9214
9216,"Armageddon's Children (Genesis of Shannara, #1)",Terry Brooks,unknown,UNKNOWN,4.09,11107,9215
9217,The Cobra Event,Richard   Preston,en-US,EN-US,4.0,10505,9216
9218,"Everbound (Everneath, #2)",Brodi Ashton,en-US,EN-US,4.06,15865,9217
9219,The Hole in Our Gospel: What does God expect of Us? The Answer that Changed my Life and Might Just Change the World,Richard Stearns,en-US,EN-US,4.18,9512,9218
9220,On Becoming Baby Wise: Giving Your Infant the Gift of Nighttime Sleep,Gary Ezzo,unknown,UNKNOWN,3.58,5939,9219
9221,رغم الفراق,نور عبدالمجيد,ara,ARA,3.97,7822,9220
9222,"Ghost Wars: The Secret History of the CIA, Afghanistan, and bin Laden from the Soviet Invasion to September 10, 2001",Steve Coll,eng,ENG,4.28,9066,9221
9223,La vida del Lazarillo de Tormes,Anonymous,spa,SPA,3.49,7748,9222
9224,Broken Grace,E.C. Diskin,eng,ENG,3.92,10020,9223
9225,The Midwich Cuckoos,John Wyndham,eng,ENG,3.93,10841,9224
9226,I Am Livia,Phyllis T. Smith,en-US,EN-US,3.93,9302,9225
9227,Smoke Screen,Sandra Brown,en-US,EN-US,3.98,11245,9226
9228,Bone: Tall Tales,"Jeff Smith, Thomas E. Sniegoski, Steve Hamaker",eng,ENG,4.38,9084,9227
9229,The Fourteenth Goldfish,"Jennifer L. Holm, Tad Carpenter",eng,ENG,3.87,9532,9228
9230,Tawny Scrawny Lion,"Kathryn Jackson, Gustav Tenggren",unknown,UNKNOWN,4.16,12407,9229
9231,Peace Child: An Unforgettable Story of Primitive Jungle Treachery in the 20th Century,Don Richardson,unknown,UNKNOWN,4.31,8832,9230
9232,Libra,Don DeLillo,eng,ENG,3.98,10195,9231
9233,The Honourable Schoolboy,John le Carré,eng,ENG,3.94,9346,9232
9234,"Renegade's Magic (Soldier Son, #3)",Robin Hobb,eng,ENG,3.46,10164,9233
9235,"Second Shift: Order (Shift, #2)",Hugh Howey,eng,ENG,4.26,10110,9234
9236,"The Tenth Insight: Holding the Vision (Celestine Prophecy, #2)",James Redfield,en-CA,EN-CA,3.61,8795,9235
9237,"The Interpretation of Murder (Freud, #1)",Jed Rubenfeld,eng,ENG,3.51,9781,9236
9238,Superman: Birthright,"Mark Waid, Alfred Gough, Miles Millar, Dave McCaig, Gerry Alanguilan, Leinil Francis Yu",en-GB,EN-GB,4.12,9253,9237
9239,Curious George Visits the Library,"Margret Rey, H.A. Rey, Martha Weston",en-US,EN-US,4.25,10561,9238
9240,Arthur & George,Julian Barnes,eng,ENG,3.7,10131,9239
9241,"Truth Will Prevail (The Work and the Glory, #3)",Gerald N. Lund,unknown,UNKNOWN,4.3,9081,9240
9242,"Sins & Needles (The Artists Trilogy, #1)",Karina Halle,eng,ENG,3.98,18391,9241
9243,A Little History of the World,"E.H. Gombrich, Caroline Mustill, Clifford Harper",eng,ENG,4.1,8297,9242
9244,"Fire Burn and Cauldron Bubble (Jolie Wilkins, #1)",H.P. Mallory,eng,ENG,3.85,10228,9243
9245,"Fruits Basket, Vol. 4","Natsuki Takaya, Alethea Nibley, Athena Nibley",en-US,EN-US,4.39,15336,9244
9246,"Women, Food and God: An Unexpected Path to Almost Everything",Geneen Roth,en-US,EN-US,3.62,10201,9245
9247,Palace Walk (The Cairo Trilogy #1),"Naguib Mahfouz, William M. Hutchins, Olive E. Kenny",eng,ENG,4.14,6423,9246
9248,"First to Kill (Nathan McBride, #1)",Andrew  Peterson,eng,ENG,4.03,7849,9247
9249,How I Raised Myself from Failure to Success in Selling,Frank Bettger,unknown,UNKNOWN,4.25,9438,9248
9250,"Still Foolin' 'Em: Where I've Been, Where I'm Going, and Where the Hell Are My Keys",Billy Crystal,eng,ENG,3.89,8225,9249
9251,"Lucky (Lucky Santangelo, #2)",Jackie Collins,en-US,EN-US,4.08,9994,9250
9252,Wicked - Piano/Vocal Arrangement,"Stephen Schwartz, Gregory Maguire",unknown,UNKNOWN,4.45,10729,9251
9253,If Life Is a Bowl of Cherries What Am I Doing in the Pits?,Erma Bombeck,en-US,EN-US,4.07,10861,9252
9254,"Vagabond (The Grail Quest, #2)",Bernard Cornwell,en-US,EN-US,4.09,9680,9253
9255,Little Lord Fauntleroy,Frances Hodgson Burnett,unknown,UNKNOWN,3.81,12712,9254
9256,"Sometimes Never (Sometimes Never, #1)",Cheryl McIntyre,eng,ENG,3.94,15306,9255
9257,"The Mystery Knight (The Tales of Dunk and Egg, #3)",George R.R. Martin,eng,ENG,4.2,11058,9256
9258,"Double Time (Sinners on Tour, #5)",Olivia Cunning,en-US,EN-US,4.14,20484,9257
9259,"Red Glove (Curse Workers, #2)",Holly Black,en-US,EN-US,3.98,16108,9258
9260,"The Magic (The Secret, #3)",Rhonda Byrne,eng,ENG,4.14,8066,9259
9261,Kulti,Mariana Zapata,unknown,UNKNOWN,4.36,16112,9260
9262,Too Busy Not to Pray: Slowing Down to Be With God,"Bill Hybels, Lavonne Neff",en-US,EN-US,4.14,8422,9261
9263,Indignation,Philip Roth,eng,ENG,3.69,8585,9262
9264,Open City,Teju Cole,eng,ENG,3.5,9132,9263
9265,"My Story: ""A Child Called It"", ""The Lost Boy"", ""A Man Named Dave""",Dave Pelzer,en-US,EN-US,4.18,8201,9264
9266,"Witches of East End (The Beauchamp Family, #1)",Melissa de la Cruz,eng,ENG,3.51,13806,9265
9267,All He Ever Wanted,Anita Shreve,eng,ENG,3.18,11514,9266
9268,The Fifth Dominion (Imajica Part #1/2),Clive Barker,eng,ENG,4.24,9421,9267
9269,"Worth the Fight (MMA Fighter, #1)",Vi Keeland,eng,ENG,4.06,20451,9268
9270,Rose Daughter,Robin McKinley,eng,ENG,3.77,15696,9269
9271,"Fools Rush In (Weddings by Bella, #1)",Janice  Thompson,en-US,EN-US,3.59,8692,9270
9272,Ruby Holler,Sharon Creech,unknown,UNKNOWN,4.01,12438,9271
9273,"My Fair Lazy: One Reality Television Addict's Attempt to Discover If Not Being A Dumb Ass Is the New Black, or, a Culture-Up Manifesto",Jen Lancaster,eng,ENG,3.91,11826,9272
9274,"The Pagan Lord (The Saxon Stories, #7)",Bernard Cornwell,en-US,EN-US,4.34,8218,9273
9275,See You at the Top,"Zig Ziglar, Al Mayton",unknown,UNKNOWN,4.25,8888,9274
9276,The North Water,Ian McGuire,eng,ENG,4.01,8732,9275
9277,"The Forge of God (Forge of God, #1)",Greg Bear,eng,ENG,3.86,10085,9276
9278,"In the Clearing (Tracy Crosswhite, #3)",Robert Dugoni,eng,ENG,4.25,14051,9277
9279,"Hidden Order (Scot Harvath, #12)",Brad Thor,eng,ENG,4.1,7857,9278
9280,Eleanor of Aquitaine: A Life ,Alison Weir,en-US,EN-US,3.97,11325,9279
9281,"Agamemnon (Oresteia, #1)","Aeschylus, Judith Affleck, Philip de May, Patricia E. Easterling, John     Harrison",eng,ENG,3.82,11515,9280
9282,"Staked (The Iron Druid Chronicles, #8)",Kevin Hearne,eng,ENG,4.23,9082,9281
9283,Harry Potter and Philosophy: If Aristotle Ran Hogwarts,"David Baggett, Shawn E. Klein",unknown,UNKNOWN,4.45,9264,9282
9284,"Sweet Persuasion (Sweet, #2)",Maya Banks,eng,ENG,4.09,16437,9283
9285,"Redeemed (House of Night, #12)","P.C. Cast, Kristin Cast",eng,ENG,3.95,11604,9284
9286,"Do No Harm: Stories of Life, Death and Brain Surgery",Henry Marsh,eng,ENG,4.22,7978,9285
9287,Jennifer Government,Max Barry,eng,ENG,3.65,9722,9286
9288,The Christmas Train,David Baldacci,unknown,UNKNOWN,3.56,11424,9287
9289,"Dark Destiny (Dark, #13)",Christine Feehan,eng,ENG,4.29,14613,9288
9290,"Batman: The Dark Knight Strikes Again (The Dark Knight Saga, #2)","Frank Miller, Lynn Varley",eng,ENG,3.21,11065,9289
9291,Me: Stories of My Life,Katharine Hepburn,eng,ENG,3.87,9312,9290
9292,The Now Habit: A Strategic Program for Overcoming Procrastination and Enjoying Guilt-Free Play,Neil A. Fiore,eng,ENG,3.88,9396,9291
9293,"After Ever Happy (After, #4)",Anna Todd,en-US,EN-US,4.08,12671,9292
9294,The Auschwitz Escape,Joel C. Rosenberg,eng,ENG,4.32,7844,9293
9295,Made in America: An Informal History of the English Language in the United States,Bill Bryson,en-US,EN-US,3.89,9638,9294
9296,The Drama of the Gifted Child: The Search for the True Self,"Alice  Miller, Ruth Ward",en-GB,EN-GB,4.09,9563,9295
9297,One Flew Over the Cuckoo's Nest,Dale Wasserman,unknown,UNKNOWN,4.28,11142,9296
9298,The Case of Charles Dexter Ward,H.P. Lovecraft,eng,ENG,4.2,10153,9297
9299,Soon I Will Be Invincible,Austin Grossman,eng,ENG,3.68,9878,9298
9300,Paint it Black,Janet Fitch,eng,ENG,3.47,9092,9299
9301,"Ever After (Lost Love, #2)",Karen Kingsbury,en-US,EN-US,4.31,9685,9300
9302,Last Orders,Graham Swift,unknown,UNKNOWN,3.68,9349,9301
9303,Mythologies,"Roland Barthes, Annette Lavers",eng,ENG,4.11,9325,9302
9304,Poetics,"Aristotle, Malcolm Heath",eng,ENG,3.81,10347,9303
9305,Wife 22,Melanie Gideon,unknown,UNKNOWN,3.51,10793,9304
9306,Before I Go,Colleen Oakley,unknown,UNKNOWN,3.79,8181,9305
9307,Travel Team,Mike Lupica,unknown,UNKNOWN,4.06,8356,9306
9308,The Dark Is Rising Sequence  (The Dark Is Rising #1-5),Susan Cooper,eng,ENG,4.29,11988,9307
9309,The Flight of Gemma Hardy,Margot Livesey,eng,ENG,3.59,12391,9308
9310,"Saint (Paradise, #2)",Ted Dekker,en-US,EN-US,4.04,10594,9309
9311,Groundwork of the Metaphysics of Morals,"Immanuel Kant, Mary J. Gregor, Christine M. Korsgaard",eng,ENG,3.78,9104,9310
9312,"Crimson Shore (Pendergast, #15)","Douglas Preston, Lincoln Child",eng,ENG,4.0,7174,9311
9313,More Than Human,Theodore Sturgeon,eng,ENG,3.98,10733,9312
9314,"Burn (Michael Bennett, #7)","James Patterson, Michael Ledwidge",eng,ENG,3.88,6866,9313
9315,The King's Agent,Donna Russo Morin,en-US,EN-US,3.81,8250,9314
9316,The Healer (O'Malley #5),Dee Henderson,eng,ENG,4.4,11245,9315
9317,Islands in the Stream,Ernest Hemingway,unknown,UNKNOWN,3.86,9608,9316
9318,The Guardian (O'Malley #2),Dee Henderson,eng,ENG,4.4,11474,9317
9319,"Ouran High School Host Club, Vol. 15 (Ouran High School Host Club, #15)",Bisco Hatori,eng,ENG,4.54,10743,9318
9320,Naïve. Super,"Erlend Loe, Tor Ketil Solberg",eng,ENG,3.89,8642,9319
9321,キスよりも早く1 [Kisu Yorimo Hayaku 1] (Faster than a Kiss #1),"Meca Tanaka, 田中メカ",jpn,JPN,4.23,11232,9320
9322,"The Noticer: Sometimes, All a Person Needs Is a Little Perspective",Andy Andrews,eng,ENG,4.17,8335,9321
9323,Under the Net,Iris Murdoch,eng,ENG,3.76,9506,9322
9324,Capital,John Lanchester,unknown,UNKNOWN,3.68,4961,9323
9325,"Lenobia's Vow (House of Night Novellas, #2)","P.C. Cast, Kristin Cast",en-US,EN-US,4.16,12649,9324
9326,"The Goal (Off-Campus, #4)",Elle Kennedy,eng,ENG,4.05,14560,9325
9327,"Artemis Fowl Boxed Set, Bks 1-5 (Artemis Fowl, #1-5)",Eoin Colfer,en-US,EN-US,4.29,10692,9326
9328,"The Boyfriend Thief (Stolen Kiss, #1)",Shana Norris,eng,ENG,3.74,12080,9327
9329,"The Lewis Man (The Lewis Trilogy, #2)",Peter  May,eng,ENG,4.2,7870,9328
9330,"The Elves of Cintra (Genesis of Shannara, #2)",Terry Brooks,eng,ENG,4.09,10663,9329
9331,"Priestess of the White (Age of the Five, #1)",Trudi Canavan,eng,ENG,3.84,10552,9330
9332,"The Vision (Fallen Star, #3)",Jessica Sorensen,eng,ENG,4.15,12519,9331
9333,The Gemini Contenders,Robert Ludlum,eng,ENG,3.87,10428,9332
9334,"The Field of Swords (Emperor, #3)",Conn Iggulden,en-US,EN-US,4.26,9293,9333
9335,Abandon,Blake Crouch,en-US,EN-US,3.74,4713,9334
9336,"Final Jeopardy (Alexandra Cooper, #1)",Linda Fairstein,en-US,EN-US,3.9,11250,9335
9337,April 1865: The Month That Saved America,Jay Winik,unknown,UNKNOWN,4.15,8850,9336
9338,"The Haunted (The Hollow, #2)",Jessica Verday,en-CA,EN-CA,4.15,12890,9337
9339,The Protector (O'Malley #4),Dee Henderson,eng,ENG,4.38,10704,9338
9340,Tell Me Three Things,Julie Buxbaum,eng,ENG,4.1,15565,9339
9341,"The It Girl (It Girl, #1)",Cecily von Ziegesar,eng,ENG,3.66,11929,9340
9342,Single White Vampire (Argeneau #3),Lynsay Sands,eng,ENG,4.16,16618,9341
9343,"The Wheel of Time: Boxed Set  (Wheel of Time, #1-8)",Robert Jordan,unknown,UNKNOWN,4.37,9031,9342
9344,Social Intelligence: The New Science of Human Relationships,Daniel Goleman,unknown,UNKNOWN,3.97,8670,9343
9345,Diary ng Panget,"HaveYouSeenThisGirL, Jan Irene Villar",fil,FIL,4.4,7016,9344
9346,"Call Me Irresistible (Wynette, Texas #5)",Susan Elizabeth Phillips,eng,ENG,4.07,15449,9345
9347,Who Will Cry When You Die? Life Lessons from the Monk Who Sold His Ferrari,Robin S. Sharma,eng,ENG,3.93,7174,9346
9348,Promise Not to Tell,Jennifer McMahon,eng,ENG,3.62,11775,9347
9349,"A Modern Witch (A Modern Witch, #1)",Debora Geary,eng,ENG,3.73,11264,9348
9350,The Traveler's Gift: Seven Decisions that Determine Personal Success,Andy Andrews,eng,ENG,4.1,8055,9349
9351,"Shine Not Burn (Shine Not Burn, #1)",Elle Casey,eng,ENG,4.07,14739,9350
9352,Double Identity,Margaret Peterson Haddix,unknown,UNKNOWN,4.01,12978,9351
9353,Si-cology 1: Tales and Wisdom from Duck Dynasty’s Favorite Uncle,"Si Robertson, Mark Schlabach",eng,ENG,3.94,7329,9352
9354,"Darth Paper Strikes Back (Origami Yoda, #2)",Tom Angleberger,eng,ENG,4.12,10798,9353
9355,"The Girl in the Steel Corset (Steampunk Chronicles, #1)",Kady Cross,eng,ENG,3.81,17825,9354
9356,"Gut gegen Nordwind (Gut gegen Nordwind, #1)",Daniel Glattauer,ger,GER,3.88,6874,9355
9357,My Brother Sam Is Dead,"James Lincoln Collier, Christopher Collier",eng,ENG,3.39,12817,9356
9358,Dream Man,Linda Howard,eng,ENG,4.04,14604,9357
9359,Rubicon: The Last Years of the Roman Republic,Tom Holland,eng,ENG,4.17,9224,9358
9360,"The Green Mile, Part 6: Coffey on the Mile",Stephen King,eng,ENG,4.55,11936,9359
9361,Catalyst,Laurie Halse Anderson,en-US,EN-US,3.62,13840,9360
9362,"Nice Girls Don't Have Fangs (Jane Jameson, #1)",Molly Harper,en-US,EN-US,3.92,18122,9361
9363,Belinda,"Anne Rice, Anne Rampling",en-US,EN-US,3.6,10018,9362
9364,"When Beauty Tamed the Beast (Fairy Tales, #2)",Eloisa James,eng,ENG,4.06,16245,9363
9365,"Miles to Go (The Walk, #2)",Richard Paul Evans,unknown,UNKNOWN,4.27,9654,9364
9366,"The Gift (Crown's Spies, #3)",Julie Garwood,eng,ENG,4.17,13977,9365
9367,My Friend Dahmer,Derf Backderf,eng,ENG,3.88,11563,9366
9368,"The Lion's Lady (Crown's Spies, #1)",Julie Garwood,eng,ENG,4.16,15614,9367
9369,Beach Town,Mary Kay Andrews,unknown,UNKNOWN,3.58,8827,9368
9370,Heart on a Chain,Cindy C. Bennett,en-GB,EN-GB,4.04,16007,9369
9371,"The Legend of Luke (Redwall, #12)",Brian Jacques,unknown,UNKNOWN,3.99,12658,9370
9372,Babe: The Gallant Pig,"Dick King-Smith, Maggie Kneen",eng,ENG,4.05,11229,9371
9373,Wishin' and Hopin',Wally Lamb,eng,ENG,3.52,10966,9372
9374,"Dream Team: How Michael, Magic, Larry, Charles, and the Greatest Team of All Time Conquered the World and Changed the Game of Basketball Forever",Jack McCallum,eng,ENG,4.16,8000,9373
9375,Influencer: The Power to Change Anything,"Kerry Patterson, Joseph Grenny, David Maxfield, Ron McMillan, Al Switzler",en-GB,EN-GB,3.98,8036,9374
9376,The Hand of Oberon (The Chronicles of Amber #4),Roger Zelazny,eng,ENG,4.19,12627,9375
9377,"No Place to Run (KGI, #2)",Maya Banks,eng,ENG,4.29,16649,9376
9378,"The Dragonslayer (Bone, #4)","Jeff Smith, Steve Hamaker",eng,ENG,4.33,11044,9377
9379,Eat to Live: The Revolutionary Formula for Fast and Sustained Weight Loss,Joel Fuhrman,unknown,UNKNOWN,4.12,7274,9378
9380,"A Week to Be Wicked (Spindle Cove, #2)",Tessa Dare,eng,ENG,4.12,14615,9379
9381,Rain Reign,Ann M. Martin,eng,ENG,4.21,11872,9380
9382,"Claimed By Shadow (Cassandra Palmer, #2)",Karen Chance,en-US,EN-US,3.98,18318,9381
9383,"Meet Samantha: An American Girl (American Girls: Samantha, #1)","Susan S. Adler, Renée Graef, Nancy Niles",eng,ENG,3.95,15460,9382
9384,The Secret Scripture,Sebastian Barry,eng,ENG,3.75,9565,9383
9385,Batwoman: Elegy,"Greg Rucka, J.H. Williams III, Rachel Maddow",eng,ENG,4.16,11001,9384
9386,When the Emperor Was Divine,Julie Otsuka,eng,ENG,3.7,11529,9385
9387,"Foreplay (The Ivy Chronicles, #1)",Sophie Jordan,eng,ENG,3.94,14461,9386
9388,"Night Prey (Lucas Davenport, #6)",John Sandford,eng,ENG,4.14,11975,9387
9389,"Clouds of Witness (Lord Peter Wimsey, #2)",Dorothy L. Sayers,eng,ENG,4.04,12013,9388
9390,"Body Movers (Body Movers, #1)",Stephanie Bond,eng,ENG,3.84,10719,9389
9391,"The Nasty Bits: Collected Varietal Cuts, Usable Trim, Scraps, and Bones",Anthony Bourdain,unknown,UNKNOWN,3.75,8021,9390
9392,Lincoln in the Bardo,George Saunders,eng,ENG,3.93,20373,9391
9393,"Zero History (Blue Ant, #3)",William Gibson,eng,ENG,3.93,10394,9392
9394,Sophie & Carter,Chelsea Fine,eng,ENG,3.83,11849,9393
9395,"Small Steps (Holes, #2)",Louis Sachar,eng,ENG,3.69,11837,9394
9396,The Wicked Girls,Alex Marwood,eng,ENG,3.48,9180,9395
9397,"Agents of Light and Darkness (Nightside, #2)",Simon R. Green,eng,ENG,4.0,12827,9396
9398,Stand on Zanzibar,John Brunner,eng,ENG,3.96,11021,9397
9399,Homer's Odyssey,Gwen Cooper,en-US,EN-US,4.18,9907,9398
9400,"Sad Cypress (Hercule Poirot, #21)",Agatha Christie,eng,ENG,3.83,12538,9399
9401,Avatar Volume 1: The Last Airbender (Avatar #1),"Michael Dante DiMartino, Bryan Konietzko",eng,ENG,4.52,8261,9400
9402,"Five Go to Smuggler's Top (Famous Five, #4)",Enid Blyton,eng,ENG,4.03,10441,9401
9403,"Indemnity Only (V.I. Warshawski, #1)",Sara Paretsky,eng,ENG,3.89,11954,9402
9404,"Five Run Away Together (Famous Five, #3)",Enid Blyton,en-US,EN-US,4.03,10698,9403
9405,The Promise,Danielle Steel,en-US,EN-US,3.93,9836,9404
9406,A Redbird Christmas,Fannie Flagg,eng,ENG,3.86,11101,9405
9407,The Haj,Leon Uris,eng,ENG,3.99,10060,9406
9408,"The Darkest Road (The Fionavar Tapestry, #3)",Guy Gavriel Kay,eng,ENG,4.18,11755,9407
9409,"Summer of My German Soldier (Summer of My German Soldier, #1)",Bette Greene,unknown,UNKNOWN,3.66,12108,9408
9410,Rogues,"George R.R. Martin, Gardner R. Dozois, Joe Abercrombie, Gillian Flynn, Matthew Hughes, Joe R. Lansdale, Michael Swanwick, David  Ball, Carrie Vaughn, Scott Lynch, Bradley Denton, Cherie Priest, Daniel Abraham, Paul Cornell, Steven Saylor, Garth Nix, Walter Jon Williams, Phyllis Eisenstein, Lisa Tuttle, Neil Gaiman, Connie Willis, Patrick Rothfuss",eng,ENG,3.86,10135,9409
9411,"The Midwife's Revolt (The Midwife Series, #1)",Jodi Daynard,eng,ENG,3.97,8780,9410
9412,"Bound by Honor (Born in Blood Mafia Chronicles, #1)",Cora Reilly,eng,ENG,4.14,15138,9411
9413,Anti-Stepbrother,Tijan,eng,ENG,4.14,10334,9412
9414,"Deeper Than Midnight (Midnight Breed, #9)",Lara Adrian,en-US,EN-US,4.29,16679,9413
9415,"Mercy Blade (Jane Yellowrock, #3)",Faith Hunter,eng,ENG,4.21,14856,9414
9416,I Do -- But I Don't,Cara Lockwood,unknown,UNKNOWN,3.66,9151,9415
9417,"Skippyjon Jones in Mummy Trouble (Skippyjon Jones, #3)",Judy Schachner,en-US,EN-US,4.25,11076,9416
9418,Daily Rituals: How Artists Work,Mason Currey,eng,ENG,3.66,8565,9417
9419,"The Boy Who Came Back from Heaven: A Remarkable Account of Miracles, Angels, and Life beyond This World","Kevin Malarkey, Alex Malarkey",eng,ENG,3.89,8945,9418
9420,"Knight & Stay (Knight, #2)",Kitty French,eng,ENG,4.19,18124,9419
9421,"An Incomplete Revenge (Maisie Dobbs, #5)",Jacqueline Winspear,en-GB,EN-GB,4.09,11579,9420
9422,The Night Sister,Jennifer McMahon,eng,ENG,3.67,10219,9421
9423,You Don't Have to Say You Love Me,Sarra Manning,eng,ENG,3.97,12898,9422
9424,"Tales from Earthsea (Earthsea Cycle, #5)",Ursula K. Le Guin,eng,ENG,4.0,11530,9423
9425,The Sound of Things Falling,"Juan Gabriel Vásquez, Anne McLean",eng,ENG,3.74,6113,9424
9426,"Maid for the Billionaire (Legacy Collection, #1)",Ruth Cardello,eng,ENG,3.77,11539,9425
9427,Ashley Bell,Dean Koontz,eng,ENG,3.59,8118,9426
9428,Johnny Mnemonic,"William Gibson, Terry Bisson",en-US,EN-US,3.75,9564,9427
9429,"Rogue Squadron (Star Wars: X-Wing, #1)",Michael A. Stackpole,en-GB,EN-GB,4.02,11405,9428
9430,Fine Things,Danielle Steel,unknown,UNKNOWN,3.92,10519,9429
9431,"The Chase (Isaac Bell, #1)",Clive Cussler,en-US,EN-US,3.92,10998,9430
9432,Amusing Ourselves to Death: Public Discourse in the Age of Show Business,"Neil Postman, Andrew Postman",eng,ENG,4.14,9736,9431
9433,"Nerilka's Story (Pern, #8)",Anne McCaffrey,eng,ENG,3.78,12936,9432
9434,"King of Foxes (Conclave of Shadows, #2)",Raymond E. Feist,unknown,UNKNOWN,3.95,10684,9433
9435,Hairy Maclary from Donaldson's Dairy,Lynley Dodd,eng,ENG,4.28,11051,9434
9436,Wonderful Tonight,"Pattie Boyd, Penny Junor",en-US,EN-US,3.65,8254,9435
9437,The Obituary Writer,Ann Hood,eng,ENG,3.7,5178,9436
9438,"Tunnels (Tunnels, #1)","Roderick Gordon, Brian  Williams",en-CA,EN-CA,3.57,11678,9437
9439,The Beatles: The Biography,Bob Spitz,en-US,EN-US,4.13,8120,9438
9440,Lie Down with Lions,Ken Follett,unknown,UNKNOWN,3.78,9822,9439
9441,The Incredible Hulk: Planet Hulk,"Greg Pak, Aaron Lopresti, Carlo Pagulayan, Juan Santacruz, Gary Frank, Takeshi Miyazawa",eng,ENG,4.23,8680,9440
9442,Elizabeth: The Struggle for the Throne,David Starkey,unknown,UNKNOWN,4.06,11163,9441
9443,"Rumors of War (Children of the Promise, #1)",Dean Hughes,en-US,EN-US,4.25,9995,9442
9444,"Journal 64 (Afdeling Q, #4)",Jussi Adler-Olsen,dan,DAN,4.04,5044,9443
9445,بضع ساعات في يوم ما,محمد صادق,ara,ARA,3.14,7806,9444
9446,The Single Girl's To-Do List,Lindsey Kelk,eng,ENG,3.94,9829,9445
9447,"Rama Revealed (Rama, #4)","Arthur C. Clarke, Gentry Lee",eng,ENG,3.72,9015,9446
9448,"The Redhead Revealed (Redhead, #2)",Alice Clayton,eng,ENG,4.2,15464,9447
9449,Skin,Ted Dekker,unknown,UNKNOWN,3.8,10590,9448
9450,"Clariel (Abhorsen, #4)",Garth Nix,eng,ENG,3.79,10616,9449
9451,"Death at La Fenice (Commissario Brunetti, #1)",Donna Leon,en-US,EN-US,3.81,11705,9450
9452,"The Big Nowhere (L.A. Quartet, #2)",James Ellroy,eng,ENG,4.11,9249,9451
9453,"In This Mountain (Mitford Years, #7)",Jan Karon,unknown,UNKNOWN,4.32,11015,9452
9454,Code to Zero,Ken Follett,unknown,UNKNOWN,3.64,9071,9453
9455,The Old Curiosity Shop,"Charles Dickens, Norman Page",unknown,UNKNOWN,3.75,11092,9454
9456,Dibs in Search of Self,Virginia M. Axline,en-US,EN-US,4.13,8905,9455
9457,"Fruits Basket, Vol. 14","Natsuki Takaya, Alethea Nibley, Athena Nibley",en-US,EN-US,4.46,13072,9456
9458,"Hawkeye, Volume 2: Little Hits","Matt Fraction, David Aja, Francesco Francavilla, Steve Lieber, Jesse Hamm, Annie Wu, Matt Hollingsworth, Chris Eliopoulos",eng,ENG,4.27,15547,9457
9459,Hands Of Light,"Barbara Ann Brennan, Jos. A. Smith",unknown,UNKNOWN,4.27,9016,9458
9460,Too Loud a Solitude,Bohumil Hrabal,eng,ENG,4.17,5468,9459
9461,A Series of Unfortunate Events Box: The Complete Wreck (Books 1-13),"Lemony Snicket, Brett Helquist",en-GB,EN-GB,4.28,11240,9460
9462,"Midnight in Austenland (Austenland, #2)",Shannon Hale,en-US,EN-US,3.5,13960,9461
9463,Pebble in the Sky (Galactic Empire #3),Isaac Asimov,eng,ENG,3.85,11335,9462
9464,Too Good to Be True,Kristan Higgins,eng,ENG,3.9,14745,9463
9465,"Ultimate Spider-Man, Volume 1: Power and Responsibility","Brian Michael Bendis, Mark Bagley",eng,ENG,4.06,10462,9464
9466,"Independence (Significance, #4)",Shelly Crane,eng,ENG,4.32,14408,9465
9467,"Night Owl (Night Owl, #1)",M. Pierce,eng,ENG,4.03,8053,9466
9468,"Mortal Prey (Lucas Davenport, #13)",John Sandford,en-US,EN-US,4.2,11272,9467
9469,"One, Two, Buckle My Shoe (Hercule Poirot, #22)","Agatha Christie, Hugh Fraser",eng,ENG,3.74,11285,9468
9470,"Gemina (The Illuminae Files, #2)","Amie Kaufman, Jay Kristoff, Marie Lu",eng,ENG,4.56,10960,9469
9471,Staying Fat for Sarah Byrnes,Chris Crutcher,en-US,EN-US,3.94,11544,9470
9472,Lorna Doone,"R.D. Blackmore, Michelle Allen",eng,ENG,3.71,11716,9471
9473,Maktub,Paulo Coelho,spa,SPA,3.41,5902,9472
9474,"Head Over Heels (Lucky Harbor, #3)",Jill Shalvis,eng,ENG,4.16,16560,9473
9475,Adam,Ted Dekker,eng,ENG,3.93,9903,9474
9476,"The Clocks (Hercule Poirot, #34)","Agatha Christie, Robin Bailey",eng,ENG,3.71,12335,9475
9477,The One I Left Behind,Jennifer McMahon,en-US,EN-US,3.76,10266,9476
9478,Tao of Pooh and Te of Piglet Boxed Set,Benjamin Hoff,eng,ENG,4.15,8206,9477
9479,Manga Classics: Les Misérables,"Stacy King, SunNeko Lee, Crystal S. Chan, Victor Hugo",eng,ENG,4.1,6691,9478
9480,"The Orc King (Forgotten Realms: Transitions, #1; Legend of Drizzt, #17)",R.A. Salvatore,en-US,EN-US,4.11,9012,9479
9481,"The Dolphins of Pern (Pern, #13)",Anne McCaffrey,eng,ENG,3.94,12938,9480
9482,Succulent Wild Woman,S.A.R.K.,unknown,UNKNOWN,4.12,9365,9481
9483,Any Human Heart,William  Boyd,en-GB,EN-GB,4.26,8365,9482
9484,"The Abduction (Theodore Boone, #2)",John Grisham,eng,ENG,3.76,9346,9483
9485,"The Beggar King (The Hangman's Daughter, #3)","Oliver Pötzsch, Lee Chadeayne",eng,ENG,3.95,10271,9484
9486,"Fifty Shades Duo: Fifty Shades Darker / Fifty Shades Freed (Fifty Shades, #2-3)",E.L. James,en-GB,EN-GB,4.41,8227,9485
9487,La Carte et le territoire,Michel Houellebecq,fre,FRE,3.93,5631,9486
9488,"Festive in Death (In Death, #39)",J.D. Robb,eng,ENG,4.26,9784,9487
9489,"Rainbow Boys (Rainbow Trilogy, #1)",Alex   Sanchez,eng,ENG,3.85,11146,9488
9490,"The Penderwicks on Gardam Street (The Penderwicks, #2)",Jeanne Birdsall,unknown,UNKNOWN,4.23,13423,9489
9491,A Bite to Remember (Argeneau #5),Lynsay Sands,eng,ENG,4.23,16516,9490
9492,"The Nightmare (Joona Linna, #2)","Lars Kepler, Laura A. Wideburg",en-US,EN-US,3.78,6917,9491
9493,The Reef,Nora Roberts,en-US,EN-US,3.89,13932,9492
9494,"They Do It with Mirrors (Miss Marple, #6)",Agatha Christie,eng,ENG,3.74,13214,9493
9495,5 Very Good Reasons to Punch a Dolphin in the Mouth and Other Useful Guides,Matthew Inman,eng,ENG,4.11,9469,9494
9496,Just a Mess (Little Critter),Mercer Mayer,eng,ENG,4.23,10772,9495
9497,See Jane Date,Melissa Senate,unknown,UNKNOWN,3.49,9292,9496
9498,"The Gods of War (Emperor, #4)",Conn Iggulden,en-US,EN-US,4.29,8984,9497
9499,Pushing Ice,Alastair Reynolds,unknown,UNKNOWN,4.02,9365,9498
9500,"Heaven (Halo, #3)",Alexandra Adornetto,eng,ENG,3.91,14520,9499
9501,The Last Time We Say Goodbye,Cynthia Hand,eng,ENG,4.11,11063,9500
9502,The Secret Art of Dr. Seuss,"Dr. Seuss, Maurice Sendak, Audrey Geisel",unknown,UNKNOWN,4.05,8461,9501
9503,"Out of Egypt (Christ the Lord, #1)",Anne Rice,eng,ENG,3.56,10729,9502
9504,"The Obelisk Gate (The Broken Earth, #2)",N.K. Jemisin,eng,ENG,4.36,9481,9503
9505,Reasons to Stay Alive,Matt Haig,eng,ENG,4.17,11307,9504
9506,The Children's Book,A.S. Byatt,eng,ENG,3.66,10985,9505
9507,Tough Customer (Mitchell & Associates #2),Sandra Brown,en-US,EN-US,3.95,8823,9506
9508,The Shadowy Horses,Susanna Kearsley,eng,ENG,3.92,10640,9507
9509,"Joey Pigza Swallowed the Key (Joey Pigza, #1)",Jack Gantos,eng,ENG,3.74,12985,9508
9510,"Among the Mad (Maisie Dobbs, #6)","Jacqueline Winspear, Orlagh Cassidy",eng,ENG,4.1,11363,9509
9511,Dune Road,Jane Green,eng,ENG,3.41,10608,9510
9512,شكلها باظت,عمر طاهر,ara,ARA,3.52,8257,9511
9513,Olivia Joules and the Overactive Imagination,Helen Fielding,en-US,EN-US,3.1,10687,9512
9514,Unfamiliar Fishes,Sarah Vowell,unknown,UNKNOWN,3.6,10389,9513
9515,"Johannes Cabal the Necromancer (Johannes Cabal, #1)",Jonathan L. Howard,eng,ENG,3.94,10603,9514
9516,The Way the Crow Flies,Ann-Marie MacDonald,en-US,EN-US,4.08,10227,9515
9517,In the Miso Soup,"Ryū Murakami, Ralph McCarthy",eng,ENG,3.61,9285,9516
9518,"Counterfeit Gods: The Empty Promises of Money, Sex, and Power, and the Only Hope that Matters",Timothy J. Keller,eng,ENG,4.32,8783,9517
9519,Amy and Isabelle ,Elizabeth Strout,unknown,UNKNOWN,3.73,10602,9518
9520,Red Sparrow (Red Sparrow Trilogy #1),Jason  Matthews,eng,ENG,4.02,6998,9519
9521,Operation Mincemeat: How a Dead Man and a Bizarre Plan Fooled the Nazis and Assured an Allied Victory,Ben Macintyre,eng,ENG,3.95,8112,9520
9522,Beyond Band of Brothers: The War Memoirs of Major Dick Winters,"Dick Winters, Cole C. Kingseed",eng,ENG,4.24,9712,9521
9523,Beautiful You,Chuck Palahniuk,eng,ENG,2.98,8507,9522
9524,"The Locket (The Locket, #1)",Richard Paul Evans,en-US,EN-US,4.1,10147,9523
9525,"Shadows Linger (The Chronicles of the Black Company, #2)",Glen Cook,en-US,EN-US,4.15,10975,9524
9526,"Honor Among Enemies (Honor Harrington, #6)",David Weber,unknown,UNKNOWN,4.24,12506,9525
9527,"Altered (Altered, #1)",Jennifer Rush,en-CA,EN-CA,4.04,15692,9526
9528,"Obsession in Death (In Death, #40)",J.D. Robb,eng,ENG,4.33,9565,9527
9529,EntreLeadership: 20 Years of Practical Business Wisdom from the Trenches,Dave Ramsey,unknown,UNKNOWN,4.19,8333,9528
9530,"The Quiche of Death (Agatha Raisin, #1)",M.C. Beaton,eng,ENG,3.75,10925,9529
9531,Crush,Richard Siken,eng,ENG,4.33,11597,9530
9532,"The Marvelous Land of Oz (Oz, #2)","L. Frank Baum, David McKee",eng,ENG,3.82,11402,9531
9533,Reservation Blues,Sherman Alexie,eng,ENG,3.98,9919,9532
9534,Become a Better You: 7 Keys to Improving Your Life Every Day,Joel Osteen,unknown,UNKNOWN,4.15,8553,9533
9535,"Until Nico (Until, #4)",Aurora Rose Reynolds,unknown,UNKNOWN,4.33,20070,9534
9536,"Fruits Basket, Vol. 15","Natsuki Takaya, Alethea Nibley, Athena Nibley",en-US,EN-US,4.45,12888,9535
9537,Plenty,Yotam Ottolenghi,eng,ENG,4.32,8023,9536
9538,Agent to the Stars,John Scalzi,eng,ENG,3.91,10086,9537
9539,"The First Confessor (The Legend of Magda Searus, #1)",Terry Goodkind,eng,ENG,4.19,9311,9538
9540,In the Penal Colony,Franz Kafka,eng,ENG,4.0,8974,9539
9541,"The Second Ship (The Rho Agenda, #1)",Richard   Phillips,unknown,UNKNOWN,3.73,4281,9540
9542,The Beet Queen,Louise Erdrich,en-US,EN-US,3.89,10495,9541
9543,"Disastrous (Disastrous, #1)",E.L. Montes,eng,ENG,3.96,17627,9542
9544,The Wave,"Morton Rhue, Todd Strasser",eng,ENG,3.54,9392,9543
9545,And Ladies of the Club,Helen Hooven Santmyer,en-US,EN-US,4.12,10177,9544
9546,"Secondhand Souls (Grim Reaper, #2)",Christopher Moore,eng,ENG,3.92,7925,9545
9547,"The Cinderella Murder (Under Suspicion, #2)","Mary Higgins Clark, Alafair Burke",eng,ENG,3.81,8641,9546
9548,"Vicious (Sinners of Saint, #1)",L.J. Shen,en-US,EN-US,4.25,15460,9547
9549,Gargantua and Pantagruel,"François Rabelais, M.A. Screech",eng,ENG,3.71,10379,9548
9550,When Will Jesus Bring the Pork Chops?,George Carlin,en-US,EN-US,3.84,9139,9549
9551,The Marvels,Brian Selznick,eng,ENG,3.93,13576,9550
9552,"The Last Werewolf (The Last Werewolf, #1)",Glen Duncan,eng,ENG,3.47,10986,9551
9553,"Attack on Titan: No Regrets, Volume 01","Hajime Isayama, Hikaru Suruga, Gan Sunaaku",eng,ENG,4.52,9032,9552
9554,What's the Matter with Kansas? How Conservatives Won the Heart of America,Thomas Frank,en-US,EN-US,3.83,9003,9553
9555,شاب كشك في رحلة البحث عن الجادون,عمرو سلامة,ara,ARA,3.66,8128,9554
9556,"Kitty Goes to Washington (Kitty Norville, #2)",Carrie Vaughn,eng,ENG,3.87,16725,9555
9557,The Carrot Seed,"Ruth Krauss, Crockett Johnson",unknown,UNKNOWN,4.07,12420,9556
9558,"Reasonable Doubt: Volume 3 (Reasonable Doubt, #3)",Whitney G.,eng,ENG,4.19,19933,9557
9559,Riding the Bullet,"Stephen King, Josh Hamilton",eng,ENG,3.6,9809,9558
9560,"Relentless (The Lost Fleet, #5)",Jack Campbell,unknown,UNKNOWN,4.05,10864,9559
9561,The Nose,"Nikolai Gogol, Kevin Hawkes",eng,ENG,3.92,10202,9560
9562,"Kitty and the Silver Bullet (Kitty Norville, #4)",Carrie Vaughn,eng,ENG,3.99,15300,9561
9563,The Society of the Spectacle,"Guy Debord, Donald Nicholson-Smith",eng,ENG,4.04,9309,9562
9564,"SilverFin (Young Bond, #1)",Charlie Higson,eng,ENG,3.8,10189,9563
9565,Winter Stroll (Winter #2),Elin Hilderbrand,unknown,UNKNOWN,3.7,8397,9564
9566,Attack of the Deranged Mutant Killer Monster Snow Goons,Bill Watterson,eng,ENG,4.72,9713,9565
9567,"Crewel (Crewel World, #1)",Gennifer Albin,eng,ENG,3.74,14101,9566
9568,Helmet for My Pillow,Robert Leckie,unknown,UNKNOWN,4.13,7907,9567
9569,The Hate U Give,Angie Thomas,eng,ENG,4.62,32610,9568
9570,المانيفستو,مصطفى إبراهيم,ara,ARA,4.21,7943,9569
9571,"Dynasty of Evil (Star Wars: Darth Bane, #3)",Drew Karpyshyn,eng,ENG,4.24,9004,9570
9572,Love Left Behind,S.H. Kolee,eng,ENG,4.0,15967,9571
9573,Keep Holding On,Susane Colasanti,en-US,EN-US,3.85,11397,9572
9574,The Private Patient (Adam Dalgliesh #14),P.D. James,eng,ENG,3.78,10461,9573
9575,"Flag in Exile (Honor Harrington, #5)",David Weber,eng,ENG,4.22,11587,9574
9576,The Medium is the Massage,"Marshall McLuhan, Quentin Fiore, Jerome Agel",en-US,EN-US,3.95,8351,9575
9577,"The Chronicles of Pern: First Fall (Pern, #12)",Anne McCaffrey,eng,ENG,4.02,11762,9576
9578,"Berserk, Vol. 1 (Berserk, #1)","Kentaro Miura, Jason DeAngelis",eng,ENG,4.37,10362,9577
9579,The Autograph Man,Zadie Smith,eng,ENG,3.14,8317,9578
9580,Egomaniac,Vi Keeland,unknown,UNKNOWN,4.34,11310,9579
9581,"Courageous (The Lost Fleet, #3)",Jack Campbell,unknown,UNKNOWN,3.96,10933,9580
9582,Ruby,Cynthia Bond,unknown,UNKNOWN,3.63,6749,9581
9583,"My Soul to Steal (Soul Screamers, #4)",Rachel Vincent,en-US,EN-US,4.13,14593,9582
9584,"On the Way to the Wedding (Bridgertons, #8)",Julia Quinn,eng,ENG,3.83,16310,9583
9585,"Messenger of Truth (Maisie Dobbs, #4)",Jacqueline Winspear,unknown,UNKNOWN,3.99,12454,9584
9586,"The Rogue (Traitor Spy Trilogy, #2)",Trudi Canavan,eng,ENG,4.02,9739,9585
9587,The Seven Storey Mountain,"Thomas Merton, Robert Giroux, William H. Shannon",en-US,EN-US,4.16,9232,9586
9588,The Keep,Jennifer Egan,eng,ENG,3.43,9113,9587
9589,Scaredy Squirrel (Scaredy Squirrel),Mélanie Watt,eng,ENG,4.25,11638,9588
9590,Apathy and Other Small Victories,Paul Neilan,unknown,UNKNOWN,3.83,7171,9589
9591,"Gathering Darkness (Falling Kingdoms, #3)","Morgan Rhodes, Michelle Rowen",eng,ENG,4.33,13072,9590
9592,The Survivors Club,Lisa Gardner,eng,ENG,4.05,11458,9591
9593,Mine to Possess (Psy-Changeling #4),Nalini Singh,eng,ENG,4.13,18617,9592
9594,Don't Breathe a Word,Jennifer McMahon,en-US,EN-US,3.58,10585,9593
9595,The Force Awakens (Star Wars),"Alan Dean Foster, Lawrence Kasdan, J.J. Abrams, Michael Arndt",eng,ENG,3.73,7514,9594
9596,"Sugar and Spice (L.A. Candy, #3)",Lauren Conrad,en-US,EN-US,3.54,10488,9595
9597,"Grave Dance (Alex Craft, #2)",Kalayna Price,eng,ENG,4.11,16435,9596
9598,"Soul Eater, Vol. 02 (Soul Eater, #2)",Atsushi Ohkubo,eng,ENG,4.47,9443,9597
9599,Z for Zachariah,Robert C. O'Brien,eng,ENG,3.64,9332,9598
9600,Await Your Reply,Dan Chaon,eng,ENG,3.54,10598,9599
9601,Superman: Whatever Happened to the Man of Tomorrow?,"Alan Moore, Curt Swan, George Pérez, Kurt Schaffenberger",eng,ENG,4.14,10472,9600
9602,"Track of the Cat (Anna Pigeon, #1)",Nevada Barr,en-GB,EN-GB,3.86,12113,9601
9603,"The Mane Event (Pride, #1)",Shelly Laurenston,eng,ENG,3.96,17968,9602
9604,"Lawrence in Arabia: War, Deceit, Imperial Folly, and the Making of the Modern Middle East",Scott Anderson,eng,ENG,4.12,7654,9603
9605,Essays and Poems,"Ralph Waldo Emerson, Peter Norberg",unknown,UNKNOWN,3.98,11864,9604
9606,Innocent Erendira and Other Stories,"Gabriel García Márquez, Gregory Rabassa",unknown,UNKNOWN,3.89,5497,9605
9607,"Singularity Sky (Eschaton, #1)",Charles Stross,eng,ENG,3.81,9887,9606
9608,Henry & Ramona,Cynthia J. McGean,unknown,UNKNOWN,4.14,11106,9607
9609,"The White Rose (The Chronicles of the Black Company, #3)",Glen Cook,en-US,EN-US,4.19,11501,9608
9610,"""حكايات فرغلي المستكاوي ""حكايتى مع كفر السحلاوية",حسن الجندي,ara,ARA,3.57,7443,9609
9611,"All Fall Down (Embassy Row, #1)",Ally Carter,eng,ENG,3.82,13821,9610
9612,The Charterhouse of Parma,"Stendhal, Richard Howard, Robert Andrew Parker",eng,ENG,3.83,9252,9611
9613,Little Mercies,Heather Gudenkauf,eng,ENG,3.99,10268,9612
9614,"The Faithful Spy (John Wells, #1)",Alex Berenson,en-US,EN-US,3.97,9316,9613
9615,Snowflake Bentley,"Jacqueline Briggs Martin, Mary Azarian",en-US,EN-US,4.16,11362,9614
9616,The Book of Luke,Jenny O'Connell,en-US,EN-US,3.73,12623,9615
9617,"Fame (Firstborn, #1)",Karen Kingsbury,en-US,EN-US,4.34,10509,9616
9618,"Dragon Actually (Dragon Kin, #1)",G.A. Aiken,eng,ENG,3.96,18622,9617
9619,"Bad Romeo (Starcrossed, #1)",Leisa Rayven,eng,ENG,4.1,14286,9618
9620,The Complete Poems 1927-1979,Elizabeth Bishop,eng,ENG,4.19,9629,9619
9621,Day After Night,Anita Diamant,en-US,EN-US,3.65,10587,9620
9622,"Jarka Ruus (High Druid of Shannara, #1)",Terry Brooks,eng,ENG,3.96,11017,9621
9623,"Look Homeward, Angel",Thomas Wolfe,eng,ENG,3.94,9630,9622
9624,Cradle to Cradle: Remaking the Way We Make Things,"William McDonough, Michael Braungart",en-US,EN-US,4.1,7625,9623
9625,"Healthy Sleep Habits, Happy Child",Marc Weissbluth,en-US,EN-US,3.9,7742,9624
9626,"Transmetropolitan, Vol. 4: The New Scum (Transmetropolitan, #4)","Warren Ellis, Darick Robertson, Rodney Ramos, Keith Akin",eng,ENG,4.41,11094,9625
9627,The Hand That First Held Mine,Maggie O'Farrell,eng,ENG,3.87,8513,9626
9628,The Fourth Estate,Jeffrey Archer,eng,ENG,3.72,8829,9627
9629,The Man Who Listens to Horses,"Monty Roberts, Lucy Grealy, Lawrence Scanlan",en-US,EN-US,4.1,9021,9628
9630,Oblivion,David Foster Wallace,en-US,EN-US,4.07,9196,9629
9631,"Holy Blood, Holy Grail","Michael Baigent, Richard Leigh, Henry Lincoln",eng,ENG,3.47,8450,9630
9632,Falling Man,"Don DeLillo, محمدصادق رئیسی",eng,ENG,3.2,9081,9631
9633,"The Calling (Endgame, #1)","James Frey, Nils Johnson-Shelton",eng,ENG,3.77,10900,9632
9634,"Annabel (Delirium, #0.5)",Lauren Oliver,unknown,UNKNOWN,3.78,13619,9633
9635,"Mystery (Alex Delaware, #26)",Jonathan Kellerman,en-US,EN-US,3.87,9396,9634
9636,"The Sea of Trolls (Sea of Trolls, #1)",Nancy Farmer,eng,ENG,4.0,12069,9635
9637,The Man from Beijing,"Henning Mankell, Laurie Thompson",eng,ENG,3.47,9106,9636
9638,"Day 21 (The 100, #2)",Kass Morgan,eng,ENG,3.75,11860,9637
9639,Daisy Fay and the Miracle Man ,Fannie Flagg,eng,ENG,3.94,10292,9638
9640,"Against All Enemies (Max Moore, #1)","Tom Clancy, Peter Telep",eng,ENG,3.95,8471,9639
9641,The Girl in the Red Coat,Kate Hamer,eng,ENG,3.53,8027,9640
9642,Keep the Aspidistra Flying,George Orwell,eng,ENG,3.87,9599,9641
9643,"The Gate Thief (Mither Mages, #2)",Orson Scott Card,en-US,EN-US,3.77,9209,9642
9644,"My Lady Jane (The Lady Janies, #1)","Cynthia Hand, Brodi Ashton, Jodi Meadows",eng,ENG,4.12,12794,9643
9645,Time's Arrow,Martin Amis,eng,ENG,3.78,9400,9644
9646,"Blood Defense (Samantha Brinkman, #1)",Marcia Clark,eng,ENG,3.81,11761,9645
9647,I Am the Cheese,Robert Cormier,en-GB,EN-GB,3.74,11099,9646
9648,Soul on Ice,Eldridge Cleaver,en-GB,EN-GB,3.95,10123,9647
9649,Ethics,"Baruch Spinoza, Edwin M. Curley, Stuart Hampshire, Edwin Curley",unknown,UNKNOWN,4.01,9342,9648
9650,Nine Parts of Desire: The Hidden World of Islamic Women,Geraldine Brooks,unknown,UNKNOWN,4.04,10308,9649
9651,You'll Grow Out of It,Jessi Klein,eng,ENG,3.83,9480,9650
9652,"Truce (Neighbor from Hell, #4)",R.L. Mathewson,eng,ENG,4.34,18854,9651
9653,"The Elvenbane (Halfblood Chronicles, #1)","Andre Norton, Mercedes Lackey",eng,ENG,3.94,13092,9652
9654,"The Midnight Palace (Niebla, #2)","Carlos Ruiz Zafón, Lucia Graves",unknown,UNKNOWN,3.58,7784,9653
9655,"Treasure (Dirk Pitt, #9)",Clive Cussler,en-US,EN-US,3.92,10784,9654
9656,"Vampire, Interrupted (Argeneau #9)",Lynsay Sands,eng,ENG,4.32,15899,9655
9657,"Invisible Prey (Lucas Davenport, #17)",John Sandford,eng,ENG,4.11,11162,9656
9658,"The Prefect (Prefect Dreyfus Emergency, #1)",Alastair Reynolds,eng,ENG,4.15,9946,9657
9659,Daughter,Jane Shemilt,en-US,EN-US,3.51,7462,9658
9660,"DC: The New Frontier, Volume 1","Darwyn Cooke, Dave Stewart, Jared K. Fletcher",eng,ENG,4.17,9601,9659
9661,"Hello, Mrs. Piggle-Wiggle (Mrs. Piggle Wiggle, #4)","Betty MacDonald, Alexandra Boiger",eng,ENG,4.24,13000,9660
9662,"Web of Lies (Elemental Assassin, #2)",Jennifer Estep,en-US,EN-US,4.1,17312,9661
9663,Ya Yas in Bloom,Rebecca Wells,unknown,UNKNOWN,3.6,10200,9662
9664,"The Secret of the Unicorn (Tintin, #11)",Hergé,eng,ENG,4.26,8925,9663
9665,"Judy Moody (Judy Moody, # 1)","Megan McDonald, Peter H. Reynolds",eng,ENG,3.92,11289,9664
9666,Dataclysm: Who We Are (When We Think No One's Looking),Christian Rudder,eng,ENG,3.72,7204,9665
9667,The Gay Science,"Friedrich Nietzsche, Walter Kaufmann",eng,ENG,4.26,8655,9666
9668,"The Broken Kingdoms (Inheritance, #2)",N.K. Jemisin,eng,ENG,4.04,12259,9667
9669,"The Three (The Three, #1)",Sarah Lotz,eng,ENG,3.32,7990,9668
9670,Trump: The Art of the Deal,"Donald J. Trump, Tony Schwartz",en-US,EN-US,3.66,8768,9669
9671,"First Term at Malory Towers (Malory Towers, #1)",Enid Blyton,eng,ENG,4.07,10274,9670
9672,"The Night Is for Hunting (Tomorrow, #6)",John Marsden,eng,ENG,4.15,10908,9671
9673,"Fruits Basket, Vol. 3","Natsuki Takaya, Alethea Nibley, Athena Nibley",en-US,EN-US,4.38,14593,9672
9674,After Anna,Alex Lake,en-US,EN-US,3.7,11029,9673
9675,House Corrino (Prelude to Dune #3),"Brian Herbert, Kevin J. Anderson",eng,ENG,3.64,10682,9674
9676,"Fantasy in Death (In Death, #30)",J.D. Robb,eng,ENG,4.25,14244,9675
9677,"The Devil You Know (Felix Castor, #1)",Mike Carey,en-US,EN-US,3.8,11375,9676
9678,"Tempting the Player (Gamble Brothers, #2)","J. Lynn, Jennifer L. Armentrout",unknown,UNKNOWN,4.06,16997,9677
9679,The Upanishads: Translations from the Sanskrit,"Anonymous, Juan Mascaró",eng,ENG,4.2,7365,9678
9680,"Thrive: The Third Metric to Redefining Success and Creating a Life of Well-Being, Wisdom, and Wonder",Arianna Huffington,eng,ENG,3.68,8261,9679
9681,"Crow's Row (Crow's Row, #1)",Julie Hockley,eng,ENG,4.11,16741,9680
9682,"H.I.V.E. Higher Institute of Villainous Education (H.I.V.E., #1)",Mark Walden,en-US,EN-US,4.06,10881,9681
9683,صانع الظلام,تامر إبراهيم,ara,ARA,3.81,8825,9682
9684,The Law of Nines,Terry Goodkind,en-US,EN-US,3.6,9421,9683
9685,Cape Fear,John D. MacDonald,unknown,UNKNOWN,4.07,10006,9684
9686,"Five Go Adventuring Again (Famous Five, #2)",Enid Blyton,eng,ENG,3.99,10362,9685
9687,"Forsaken (The Demon Trappers, #1)",Jana Oliver,eng,ENG,4.0,13585,9686
9688,The Places That Scare You: A Guide to Fearlessness in Difficult Times,Pema Chödrön,unknown,UNKNOWN,4.3,8344,9687
9689,A Death in the Family,James Agee,eng,ENG,3.92,10900,9688
9690,Frida Kahlo: 1907-1954 Pain and Passion,Andrea Kettenmann,unknown,UNKNOWN,4.15,8260,9689
9691,The Mistress of Spices,Chitra Banerjee Divakaruni,unknown,UNKNOWN,3.48,9263,9690
9692,"Falling Under (Falling Under, #1)",Gwen Hayes,eng,ENG,3.78,15637,9691
9693,"Forever You (Forever, #2)",Sandi Lynn,eng,ENG,4.19,15986,9692
9694,"The House on Tradd Street (Tradd Street, #1)",Karen   White,eng,ENG,3.96,12311,9693
9695,"Wild Ones, Vol. 1 (Wild Ones, #1)",Kiyo Fujiwara,en-US,EN-US,4.03,10738,9694
9696,"Perfect Shadow (Night Angel, #0.5)",Brent Weeks,eng,ENG,4.18,9029,9695
9697,"The Finding (Law of the Lycans, #5)",Nicky Charles,eng,ENG,4.18,11174,9696
9698,I Can Read With My Eyes Shut!,Dr. Seuss,en-GB,EN-GB,4.17,13821,9697
9699,Nemesis,Isaac Asimov,eng,ENG,3.75,10788,9698
9700,"The First 90 Days, Updated and Expanded: Critical Success Strategies for New Leaders at All Levels",Michael D. Watkins,eng,ENG,3.81,5490,9699
9701,Lost Stars (Star Wars: Journey to the Force Awakens),Claudia Gray,eng,ENG,4.25,8861,9700
9702,"Carry On, Mr. Bowditch",Jean Lee Latham,eng,ENG,4.11,11933,9701
9703,"Hard Limit (Hacker, #4)",Meredith Wild,unknown,UNKNOWN,4.34,4754,9702
9704,"The Pretty Committee Strikes Back (The Clique, #5)",Lisi Harrison,unknown,UNKNOWN,3.84,12307,9703
9705,The Lake (The Lake Trilogy #1),AnnaLisa Grant,eng,ENG,3.75,8057,9704
9706,"Jake Undone (Jake, #1)",Penelope Ward,eng,ENG,4.15,14870,9705
9707,Wit,Margaret Edson,en-US,EN-US,4.2,10601,9706
9708,"Dial L for Loser (The Clique, #6)",Lisi Harrison,unknown,UNKNOWN,3.8,11736,9707
9709,The Hunger Pains: A Parody,The Harvard Lampoon,en-GB,EN-GB,3.89,8619,9708
9710,"The Rats (Rats, #1)",James Herbert,eng,ENG,3.92,10517,9709
9711,"The Wandering Fire (The Fionavar Tapestry, #2)",Guy Gavriel Kay,en-US,EN-US,4.11,11935,9710
9712,"Magic Binds (Kate Daniels, #9)",Ilona Andrews,eng,ENG,4.57,10983,9711
9713,"The Wild Ones (The Wild Ones, #1)",M. Leighton,eng,ENG,3.94,16160,9712
9714,The River Why,David James Duncan,unknown,UNKNOWN,4.24,7735,9713
9715,Incendiary,Chris Cleave,eng,ENG,3.59,8718,9714
9716,Hammer of the Gods,Stephen Davis,en-US,EN-US,3.83,8226,9715
9717,Winter in Madrid,C.J. Sansom,eng,ENG,3.79,8629,9716
9718,"Happier at Home: Kiss More, Jump More, Abandon a Project, Read Samuel Johnson, and My Other Experiments in the Practice of Everyday Life","Gretchen Rubin, Käthe Mazur",eng,ENG,3.48,6058,9717
9719,Silver Bay,Jojo Moyes,eng,ENG,3.62,9008,9718
9720,The Invention of Morel,"Adolfo Bioy Casares, Suzanne Jill Levine, Jorge Luis Borges, Ruth L.C. Simms, Norah Borges de Torre",eng,ENG,4.05,8669,9719
9721,The Fall of Berlin 1945,Antony Beevor,eng,ENG,4.27,8443,9720
9722,The Water-Method Man,John Irving,unknown,UNKNOWN,3.34,9725,9721
9723,"A War of Gifts (Ender's Saga, #1.1)",Orson Scott Card,en-US,EN-US,3.66,11643,9722
9724,"Captain Underpants and the Perilous Plot of Professor Poopypants (Captain Underpants, #4)",Dav Pilkey,en-GB,EN-GB,4.12,9566,9723
9725,"UnDivided (Unwind, #4)",Neal Shusterman,eng,ENG,4.48,11403,9724
9726,The Empathy Exams: Essays,Leslie Jamison,eng,ENG,3.62,9280,9725
9727,"Heretic (The Grail Quest, #3)",Bernard Cornwell,unknown,UNKNOWN,4.11,8916,9726
9728,"Bay of Sighs (The Guardians Trilogy, #2)",Nora Roberts,eng,ENG,4.15,6822,9727
9729,"The Duchess War (Brothers Sinister, #1)",Courtney Milan,eng,ENG,3.82,12494,9728
9730,"Millennium Snow, Vol. 1",Bisco Hatori,en-US,EN-US,4.04,11293,9729
9731,Double Whammy,Carl Hiaasen,eng,ENG,3.92,9622,9730
9732,Economics in One Lesson: The Shortest & Surest Way to Understand Basic Economics,Henry Hazlitt,unknown,UNKNOWN,4.22,9028,9731
9733,"Darker After Midnight (Midnight Breed, #10)",Lara Adrian,eng,ENG,4.37,14264,9732
9734,"Mad Dogs (Cherub, #8)",Robert Muchamore,eng,ENG,4.25,10258,9733
9735,"Lines of Departure (Frontlines, #2)",Marko Kloos,eng,ENG,4.08,5110,9734
9736,Be Frank With Me,Julia Claiborne Johnson,eng,ENG,3.9,9044,9735
9737,Better than Life (Red Dwarf #2),Grant Naylor,eng,ENG,4.05,9213,9736
9738,"Dirty (Dive Bar, #1)",Kylie Scott,eng,ENG,3.92,13948,9737
9739,Halo: Ghosts of Onyx,Eric S. Nylund,en-US,EN-US,4.15,7997,9738
9740,"Percy Jackson and the Sword of Hades (Percy Jackson and the Olympians, #4.5)",Rick Riordan,unknown,UNKNOWN,4.28,14502,9739
9741,"The Walking Dead, Vol. 13: Too Far Gone","Robert Kirkman, Charlie Adlard, Cliff Rathburn",unknown,UNKNOWN,4.23,11521,9740
9742,"Mates, Dates, and Inflatable Bras (Mates, Dates, #1)",Cathy Hopkins,eng,ENG,3.73,10270,9741
9743,Going After Cacciato,Tim O'Brien,eng,ENG,3.9,9188,9742
9744,"Little House on Rocky Ridge (Little House: The Rocky Ridge Years, #1)","Roger Lea MacBride, David Gilleece",en-US,EN-US,3.83,14135,9743
9745,"Not Quite Dating (Not Quite, #1)",Catherine Bybee,eng,ENG,3.88,7880,9744
9746,In a People House,"Dr. Seuss, Theo LeSieg, Roy McKie",eng,ENG,4.13,11977,9745
9747,"Kindred in Death (In Death, #29)",J.D. Robb,eng,ENG,4.31,13207,9746
9748,Lucky You,Carl Hiaasen,en-GB,EN-GB,3.84,9144,9747
9749,Hunters of Dune (Dune Chronicles #7),"Brian Herbert, Kevin J. Anderson",en-US,EN-US,3.62,9121,9748
9750,"Deep Down Dark: The Untold Stories of 33 Men Buried in a Chilean Mine, and the Miracle That Set Them Free",Héctor Tobar,eng,ENG,3.9,6123,9749
9751,How Should We Then Live? The Rise and Decline of Western Thought and Culture,Francis A. Schaeffer,unknown,UNKNOWN,4.16,9124,9750
9752,Belzhar,Meg Wolitzer,unknown,UNKNOWN,3.46,10432,9751
9753,The Story of Ruby Bridges,"Robert Coles, George Ford",eng,ENG,4.41,9703,9752
9754,Invitation to a Beheading,Vladimir Nabokov,eng,ENG,3.94,8812,9753
9755,"Debt Inheritance (Indebted, #1)",Pepper Winters,eng,ENG,3.79,14713,9754
9756,The Midwife of Hope River,Patricia Harman,eng,ENG,4.0,7736,9755
9757,"Stand Tall, Molly Lou Melon","Patty Lovell, David Catrow",en-US,EN-US,4.39,11397,9756
9758,The Complete Robot (Robot #0.3),Isaac Asimov,eng,ENG,4.34,10362,9757
9759,Another Bullshit Night in Suck City,Nick Flynn,eng,ENG,3.77,8441,9758
9760,"The Covenant (Abram's Daughters, #1)",Beverly  Lewis,unknown,UNKNOWN,4.12,9408,9759
9761,How Green Was My Valley,Richard Llewellyn,eng,ENG,4.16,10648,9760
9762,Rich Dad's Guide to Investing: What the Rich Invest in That the Poor and Middle Class Do Not!,"Robert T. Kiyosaki, Sharon L. Lechter",unknown,UNKNOWN,3.94,7950,9761
9763,The Chosen One,Carol Lynch Williams,eng,ENG,3.85,12865,9762
9764,The Negotiator,Frederick Forsyth,eng,ENG,3.95,8683,9763
9765,"The Power of Full Engagement: Managing Energy, Not Time, Is the Key to High Performance and Personal Renewal","Jim Loehr, Tony Schwartz",eng,ENG,4.03,8437,9764
9766,The Decline and Fall of the Roman Empire,"Edward Gibbon, Daniel J. Boorstin, Gian Battista Piranesi, Hans-Friedrich Mueller",eng,ENG,3.96,8182,9765
9767,Ox-Cart Man (Picture Puffin),"Donald Hall, Barbara Cooney",eng,ENG,4.03,12019,9766
9768,"Wild Seed (Patternmaster, #1)",Octavia E. Butler,eng,ENG,4.22,9711,9767
9769,The Summer I Turned Pretty Trilogy: The Summer I Turned Pretty; It's Not Summer Without You; We'll Always Have Summer,Jenny Han,eng,ENG,4.46,9308,9768
9770,مخطوطة بن إسحاق: مدينة الموتى,حسن الجندي,ara,ARA,3.76,8103,9769
9771,Those Girls,Chevy Stevens,unknown,UNKNOWN,3.85,10253,9770
9772,The Amateur Marriage,Anne Tyler,unknown,UNKNOWN,3.59,11527,9771
9773,"The Voyages of Doctor Dolittle (Doctor Dolittle, #2)","Hugh Lofting, Michael Hague",unknown,UNKNOWN,4.0,11534,9772
9774,"Mortal Coil (Skulduggery Pleasant, #5)",Derek Landy,eng,ENG,4.48,10972,9773
9775,"Sweet Tooth, Volume 1: Out of the Deep Woods","Jeff Lemire, José Villarrubia, Carlos M. Mangual",eng,ENG,3.9,11306,9774
9776,"Seventh Grave and No Body (Charley Davidson, #7)",Darynda Jones,eng,ENG,4.4,13598,9775
9777,Half Way Home,Hugh Howey,en-GB,EN-GB,3.7,5012,9776
9778,Captain Blood,Rafael Sabatini,eng,ENG,4.16,9714,9777
9779,Iron Man: Extremis,"Warren Ellis, Adi Granov",eng,ENG,4.08,9338,9778
9780,Necronomicon: The Best Weird Tales,"H.P. Lovecraft, Les Edwards, Stephen Jones",en-GB,EN-GB,4.29,8344,9779
9781,Maid-sama! Vol. 02 (Maid-sama! #2),Hiro Fujiwara,eng,ENG,4.53,9843,9780
9782,"The Remaining (The Remaining, #1)",D.J. Molles,eng,ENG,4.08,8306,9781
9783,"Batman, Volume 3: Death of the Family","Scott Snyder, Greg Capullo, Jonathan Glapion",eng,ENG,4.33,8229,9782
9784,Selected Poems,"E.E. Cummings, Richard S. Kennedy",eng,ENG,4.22,11174,9783
9785,La Mécanique du cœur,Mathias Malzieu,fre,FRE,3.6,5497,9784
9786,The Good Father,Diane Chamberlain,eng,ENG,3.94,10068,9785
9787,We Are Called to Rise,Laura  McBride,eng,ENG,3.94,5687,9786
9788,Hope: A Memoir of Survival in Cleveland,"Amanda Berry, Gina DeJesus, Mary Jordan, Kevin Sullivan",eng,ENG,4.27,3799,9787
9789,"Night Probe! (Dirk Pitt, #6)",Clive Cussler,eng,ENG,3.89,10705,9788
9790,The Story of B: An Adventure of the Mind and Spirit,Daniel Quinn,eng,ENG,4.11,7730,9789
9791,A Window Opens,Elisabeth Egan,eng,ENG,3.53,8544,9790
9792,The Knockoff,"Lucy Sykes, Jo Piazza",unknown,UNKNOWN,3.63,7861,9791
9793,Strangers on a Train,Patricia Highsmith,eng,ENG,3.82,9788,9792
9794,Unless,Carol Shields,eng,ENG,3.63,9822,9793
9795,"Silent in the Grave (Lady Julia Grey, #1)",Deanna Raybourn,eng,ENG,3.91,13731,9794
9796,"A Kiss for Little Bear (An I Can Read Book) by Minarik, Else Holmelund [1984]","Else Holmelund Minarik, Maurice Sendak",unknown,UNKNOWN,4.31,11063,9795
9797,"Command Authority (Jack Ryan Universe, #16)","Tom Clancy, Mark Greaney",eng,ENG,4.08,6805,9796
9798,"Bleach, Volume 03",Tite Kubo,eng,ENG,4.31,11365,9797
9799,"The Space Between (Outlander, #7.5)",Diana Gabaldon,eng,ENG,4.22,10814,9798
9800,Cinderella,"Loek Koopmans, Charles Perrault, Anthea Bell",eng,ENG,4.22,9836,9799
9801,Zoya,Danielle Steel,unknown,UNKNOWN,3.95,10358,9800
9802,Rump: The True Story of Rumpelstiltskin,Liesl Shurtliff,eng,ENG,4.04,11376,9801
9803,The Berenstain Bears and Too Much TV,"Stan Berenstain, Jan Berenstain",eng,ENG,4.0,11036,9802
9804,"Heartstone (Matthew Shardlake, #5)",C.J. Sansom,eng,ENG,4.31,8297,9803
9805,Open Season,Linda Howard,eng,ENG,4.01,14653,9804
9806,"One Piece, Volume 38: Rocketman!! (One Piece, #38)",Eiichirō Oda,unknown,UNKNOWN,4.63,8441,9805
9807,"Corrupt (Devil's Night, #1)","Penelope Douglas, Jeremy York, Tatiana Sokolov",en-CA,EN-CA,4.04,13760,9806
9808,The Center Cannot Hold: My Journey Through Madness,Elyn R. Saks,eng,ENG,4.22,7533,9807
9809,Spark Joy: An Illustrated Master Class on the Art of Organizing and Tidying Up,Marie Kondō,eng,ENG,3.82,10483,9808
9810,The Afghan,Frederick Forsyth,eng,ENG,3.64,7792,9809
9811,"The Bite Before Christmas (Argeneau, #15.5; Night Huntress, #6.5)","Lynsay Sands, Jeaniene Frost",eng,ENG,4.16,14209,9810
9812,Frederica,Georgette Heyer,eng,ENG,4.15,12198,9811
9813,Perfect,Natasha Friend,eng,ENG,3.77,11497,9812
9814,"Champions of the Force (Star Wars: The Jedi Academy Trilogy, #3)",Kevin J. Anderson,eng,ENG,3.67,10605,9813
9815,Martha Stewart's Cupcakes: 175 Inspired Ideas for Everyone's Favorite Treat,Martha Stewart,unknown,UNKNOWN,4.11,8317,9814
9816,Neighbor Dearest,Penelope Ward,unknown,UNKNOWN,4.23,10891,9815
9817,Vampires are Forever (Argeneau #8),Lynsay Sands,en-US,EN-US,4.25,15403,9816
9818,The Lion King (Disney's Wonderful World of Reading),Justine Korman Fontes,eng,ENG,4.48,9247,9817
9819,Two Years Before the Mast: A Sailor's Life at Sea,Richard Henry Dana Jr.,eng,ENG,3.96,8492,9818
9820,"Think Twice (Rosato & Associates, #11)",Lisa Scottoline,en-US,EN-US,3.62,10211,9819
9821,The Art of Amy Brown,"Amy Brown, Charles  de Lint",unknown,UNKNOWN,4.04,8637,9820
9822,Owl Babies,"Martin Waddell, Patrick Benson",en-GB,EN-GB,4.19,11299,9821
9823,The Turner House,Angela Flournoy,eng,ENG,3.64,8645,9822
9824,Danger in the Shadows (O'Malley #0.5),Dee Henderson,eng,ENG,4.33,10333,9823
9825,Trouble,Samantha Towle,eng,ENG,4.0,13959,9824
9826,Animal-Speak: The Spiritual & Magical Powers of Creatures Great & Small,"Ted Andrews, Winston Allen, Margaret K. Andrews",eng,ENG,4.25,8581,9825
9827,"Summer on Blossom Street (Blossom Street, #6)",Debbie Macomber,eng,ENG,4.19,10681,9826
9828,Whitethorn Woods,Maeve Binchy,eng,ENG,3.59,10409,9827
9829,طه الغريب,محمد صادق,ara,ARA,3.67,7662,9828
9830,Broken for You,Stephanie Kallos,eng,ENG,3.8,10014,9829
9831,White Girl Problems,Babe Walker,en-GB,EN-GB,3.73,8242,9830
9832,"Birdman (Jack Caffery, #1)",Mo Hayder,unknown,UNKNOWN,3.88,9726,9831
9833,Turn Right at Machu Picchu: Rediscovering the Lost City One Step at a Time,Mark    Adams,en-US,EN-US,3.8,8650,9832
9834,The Map That Changed the World,Simon Winchester,eng,ENG,3.81,9131,9833
9835,"Lake in the Clouds (Wilderness, #3)",Sara Donati,eng,ENG,4.31,9223,9834
9836,"Tyrant (King, #2)",T.M. Frazier,eng,ENG,4.39,18258,9835
9837,Grasshopper Jungle,Andrew  Smith,eng,ENG,3.66,11890,9836
9838,"The Chronicles of Narnia - The Lion, the Witch, and the Wardrobe Official Illustrated Movie Companion","Perry Moore, Andrew Adamson, C.S. Lewis",en-US,EN-US,4.48,7328,9837
9839,Antigone,Jean Anouilh,unknown,UNKNOWN,3.8,10449,9838
9840,Crooked Little Lies,Barbara Taylor Sissel,unknown,UNKNOWN,3.52,7668,9839
9841,Blackberry Wine,Joanne Harris,en-US,EN-US,3.78,9558,9840
9842,Humans of New York: Stories,Brandon Stanton,eng,ENG,4.5,12527,9841
9843,"The Other Side of Dawn (Tomorrow, #7)",John Marsden,unknown,UNKNOWN,4.21,10443,9842
9844,"Life Before Legend: Stories of the Criminal and the Prodigy (Legend, #0.5)",Marie Lu,eng,ENG,4.02,13933,9843
9845,"Never Seduce a Scot (The Montgomerys and Armstrongs, #1)",Maya Banks,eng,ENG,4.19,15968,9844
9846,The Tiger Who Came to Tea,Judith Kerr,unknown,UNKNOWN,4.23,10229,9845
9847,"Without You, There Is No Us: My Time with the Sons of North Korea's Elite",Suki Kim,unknown,UNKNOWN,3.85,8164,9846
9848,"A Civil Campaign (Vorkosigan Saga, #12)",Lois McMaster Bujold,eng,ENG,4.43,11823,9847
9849,"The Wolves of Willoughby Chase (The Wolves Chronicles, #1)","Joan Aiken, Pat Marriott",unknown,UNKNOWN,4.08,13463,9848
9850,The Egg,Andy Weir,eng,ENG,4.13,10238,9849
9851,"Vampire Knight, Vol. 3 (Vampire Knight, #3)","Matsuri Hino, Tomo Kimura",eng,ENG,4.27,13327,9850
9852,The Scarlatti Inheritance,Robert Ludlum,unknown,UNKNOWN,3.82,9934,9851
9853,Bad Kitty,Nick Bruel,en-US,EN-US,4.18,10884,9852
9854,The Last Days of Dogtown,Anita Diamant,unknown,UNKNOWN,3.39,8216,9853
9855,A Kiss in Time,Alex Flinn,en-US,EN-US,3.77,15684,9854
9856,"Mummies in the Morning (Magic Tree House, #3)","Mary Pope Osborne, Salvatore Murdocca",eng,ENG,3.86,12551,9855
9857,Desolation Angels,"Jack Kerouac, Joyce Johnson",en-US,EN-US,3.92,8861,9856
9858,هشت کتاب,سهراب سپهری,per,PER,4.08,4769,9857
9859,"Beacon 23: The Complete Novel (Beacon 23, #1-5)",Hugh Howey,eng,ENG,3.9,5140,9858
9860,The Last Picture Show,Larry McMurtry,eng,ENG,3.95,9727,9859
9861,A Countess Below Stairs,Eva Ibbotson,en-US,EN-US,3.88,14422,9860
9862,Nocturnes: Five Stories of Music and Nightfall,Kazuo Ishiguro,eng,ENG,3.4,8729,9861
9863,"The Stainless Steel Rat (Stainless Steel Rat, #4)",Harry Harrison,eng,ENG,3.93,10285,9862
9864,Austerlitz,"W.G. Sebald, Anthea Bell",en-GB,EN-GB,4.04,8267,9863
9865,"Money, and the Law of Attraction: Learning to Attract Wealth, Health, and Happiness","Esther Hicks, Jerry Hicks",unknown,UNKNOWN,4.24,8099,9864
9866,A Twist in the Tale,Jeffrey Archer,en-US,EN-US,3.85,8978,9865
9867,Copper Sun,Sharon M. Draper,eng,ENG,4.3,9795,9866
9868,"The Rowan (The Tower and the Hive, #1)",Anne McCaffrey,eng,ENG,4.02,12760,9867
9869,"Then Came You (The Gamblers, #1)",Lisa Kleypas,eng,ENG,3.99,17171,9868
9870,"Dark River (Warriors: Power of Three, #2)",Erin Hunter,unknown,UNKNOWN,4.27,13323,9869
9871,"Black Cherry Blues (Dave Robicheaux, #3)",James Lee Burke,en-US,EN-US,4.17,9658,9870
9872,The Versions of Us,Laura  Barnett,eng,ENG,3.57,8477,9871
9873,"The Last Council (Amulet, #4)",Kazu Kibuishi,eng,ENG,4.39,11957,9872
9874,Dancing Wu Li Masters: An Overview of the New Physics (Perennial Classics),Gary Zukav,en-US,EN-US,4.02,7739,9873
9875,The Next Big Thing,Johanna Edwards,unknown,UNKNOWN,3.68,8907,9874
9876,"Froi of the Exiles (Lumatere Chronicles, #2)",Melina Marchetta,eng,ENG,4.3,12775,9875
9877,"Trumps of Doom (The Chronicles of Amber, #6)",Roger Zelazny,eng,ENG,4.06,11282,9876
9878,The Honest Truth About Dishonesty: How We Lie to Everyone - Especially Ourselves,Dan Ariely,eng,ENG,3.91,8423,9877
9879,"Locked On (Jack Ryan Universe, #14)","Tom Clancy, Mark Greaney",eng,ENG,3.99,7974,9878
9880,Meant to Be,Lauren Morrill,eng,ENG,3.72,13803,9879
9881,The Illustrated Mum,"Jacqueline Wilson, Nick Sharratt",eng,ENG,3.74,10763,9880
9882,Afterworlds (Afterworlds #1),Scott Westerfeld,eng,ENG,3.72,13813,9881
9883,The Bookman’s Tale,Charlie Lovett,eng,ENG,3.74,10154,9882
9884,Горе от ума,"Aleksandr Griboyedov, Александр Сергеевич Грибоедов",rus,RUS,4.13,9287,9883
9885,I'll Walk Alone,Mary Higgins Clark,en-US,EN-US,3.78,9794,9884
9886,"13 Gifts (Willow Falls, #3)",Wendy Mass,eng,ENG,4.25,10160,9885
9887,My Lobotomy,"Howard Dully, Charles Fleming",eng,ENG,3.7,8068,9886
9888,The Last Boleyn,Karen Harper,eng,ENG,4.04,8514,9887
9889,"Overruled (The Legal Briefs, #1)",Emma Chase,eng,ENG,3.83,16931,9888
9890,The Vision,Dean Koontz,eng,ENG,3.79,10682,9889
9891,Las batallas en el desierto,José Emilio Pacheco,spa,SPA,4.1,8509,9890
9892,"Salvation in Death (In Death, #27)",J.D. Robb,eng,ENG,4.26,14153,9891
9893,Open Road Summer,Emery Lord,eng,ENG,3.91,5017,9892
9894,"Inversions (Culture, #6)",Iain M. Banks,unknown,UNKNOWN,3.9,9068,9893
9895,"Dirty English (English, #1)",Ilsa Madden-Mills,eng,ENG,3.95,16115,9894
9896,Turn of Mind,Alice LaPlante,unknown,UNKNOWN,3.65,10954,9895
9897,"Divine Madness (Cherub, #5)",Robert Muchamore,eng,ENG,4.17,9640,9896
9898,"Spark (Elemental, #2)",Brigid Kemmerer,en-US,EN-US,4.16,13537,9897
9899,"Grit: Passion, Perseverance, and the Science of Success",Angela Duckworth,eng,ENG,4.08,7971,9898
9900,Guts,Chuck Palahniuk,eng,ENG,3.93,10300,9899
9901,"Innocent (Kindle County Legal Thriller, #8)",Scott Turow,eng,ENG,3.9,9827,9900
9902,"Death Without Company (Walt Longmire, #2)",Craig Johnson,eng,ENG,4.23,9114,9901
9903,Horus Rising,Dan Abnett,eng,ENG,4.17,9152,9902
9904,"Hard as It Gets (Hard Ink, #1)",Laura Kaye,eng,ENG,4.01,12205,9903
9905,Timbuktu,Paul Auster,eng,ENG,3.66,8272,9904
9906,"Ouran High School Host Club, Vol. 4 (Ouran High School Host Club, #4)",Bisco Hatori,eng,ENG,4.45,11280,9905
9907,Rescue,Anita Shreve,eng,ENG,3.3,10993,9906
9908,Homo Faber,Max Frisch,eng,ENG,3.75,9401,9907
9909,George,Alex Gino,eng,ENG,4.01,13093,9908
9910,The Discoverers: A History of Man's Search to Know His World and Himself,Daniel J. Boorstin,unknown,UNKNOWN,4.12,9117,9909
9911,"A Knight of the Word (Word & Void, #2)",Terry Brooks,en-US,EN-US,4.04,10745,9910
9912,Henry's Freedom Box: A True Story from the Underground Railroad,"Ellen Levine, Kadir Nelson",eng,ENG,4.46,11204,9911
9913,A Thousand Boy Kisses,Tillie Cole,eng,ENG,4.29,10586,9912
9914,"Eve (Eve Duncan, #12; Eve, Quinn and Bonnie #1)",Iris Johansen,en-US,EN-US,4.08,11020,9913
9915,The Accident,Linwood Barclay,eng,ENG,3.93,9638,9914
9916,"Shopaholic to the Rescue (Shopaholic, #8)",Sophie Kinsella,eng,ENG,3.55,8168,9915
9917,Such a Rush,Jennifer Echols,eng,ENG,3.84,13370,9916
9918,"Trouble in Mudbug (Ghost-in-Law, #1)",Jana Deleon,en-US,EN-US,3.92,6249,9917
9919,Nothing's Fair in Fifth Grade,Barthe DeClements,unknown,UNKNOWN,3.94,10276,9918
9920,"Dream Dark (Caster Chronicles, #2.5)","Kami Garcia, Margaret Stohl",eng,ENG,3.76,12142,9919
9921,A Coney Island of the Mind,Lawrence Ferlinghetti,eng,ENG,4.16,9376,9920
9922,"Sea of Silver Light (Otherland, #4)",Tad Williams,unknown,UNKNOWN,4.11,9758,9921
9923,"The Green Mile, Part 5: Night Journey",Stephen King,eng,ENG,4.51,11442,9922
9924,"Blue Noon (Midnighters, #3)",Scott Westerfeld,eng,ENG,3.85,14053,9923
9925,"City of Masks (Stravaganza, #1)",Mary Hoffman,eng,ENG,3.9,12048,9924
9926,"Hidden (Firelight, #3)",Sophie Jordan,en-US,EN-US,3.89,14760,9925
9927,Thank You for Smoking,Christopher Buckley,unknown,UNKNOWN,3.92,9054,9926
9928,Thirteen Moons,Charles Frazier,en-US,EN-US,3.64,9028,9927
9929,زغازيغ,أحمد خالد توفيق,ara,ARA,3.55,8944,9928
9930,Big Brother,Lionel Shriver,en-US,EN-US,3.4,8795,9929
9931,"Blue Monday (Frieda Klein, #1)",Nicci French,eng,ENG,3.77,8535,9930
9932,Bread and   Wine: A Love Letter to Life Around the Table with Recipes,Shauna Niequist,eng,ENG,4.22,8334,9931
9933,"Parts (Parts, #1)",Tedd Arnold,eng,ENG,4.25,10608,9932
9934,Nourishing Traditions: The Cookbook That Challenges Politically Correct Nutrition and the Diet Dictocrats,Sally Fallon Morell,unknown,UNKNOWN,4.23,9534,9933
9935,"Broken Prey (Lucas Davenport, #16)",John Sandford,eng,ENG,4.15,10827,9934
9936,The Bridge Across Forever: A True Love Story,Richard Bach,unknown,UNKNOWN,3.88,8239,9935
9937,"Promised (Birthmarked, #3)",Caragh M. O'Brien,en-US,EN-US,3.77,11766,9936
9938,"The Serpent of Venice (The Fool, #2)",Christopher Moore,eng,ENG,3.86,8573,9937
9939,Where Good Ideas Come From: The Natural History of Innovation,Steven Johnson,eng,ENG,4.03,7696,9938
9940,"Demon Thief (The Demonata, #2)",Darren Shan,unknown,UNKNOWN,4.14,10535,9939
9941,Novecento. Un monologo,Alessandro Baricco,ita,ITA,4.19,9991,9940
9942,Dangerous Girls,"Abigail Haas, Abby McDonald",eng,ENG,4.14,10439,9941
9943,Sherlock Holmes and the Case of the Hound of the Baskervilles (Illustrated Classic Editions),"Malvina G. Vogel, Arthur Conan Doyle",eng,ENG,4.49,9805,9942
9944,Give and Take: A Revolutionary Approach to Success,Adam M. Grant,eng,ENG,4.06,9918,9943
9945,"Rock Bottom (Tristan & Danika, #2)",R.K. Lilley,eng,ENG,4.46,18490,9944
9946,From Beirut to Jerusalem,Thomas L. Friedman,en-US,EN-US,4.1,8057,9945
9947,"Magonia (Magonia, #1)",Maria Dahvana Headley,eng,ENG,3.6,12510,9946
9948,"Vampire Knight, Vol. 2 (Vampire Knight, #2)","Matsuri Hino, Tomo Kimura",eng,ENG,4.25,13455,9947
9949,The Men Who Stare at Goats,Jon Ronson,en-US,EN-US,3.58,8245,9948
9950,"Ride Steady (Chaos, #3)",Kristen Ashley,eng,ENG,4.45,15388,9949
9951,"The Girl with No Shadow (Chocolat, #2)",Joanne Harris,en-US,EN-US,3.8,8565,9950
9952,Sherlock Holmes of Baker Street: A Life of the World's First Consulting Detective,William S. Baring-Gould,unknown,UNKNOWN,4.4,8642,9951
9953,"Marked in Flesh (The Others, #4)",Anne Bishop,eng,ENG,4.31,11056,9952
9954,Horrorstör,"Grady Hendrix, Michael Rogalski",unknown,UNKNOWN,3.59,10313,9953
9955,"Wild Cards (Wild Cards, #1)",Simone Elkeles,eng,ENG,3.95,13954,9954
9956,"Astonishing X-Men, Volume 2: Dangerous","Joss Whedon, John Cassaday",eng,ENG,4.19,9796,9955
9957,"Inside of a Dog: What Dogs See, Smell, and Know",Alexandra Horowitz,en-GB,EN-GB,3.55,8770,9956
9958,The Pacific,Hugh Ambrose,eng,ENG,4.09,9035,9957
9959,"Proper Gauge (Wool, #2)",Hugh Howey,eng,ENG,4.15,10140,9958
9960,"The Prize Winner of Defiance, Ohio: How My Mother Raised 10 Kids on 25 Words or Less",Terry Ryan,unknown,UNKNOWN,3.9,9380,9959
9961,The Comfort of Strangers,Ian McEwan,eng,ENG,3.44,8843,9960
9962,Cunt: A Declaration of Independence,"Inga Muscio, Betty Dodson",en-GB,EN-GB,3.88,8203,9961
9963,"Krondor: The Betrayal (The Riftwar Legacy, #1)",Raymond E. Feist,en-US,EN-US,3.81,10631,9962
9964,"The Mime Order (The Bone Season, #2)",Samantha Shannon,eng,ENG,4.2,11042,9963
9965,Mister B. Gone,Clive Barker,eng,ENG,3.32,9535,9964
9966,The Ground Beneath Her Feet,Salman Rushdie,eng,ENG,3.77,8673,9965
9967,الحرافيش,"Naguib Mahfouz, نجيب محفوظ",ara,ARA,4.34,8572,9966
9968,The Story of the Trapp Family Singers,Maria Augusta von Trapp,unknown,UNKNOWN,3.94,9027,9967
9969,Gut: The Inside Story of Our Body’s Most Underrated Organ,"Giulia Enders, Jill Enders",eng,ENG,3.99,5973,9968
9970,The Virgin Cure,Ami McKay,unknown,UNKNOWN,3.74,9635,9969
9971,"The Tycoon's Revenge (Baby for the Billionaire, #1)",Melody Anne,eng,ENG,3.87,10989,9970
9972,Bagombo Snuff Box,Kurt Vonnegut Jr.,en-GB,EN-GB,3.72,7407,9971
9973,The Seven Principles for Making Marriage Work: A Practical Guide from the Country's Foremost Relationship Expert,"John M. Gottman, Nan Silver",unknown,UNKNOWN,4.19,8868,9972
9974,"Anastasia Krupnik (Anastasia Krupnik, #1)",Lois Lowry,unknown,UNKNOWN,3.89,11914,9973
9975,"The King Beyond the Gate (The Drenai Saga, #2)",David Gemmell,eng,ENG,4.12,9305,9974
9976,"Sea Glass (Glass, #2)",Maria V. Snyder,en-US,EN-US,4.0,14440,9975
9977,Ladder of Years,Anne Tyler,unknown,UNKNOWN,3.72,11209,9976
9978,The Sailor Who Fell from Grace with the Sea,"Yukio Mishima, John Nathan",en-US,EN-US,3.89,8810,9977
9979,"When the Lion Feeds (Courtney, #1)",Wilbur Smith,eng,ENG,4.16,8440,9978
9980,The Measure of a Lady,Deeanne Gist,en-US,EN-US,3.94,9583,9979
9981,"The Twelfth Card (Lincoln Rhyme, #6)",Jeffery Deaver,eng,ENG,3.98,10188,9980
9982,"Feverborn (Fever, #8)",Karen Marie Moning,eng,ENG,4.18,11570,9981
9983,"Blue exorcist, Tome 2",Kazue Kato,fre,FRE,4.48,8972,9982
9984,The Snow Leopard,Peter Matthiessen,eng,ENG,4.12,8502,9983
9985,"Breaking Point (Tom Clancy's Net Force, #4)","Steve Perry, Tom Clancy, Steve Pieczenik",eng,ENG,3.69,7693,9984
9986,Night Light (Restoration #2),Terri Blackstock,unknown,UNKNOWN,4.35,8471,9985
9987,"Chasing The Night (Eve Duncan, #11; Catherine Ling, #1)",Iris Johansen,en-US,EN-US,4.12,10129,9986
9988,A Theory of Justice,John Rawls,eng,ENG,3.91,8472,9987
9989,"Out of the Dark (The Grey Wolves, #4)",Quinn Loftis,eng,ENG,4.5,11994,9988
9990,The Mambo Kings Play Songs of Love,Oscar Hijuelos,eng,ENG,3.68,9107,9989
9991,The Famished Road,Ben Okri,eng,ENG,3.73,8251,9990
9992,"The Red Knight (The Traitor Son Cycle, #1)",Miles  Cameron,eng,ENG,4.12,8556,9991
9993,The Time Traveller's Guide to Medieval England: A Handbook for Visitors to the Fourteenth Century,Ian Mortimer,eng,ENG,3.99,9824,9992
9994,"The Everafter War (The Sisters Grimm, #7)","Michael Buckley, Peter Ferguson",eng,ENG,4.32,12493,9993
9995,"Billy Budd, Sailor",Herman Melville,eng,ENG,3.09,10866,9994
9996,"Bayou Moon (The Edge, #2)",Ilona Andrews,eng,ENG,4.09,17204,9995
9997,"Means of Ascent (The Years of Lyndon Johnson, #2)",Robert A. Caro,eng,ENG,4.25,12582,9996
9998,The Mauritius Command,Patrick O'Brian,eng,ENG,4.35,9421,9997
9999,Cinderella Ate My Daughter: Dispatches from the Frontlines of the New Girlie-Girl Culture,Peggy Orenstein,eng,ENG,3.65,11279,9998
10000,The First World War,John Keegan,unknown,UNKNOWN,4.0,9162,9999
